<?xml version="1.0" encoding="utf-8"?>
<COLLADA xmlns="http://www.collada.org/2005/11/COLLADASchema" version="1.4.1" xmlns:xsi="http://www.w3.org/2001/XMLSchema-instance">
  <asset>
    <contributor>
      <author>Blender User</author>
      <authoring_tool>Blender 4.5.3 LTS commit date:2025-09-08, commit time:12:46, hash:67807e1800cc</authoring_tool>
    </contributor>
    <created>2025-10-23T17:00:41</created>
    <modified>2025-10-23T17:00:41</modified>
    <unit name="meter" meter="1"/>
    <up_axis>Z_UP</up_axis>
  </asset>
  <library_effects>
    <effect id="mouth-effect">
      <profile_COMMON>
        <technique sid="common">
          <lambert>
            <emission>
              <color sid="emission">0 0 0 1</color>
            </emission>
            <diffuse>
              <color sid="diffuse">0.5 0.5 0.5 1</color>
            </diffuse>
            <index_of_refraction>
              <float sid="ior">1.5</float>
            </index_of_refraction>
          </lambert>
        </technique>
      </profile_COMMON>
    </effect>
    <effect id="black_pupil-effect">
      <profile_COMMON>
        <technique sid="common">
          <lambert>
            <emission>
              <color sid="emission">0 0 0 1</color>
            </emission>
            <diffuse>
              <color sid="diffuse">0 0 0 1</color>
            </diffuse>
            <index_of_refraction>
              <float sid="ior">1.5</float>
            </index_of_refraction>
          </lambert>
        </technique>
      </profile_COMMON>
    </effect>
    <effect id="black_pupil_001-effect">
      <profile_COMMON>
        <technique sid="common">
          <lambert>
            <emission>
              <color sid="emission">0 0 0 1</color>
            </emission>
            <diffuse>
              <color sid="diffuse">0 0 0 1</color>
            </diffuse>
            <index_of_refraction>
              <float sid="ior">1.5</float>
            </index_of_refraction>
          </lambert>
        </technique>
      </profile_COMMON>
    </effect>
    <effect id="magenta_eyes_001-effect">
      <profile_COMMON>
        <technique sid="common">
          <lambert>
            <emission>
              <color sid="emission">0 0 0 1</color>
            </emission>
            <diffuse>
              <color sid="diffuse">1 1 1 1</color>
            </diffuse>
            <index_of_refraction>
              <float sid="ior">1.5</float>
            </index_of_refraction>
          </lambert>
        </technique>
      </profile_COMMON>
    </effect>
    <effect id="magenta_eyes-effect">
      <profile_COMMON>
        <technique sid="common">
          <lambert>
            <emission>
              <color sid="emission">0 0 0 1</color>
            </emission>
            <diffuse>
              <color sid="diffuse">1 1 1 1</color>
            </diffuse>
            <index_of_refraction>
              <float sid="ior">1.5</float>
            </index_of_refraction>
          </lambert>
        </technique>
      </profile_COMMON>
    </effect>
    <effect id="face_tex-effect">
      <profile_COMMON>
        <newparam sid="juliette_eyes_png-surface">
          <surface type="2D">
            <init_from>juliette_eyes_png</init_from>
          </surface>
        </newparam>
        <newparam sid="juliette_eyes_png-sampler">
          <sampler2D>
            <source>juliette_eyes_png-surface</source>
          </sampler2D>
        </newparam>
        <technique sid="common">
          <lambert>
            <emission>
              <color sid="emission">0 0 0 1</color>
            </emission>
            <diffuse>
              <texture texture="juliette_eyes_png-sampler" texcoord="JULIETTE_OEIL_GA_JULI-mesh-map-0"/>
            </diffuse>
            <transparent opaque="A_ONE">
              <color sid="alpha">0 0 0 0</color>
            </transparent>
            <index_of_refraction>
              <float sid="ior">1</float>
            </index_of_refraction>
          </lambert>
        </technique>
      </profile_COMMON>
    </effect>
    <effect id="milky_white-effect">
      <profile_COMMON>
        <technique sid="common">
          <lambert>
            <emission>
              <color sid="emission">0 0 0 1</color>
            </emission>
            <diffuse>
              <color sid="diffuse">1 1 1 1</color>
            </diffuse>
            <index_of_refraction>
              <float sid="ior">1</float>
            </index_of_refraction>
          </lambert>
        </technique>
      </profile_COMMON>
    </effect>
    <effect id="ear_tex-effect">
      <profile_COMMON>
        <technique sid="common">
          <lambert>
            <emission>
              <color sid="emission">0 0 0 1</color>
            </emission>
            <diffuse>
              <color sid="diffuse">0.5 0.5 0.5 1</color>
            </diffuse>
            <index_of_refraction>
              <float sid="ior">1</float>
            </index_of_refraction>
          </lambert>
        </technique>
      </profile_COMMON>
    </effect>
    <effect id="shiny_white-effect">
      <profile_COMMON>
        <technique sid="common">
          <lambert>
            <emission>
              <color sid="emission">0 0 0 1</color>
            </emission>
            <diffuse>
              <color sid="diffuse">1 1 1 1</color>
            </diffuse>
            <index_of_refraction>
              <float sid="ior">1</float>
            </index_of_refraction>
          </lambert>
        </technique>
      </profile_COMMON>
    </effect>
  </library_effects>
  <library_images>
    <image id="juliette_eyes_png" name="juliette_eyes_png">
      <init_from>juliette_eyes.png</init_from>
    </image>
  </library_images>
  <library_materials>
    <material id="mouth-material" name="mouth">
      <instance_effect url="#mouth-effect"/>
    </material>
    <material id="black_pupil-material" name="black_pupil">
      <instance_effect url="#black_pupil-effect"/>
    </material>
    <material id="black_pupil_001-material" name="black_pupil.001">
      <instance_effect url="#black_pupil_001-effect"/>
    </material>
    <material id="magenta_eyes_001-material" name="magenta_eyes.001">
      <instance_effect url="#magenta_eyes_001-effect"/>
    </material>
    <material id="magenta_eyes-material" name="magenta_eyes">
      <instance_effect url="#magenta_eyes-effect"/>
    </material>
    <material id="face_tex-material" name="face_tex">
      <instance_effect url="#face_tex-effect"/>
    </material>
    <material id="milky_white-material" name="milky_white">
      <instance_effect url="#milky_white-effect"/>
    </material>
    <material id="ear_tex-material" name="ear_tex">
      <instance_effect url="#ear_tex-effect"/>
    </material>
    <material id="shiny_white-material" name="shiny_white">
      <instance_effect url="#shiny_white-effect"/>
    </material>
  </library_materials>
  <library_geometries>
    <geometry id="Cilindro-mesh" name="Cilindro">
      <mesh>
        <source id="Cilindro-mesh-positions">
          <float_array id="Cilindro-mesh-positions-array" count="192">0 0.1085922 -0.02028083 0 0.1085922 0.02028083 0.04330414 0.1065056 -0.02028083 0.04330414 0.1065056 0.02028083 0.08494418 0.1003261 -0.02028083 0.08494418 0.1003261 0.02028083 0.1233199 0.09029108 -0.02028083 0.1233199 0.09029108 0.02028083 0.1569564 0.07678627 -0.02028083 0.1569564 0.07678627 0.02028083 0.1845613 0.06033056 -0.02028083 0.1845613 0.06033056 0.02028083 0.2050735 0.04155641 -0.02028083 0.2050735 0.04155641 0.02028083 0.2177048 0.02118527 -0.02028083 0.2177048 0.02118527 0.02028083 0.2219699 0 -0.02028083 0.2219699 0 0.02028083 0.2177048 -0.02118527 -0.02028083 0.2177048 -0.02118527 0.02028083 0.2050735 -0.04155641 -0.02028083 0.2050735 -0.04155641 0.02028083 0.1845613 -0.06033056 -0.02028083 0.1845613 -0.06033056 0.02028083 0.1569564 -0.07678627 -0.02028083 0.1569564 -0.07678627 0.02028083 0.1233199 -0.09029108 -0.02028083 0.1233199 -0.09029108 0.02028083 0.08494418 -0.1003261 -0.02028083 0.08494418 -0.1003261 0.02028083 0.04330414 -0.1065056 -0.02028083 0.04330414 -0.1065056 0.02028083 0 -0.1085922 -0.02028083 0 -0.1085922 0.02028083 -0.04330414 -0.1065056 -0.02028083 -0.04330414 -0.1065056 0.02028083 -0.08494418 -0.1003261 -0.02028083 -0.08494418 -0.1003261 0.02028083 -0.1233199 -0.09029108 -0.02028083 -0.1233199 -0.09029108 0.02028083 -0.1569564 -0.07678627 -0.02028083 -0.1569564 -0.07678627 0.02028083 -0.1845613 -0.06033056 -0.02028083 -0.1845613 -0.06033056 0.02028083 -0.2050735 -0.04155641 -0.02028083 -0.2050735 -0.04155641 0.02028083 -0.2177048 -0.02118527 -0.02028083 -0.2177048 -0.02118527 0.02028083 -0.2219699 0 -0.02028083 -0.2219699 0 0.02028083 -0.2177048 0.02118527 -0.02028083 -0.2177048 0.02118527 0.02028083 -0.2050735 0.04155641 -0.02028083 -0.2050735 0.04155641 0.02028083 -0.1845613 0.06033056 -0.02028083 -0.1845613 0.06033056 0.02028083 -0.1569564 0.07678627 -0.02028083 -0.1569564 0.07678627 0.02028083 -0.1233199 0.09029108 -0.02028083 -0.1233199 0.09029108 0.02028083 -0.08494418 0.1003261 -0.02028083 -0.08494418 0.1003261 0.02028083 -0.04330414 0.1065056 -0.02028083 -0.04330414 0.1065056 0.02028083</float_array>
          <technique_common>
            <accessor source="#Cilindro-mesh-positions-array" count="64" stride="3">
              <param name="X" type="float"/>
              <param name="Y" type="float"/>
              <param name="Z" type="float"/>
            </accessor>
          </technique_common>
        </source>
        <source id="Cilindro-mesh-normals">
          <float_array id="Cilindro-mesh-normals-array" count="372">0.04812818 0.9988412 0 0.1467956 0.9891669 0 0.2529873 0.9674696 0 0.3725846 0.9279983 0 0.512041 0.8589611 0 0.6751631 0.7376685 0 0.8498795 0.5269771 0 0.9803304 0.1973637 0 0.9803304 -0.1973637 0 0.8498795 -0.5269771 0 0.6751631 -0.7376685 0 0.512041 -0.8589611 0 0.3725846 -0.9279983 0 0.2529873 -0.9674696 0 0.1467956 -0.9891669 0 0.04812818 -0.9988412 0 -0.04812818 -0.9988412 0 -0.1467956 -0.9891669 0 -0.2529873 -0.9674696 0 -0.3725846 -0.9279983 0 -0.512041 -0.8589611 0 -0.6751631 -0.7376685 0 -0.8498795 -0.5269771 0 -0.9803304 -0.1973637 0 -0.9803304 0.1973637 0 -0.8498795 0.5269771 0 -0.6751631 0.7376685 0 -0.512041 0.8589611 0 -0.3725846 0.9279983 0 -0.2529873 0.9674696 0 0 0 1 -0.1467956 0.9891669 0 -0.04812818 0.9988412 0 0 0 -1 0.04812818 0.9988412 0 0.1467956 0.9891669 0 0.2529873 0.9674696 0 0.3725846 0.9279983 0 0.512041 0.8589611 0 0.6751631 0.7376685 0 0.8498795 0.5269771 0 0.9803304 0.1973637 0 0.9803304 -0.1973637 0 0.8498795 -0.5269771 0 0.6751631 -0.7376685 0 0.512041 -0.8589611 0 0.3725846 -0.9279983 0 0.2529873 -0.9674696 0 0.1467956 -0.9891669 0 0.04812818 -0.9988412 0 -0.04812818 -0.9988412 0 -0.1467956 -0.9891669 0 -0.2529873 -0.9674696 0 -0.3725846 -0.9279983 0 -0.512041 -0.8589611 0 -0.6751631 -0.7376685 0 -0.8498795 -0.5269771 0 -0.9803304 -0.1973637 0 -0.9803304 0.1973637 0 -0.8498795 0.5269771 0 -0.6751631 0.7376685 0 -0.512041 0.8589611 0 -0.3725846 0.9279983 0 -0.2529873 0.9674696 0 0 0 1 0 0 1 0 0 1 0 0 1 0 0 1 0 0 1 0 0 1 0 0 1 0 0 1 0 0 1 0 0 1 0 0 1 0 0 1 0 0 1 0 0 1 0 0 1 0 0 1 0 0 1 0 0 1 0 0 1 0 0 1 0 0 1 0 0 1 0 0 1 0 0 1 0 0 1 0 0 1 0 0 1 0 0 1 -0.1467956 0.9891669 0 -0.04812818 0.9988412 0 0 0 -1 0 0 -1 0 0 -1 0 0 -1 0 0 -1 0 0 -1 0 0 -1 0 0 -1 0 0 -1 0 0 -1 0 0 -1 0 0 -1 0 0 -1 0 0 -1 0 0 -1 0 0 -1 0 0 -1 0 0 -1 0 0 -1 0 0 -1 0 0 -1 0 0 -1 0 0 -1 0 0 -1 0 0 -1 0 0 -1 0 0 -1 0 0 -1 0 0 -1</float_array>
          <technique_common>
            <accessor source="#Cilindro-mesh-normals-array" count="124" stride="3">
              <param name="X" type="float"/>
              <param name="Y" type="float"/>
              <param name="Z" type="float"/>
            </accessor>
          </technique_common>
        </source>
        <source id="Cilindro-mesh-map">
          <float_array id="Cilindro-mesh-map-array" count="744">1 1 0.96875 0.5 1 0.5 0.96875 1 0.9375 0.5 0.96875 0.5 0.9375 1 0.90625 0.5 0.9375 0.5 0.90625 1 0.875 0.5 0.90625 0.5 0.875 1 0.84375 0.5 0.875 0.5 0.84375 1 0.8125 0.5 0.84375 0.5 0.8125 1 0.78125 0.5 0.8125 0.5 0.78125 1 0.75 0.5 0.78125 0.5 0.75 1 0.71875 0.5 0.75 0.5 0.71875 1 0.6875 0.5 0.71875 0.5 0.6875 1 0.65625 0.5 0.6875 0.5 0.65625 1 0.625 0.5 0.65625 0.5 0.625 1 0.59375 0.5 0.625 0.5 0.59375 1 0.5625 0.5 0.59375 0.5 0.5625 1 0.53125 0.5 0.5625 0.5 0.53125 1 0.5 0.5 0.53125 0.5 0.5 1 0.46875 0.5 0.5 0.5 0.46875 1 0.4375 0.5 0.46875 0.5 0.4375 1 0.40625 0.5 0.4375 0.5 0.40625 1 0.375 0.5 0.40625 0.5 0.375 1 0.34375 0.5 0.375 0.5 0.34375 1 0.3125 0.5 0.34375 0.5 0.3125 1 0.28125 0.5 0.3125 0.5 0.28125 1 0.25 0.5 0.28125 0.5 0.25 1 0.21875 0.5 0.25 0.5 0.21875 1 0.1875 0.5 0.21875 0.5 0.1875 1 0.15625 0.5 0.1875 0.5 0.15625 1 0.125 0.5 0.15625 0.5 0.125 1 0.09375 0.5 0.125 0.5 0.09375 1 0.0625 0.5 0.09375 0.5 0.4197056 0.4197056 0.3833369 0.4495527 0.4197056 0.08029437 0.0625 1 0.03125 0.5 0.0625 0.5 0.03125 1 0 0.5 0.03125 0.5 0.6166632 0.4495527 0.658156 0.4717311 0.6166632 0.05044728 1 1 0.96875 1 0.96875 0.5 0.96875 1 0.9375 1 0.9375 0.5 0.9375 1 0.90625 1 0.90625 0.5 0.90625 1 0.875 1 0.875 0.5 0.875 1 0.84375 1 0.84375 0.5 0.84375 1 0.8125 1 0.8125 0.5 0.8125 1 0.78125 1 0.78125 0.5 0.78125 1 0.75 1 0.75 0.5 0.75 1 0.71875 1 0.71875 0.5 0.71875 1 0.6875 1 0.6875 0.5 0.6875 1 0.65625 1 0.65625 0.5 0.65625 1 0.625 1 0.625 0.5 0.625 1 0.59375 1 0.59375 0.5 0.59375 1 0.5625 1 0.5625 0.5 0.5625 1 0.53125 1 0.53125 0.5 0.53125 1 0.5 1 0.5 0.5 0.5 1 0.46875 1 0.46875 0.5 0.46875 1 0.4375 1 0.4375 0.5 0.4375 1 0.40625 1 0.40625 0.5 0.40625 1 0.375 1 0.375 0.5 0.375 1 0.34375 1 0.34375 0.5 0.34375 1 0.3125 1 0.3125 0.5 0.3125 1 0.28125 1 0.28125 0.5 0.28125 1 0.25 1 0.25 0.5 0.25 1 0.21875 1 0.21875 0.5 0.21875 1 0.1875 1 0.1875 0.5 0.1875 1 0.15625 1 0.15625 0.5 0.15625 1 0.125 1 0.125 0.5 0.125 1 0.09375 1 0.09375 0.5 0.09375 1 0.0625 1 0.0625 0.5 0.341844 0.4717311 0.2968217 0.4853885 0.2968217 0.01461154 0.2968217 0.4853885 0.25 0.49 0.25 0.00999999 0.25 0.49 0.2031783 0.4853885 0.2031783 0.01461154 0.2031783 0.4853885 0.1581559 0.4717311 0.1581559 0.02826887 0.1581559 0.4717311 0.1166631 0.4495527 0.1581559 0.02826887 0.1166631 0.4495527 0.08029437 0.4197056 0.1166631 0.05044728 0.1581559 0.02826887 0.1166631 0.4495527 0.1166631 0.05044728 0.08029437 0.4197056 0.05044728 0.3833369 0.08029437 0.08029437 0.05044728 0.3833369 0.02826887 0.341844 0.05044728 0.1166631 0.08029437 0.08029437 0.05044728 0.3833369 0.05044728 0.1166631 0.02826887 0.341844 0.01461154 0.2968217 0.01461154 0.2031783 0.01461154 0.2968217 0.00999999 0.25 0.01461154 0.2031783 0.01461154 0.2031783 0.02826887 0.1581559 0.02826887 0.341844 0.02826887 0.1581559 0.05044728 0.1166631 0.02826887 0.341844 0.08029437 0.08029437 0.1166631 0.05044728 0.08029437 0.4197056 0.1581559 0.02826887 0.2031783 0.01461154 0.2031783 0.4853885 0.2031783 0.01461154 0.25 0.00999999 0.25 0.49 0.25 0.00999999 0.2968217 0.01461154 0.2968217 0.4853885 0.2968217 0.01461154 0.341844 0.02826887 0.341844 0.4717311 0.341844 0.02826887 0.3833369 0.05044728 0.341844 0.4717311 0.3833369 0.05044728 0.4197056 0.08029437 0.3833369 0.4495527 0.341844 0.4717311 0.3833369 0.05044728 0.3833369 0.4495527 0.4197056 0.08029437 0.4495527 0.1166631 0.4197056 0.4197056 0.4495527 0.1166631 0.4717311 0.1581559 0.4495527 0.3833369 0.4197056 0.4197056 0.4495527 0.1166631 0.4495527 0.3833369 0.4717311 0.1581559 0.4853885 0.2031783 0.4853885 0.2968217 0.4853885 0.2031783 0.49 0.25 0.4853885 0.2968217 0.4853885 0.2968217 0.4717311 0.341844 0.4717311 0.1581559 0.4717311 0.341844 0.4495527 0.3833369 0.4717311 0.1581559 0.0625 1 0.03125 1 0.03125 0.5 0.03125 1 0 1 0 0.5 0.7031784 0.4853885 0.75 0.49 0.75 0.00999999 0.75 0.49 0.7968217 0.4853885 0.7968217 0.01461154 0.7968217 0.4853885 0.841844 0.4717311 0.7968217 0.01461154 0.841844 0.4717311 0.8833369 0.4495527 0.841844 0.02826887 0.7968217 0.01461154 0.841844 0.4717311 0.841844 0.02826887 0.8833369 0.4495527 0.9197056 0.4197056 0.9197056 0.08029437 0.9197056 0.4197056 0.9495527 0.3833369 0.9495527 0.1166631 0.9495527 0.3833369 0.9717311 0.341844 0.9495527 0.1166631 0.9717311 0.341844 0.9853885 0.2968217 0.9717311 0.1581559 0.9495527 0.1166631 0.9717311 0.341844 0.9717311 0.1581559 0.9853885 0.2968217 0.99 0.25 0.9853885 0.2031783 0.9853885 0.2031783 0.9717311 0.1581559 0.9853885 0.2968217 0.9495527 0.1166631 0.9197056 0.08029437 0.9197056 0.4197056 0.9197056 0.08029437 0.8833369 0.05044728 0.8833369 0.4495527 0.8833369 0.05044728 0.841844 0.02826887 0.8833369 0.4495527 0.7968217 0.01461154 0.75 0.00999999 0.75 0.49 0.75 0.00999999 0.7031784 0.01461154 0.7031784 0.4853885 0.7031784 0.01461154 0.658156 0.02826887 0.7031784 0.4853885 0.658156 0.02826887 0.6166632 0.05044728 0.658156 0.4717311 0.7031784 0.4853885 0.658156 0.02826887 0.658156 0.4717311 0.6166632 0.05044728 0.5802944 0.08029437 0.5802944 0.4197056 0.5802944 0.08029437 0.5504474 0.1166631 0.5504474 0.3833369 0.5504474 0.1166631 0.5282689 0.1581559 0.5504474 0.3833369 0.5282689 0.1581559 0.5146116 0.2031783 0.5282689 0.341844 0.5504474 0.3833369 0.5282689 0.1581559 0.5282689 0.341844 0.5146116 0.2031783 0.51 0.25 0.5146116 0.2968217 0.5146116 0.2968217 0.5282689 0.341844 0.5146116 0.2031783 0.5504474 0.3833369 0.5802944 0.4197056 0.5802944 0.08029437 0.5802944 0.4197056 0.6166632 0.4495527 0.6166632 0.05044728</float_array>
          <technique_common>
            <accessor source="#Cilindro-mesh-map-array" count="372" stride="2">
              <param name="S" type="float"/>
              <param name="T" type="float"/>
            </accessor>
          </technique_common>
        </source>
        <vertices id="Cilindro-mesh-vertices">
          <input semantic="POSITION" source="#Cilindro-mesh-positions"/>
        </vertices>
        <triangles material="mouth-material" count="124">
          <input semantic="VERTEX" source="#Cilindro-mesh-vertices" offset="0"/>
          <input semantic="NORMAL" source="#Cilindro-mesh-normals" offset="1"/>
          <input semantic="TEXCOORD" source="#Cilindro-mesh-map" offset="2" set="0"/>
          <p>1 0 0 2 0 1 0 0 2 3 1 3 4 1 4 2 1 5 5 2 6 6 2 7 4 2 8 7 3 9 8 3 10 6 3 11 9 4 12 10 4 13 8 4 14 11 5 15 12 5 16 10 5 17 13 6 18 14 6 19 12 6 20 15 7 21 16 7 22 14 7 23 17 8 24 18 8 25 16 8 26 19 9 27 20 9 28 18 9 29 21 10 30 22 10 31 20 10 32 23 11 33 24 11 34 22 11 35 25 12 36 26 12 37 24 12 38 27 13 39 28 13 40 26 13 41 29 14 42 30 14 43 28 14 44 31 15 45 32 15 46 30 15 47 33 16 48 34 16 49 32 16 50 35 17 51 36 17 52 34 17 53 37 18 54 38 18 55 36 18 56 39 19 57 40 19 58 38 19 59 41 20 60 42 20 61 40 20 62 43 21 63 44 21 64 42 21 65 45 22 66 46 22 67 44 22 68 47 23 69 48 23 70 46 23 71 49 24 72 50 24 73 48 24 74 51 25 75 52 25 76 50 25 77 53 26 78 54 26 79 52 26 80 55 27 81 56 27 82 54 27 83 57 28 84 58 28 85 56 28 86 59 29 87 60 29 88 58 29 89 9 30 90 7 30 91 25 30 92 61 31 93 62 31 94 60 31 95 63 32 96 0 32 97 62 32 98 58 33 99 60 33 100 38 33 101 1 34 102 3 34 103 2 34 104 3 35 105 5 35 106 4 35 107 5 36 108 7 36 109 6 36 110 7 37 111 9 37 112 8 37 113 9 38 114 11 38 115 10 38 116 11 39 117 13 39 118 12 39 119 13 40 120 15 40 121 14 40 122 15 41 123 17 41 124 16 41 125 17 42 126 19 42 127 18 42 128 19 43 129 21 43 130 20 43 131 21 44 132 23 44 133 22 44 134 23 45 135 25 45 136 24 45 137 25 46 138 27 46 139 26 46 140 27 47 141 29 47 142 28 47 143 29 48 144 31 48 145 30 48 146 31 49 147 33 49 148 32 49 149 33 50 150 35 50 151 34 50 152 35 51 153 37 51 154 36 51 155 37 52 156 39 52 157 38 52 158 39 53 159 41 53 160 40 53 161 41 54 162 43 54 163 42 54 164 43 55 165 45 55 166 44 55 167 45 56 168 47 56 169 46 56 170 47 57 171 49 57 172 48 57 173 49 58 174 51 58 175 50 58 176 51 59 177 53 59 178 52 59 179 53 60 180 55 60 181 54 60 182 55 61 183 57 61 184 56 61 185 57 62 186 59 62 187 58 62 188 59 63 189 61 63 190 60 63 191 5 64 192 3 64 193 31 64 194 3 65 195 1 65 196 33 65 197 1 66 198 63 66 199 35 66 200 63 67 201 61 67 202 37 67 203 61 68 204 59 68 205 37 68 206 59 69 207 57 69 208 39 69 209 37 70 210 59 70 211 39 70 212 57 71 213 55 71 214 41 71 215 55 72 216 53 72 217 43 72 218 41 73 219 55 73 220 43 73 221 53 74 222 51 74 223 47 74 224 51 75 225 49 75 226 47 75 227 47 76 228 45 76 229 53 76 230 45 77 231 43 77 232 53 77 233 41 78 234 39 78 235 57 78 236 37 79 237 35 79 238 63 79 239 35 80 240 33 80 241 1 80 242 33 81 243 31 81 244 3 81 245 31 82 246 29 82 247 5 82 248 29 83 249 27 83 250 5 83 251 27 84 252 25 84 253 7 84 254 5 85 255 27 85 256 7 85 257 25 86 258 23 86 259 9 86 260 23 87 261 21 87 262 11 87 263 9 88 264 23 88 265 11 88 266 21 89 267 19 89 268 15 89 269 19 90 270 17 90 271 15 90 272 15 91 273 13 91 274 21 91 275 13 92 276 11 92 277 21 92 278 61 93 279 63 93 280 62 93 281 63 94 282 1 94 283 0 94 284 62 95 285 0 95 286 32 95 287 0 96 288 2 96 289 30 96 290 2 97 291 4 97 292 30 97 293 4 98 294 6 98 295 28 98 296 30 99 297 4 99 298 28 99 299 6 100 300 8 100 301 24 100 302 8 101 303 10 101 304 22 101 305 10 102 306 12 102 307 22 102 308 12 103 309 14 103 310 20 103 311 22 104 312 12 104 313 20 104 314 14 105 315 16 105 316 18 105 317 18 106 318 20 106 319 14 106 320 22 107 321 24 107 322 8 107 323 24 108 324 26 108 325 6 108 326 26 109 327 28 109 328 6 109 329 30 110 330 32 110 331 0 110 332 32 111 333 34 111 334 62 111 335 34 112 336 36 112 337 62 112 338 36 113 339 38 113 340 60 113 341 62 114 342 36 114 343 60 114 344 38 115 345 40 115 346 56 115 347 40 116 348 42 116 349 54 116 350 42 117 351 44 117 352 54 117 353 44 118 354 46 118 355 52 118 356 54 119 357 44 119 358 52 119 359 46 120 360 48 120 361 50 120 362 50 121 363 52 121 364 46 121 365 54 122 366 56 122 367 40 122 368 56 123 369 58 123 370 38 123 371</p>
        </triangles>
      </mesh>
    </geometry>
    <geometry id="Sfera_005-mesh" name="Sfera.005">
      <mesh>
        <source id="Sfera_005-mesh-positions">
          <float_array id="Sfera_005-mesh-positions-array" count="1446">0 0.09743183 0.145817 0 0.145817 0.09743183 0 0.1720029 0.03421348 0 0.1753726 0 0 0.1720029 -0.03421348 0 0.145817 -0.09743183 0.006674706 0.0335561 0.1720029 0.01309293 0.06582266 0.1620232 0.01900798 0.09555971 0.145817 0.02419257 0.1216244 0.1240072 0.02844744 0.1430152 0.09743183 0.03160911 0.1589099 0.0671122 0.0335561 0.1686979 0.03421348 0.03421348 0.1720029 0 0.0335561 0.1686979 -0.03421348 0.03160911 0.1589099 -0.0671122 0.02844744 0.1430152 -0.09743183 0.02419257 0.1216244 -0.1240072 0.01900798 0.09555971 -0.145817 0.01309293 0.06582266 -0.1620232 0.006674706 0.0335561 -0.1720029 0.01309293 0.03160911 0.1720029 0.02568268 0.06200355 0.1620232 0.0372855 0.09001523 0.145817 0.04745548 0.1145677 0.1240072 0.05580174 0.1347174 0.09743183 0.06200355 0.1496899 0.0671122 0.06582266 0.1589099 0.03421348 0.0671122 0.1620232 0 0.06582266 0.1589099 -0.03421348 0.06200355 0.1496899 -0.0671122 0.05580174 0.1347174 -0.09743183 0.04745548 0.1145677 -0.1240072 0.0372855 0.09001523 -0.145817 0.02568268 0.06200355 -0.1620232 0.01309293 0.03160911 -0.1720029 0.01900798 0.02844744 0.1720029 0.0372855 0.05580174 0.1620232 0.05413019 0.08101159 0.145817 0.06889468 0.1031082 0.1240072 0.08101159 0.1212424 0.09743183 0.09001523 0.1347174 0.0671122 0.09555971 0.1430152 0.03421348 0.09743183 0.145817 0 0.09555971 0.1430152 -0.03421348 0.09001523 0.1347174 -0.0671122 0.08101159 0.1212424 -0.09743183 0.06889468 0.1031082 -0.1240072 0.05413019 0.08101159 -0.145817 0.0372855 0.05580174 -0.1620232 0.01900798 0.02844744 -0.1720029 0.02419257 0.02419257 0.1720029 0.04745548 0.04745548 0.1620232 0.06889468 0.06889468 0.145817 0.0876863 0.0876863 0.1240072 0.1031082 0.1031082 0.09743183 0.1145676 0.1145677 0.0671122 0.1216244 0.1216244 0.03421348 0.1240072 0.1240071 0 0.1216244 0.1216244 -0.03421348 0.1145676 0.1145677 -0.0671122 0.1031082 0.1031082 -0.09743183 0.0876863 0.0876863 -0.1240072 0.06889468 0.06889468 -0.145817 0.04745548 0.04745548 -0.1620232 0.02419257 0.02419257 -0.1720029 0.02844744 0.01900798 0.1720029 0.05580174 0.0372855 0.1620232 0.08101159 0.05413019 0.145817 0.1031082 0.06889468 0.1240072 0.1212424 0.08101159 0.09743183 0.1347174 0.09001523 0.0671122 0.1430152 0.09555965 0.03421348 0.145817 0.09743177 0 0.1430152 0.09555965 -0.03421348 0.1347174 0.09001523 -0.0671122 0.1212424 0.08101159 -0.09743183 0.1031082 0.06889468 -0.1240072 0.08101159 0.05413019 -0.145817 0.05580174 0.0372855 -0.1620232 0.02844744 0.01900798 -0.1720029 0 0 0.1753726 0.03160911 0.01309293 0.1720029 0.06200355 0.02568268 0.1620232 0.09001523 0.0372855 0.145817 0.1145677 0.04745548 0.1240072 0.1347174 0.05580168 0.09743183 0.1496899 0.06200355 0.0671122 0.1589099 0.0658226 0.03421348 0.1620231 0.06711214 0 0.1589099 0.0658226 -0.03421348 0.1496899 0.06200355 -0.0671122 0.1347174 0.05580168 -0.09743183 0.1145677 0.04745548 -0.1240072 0.09001523 0.0372855 -0.145817 0.06200355 0.02568268 -0.1620232 0.03160911 0.01309293 -0.1720029 0.03355604 0.006674706 0.1720029 0.06582266 0.01309293 0.1620232 0.09555965 0.01900798 0.145817 0.1216244 0.02419257 0.1240072 0.1430152 0.02844744 0.09743183 0.1589099 0.03160911 0.0671122 0.1686979 0.03355604 0.03421348 0.1720029 0.03421342 0 0.1686979 0.03355604 -0.03421348 0.1589099 0.03160911 -0.0671122 0.1430152 0.02844744 -0.09743183 0.1216244 0.02419257 -0.1240072 0.09555965 0.01900798 -0.145817 0.06582266 0.01309293 -0.1620232 0.03355604 0.006674706 -0.1720029 0.03421348 0 0.1720029 0.0671122 0 0.1620232 0.09743177 0 0.145817 0.1240072 0 0.1240072 0.145817 0 0.09743183 0.1620232 0 0.0671122 0.1720029 0 0.03421348 0.1753726 0 0 0.1720029 0 -0.03421348 0.1620232 0 -0.0671122 0.145817 0 -0.09743183 0.1240072 0 -0.1240072 0.09743177 0 -0.145817 0.0671122 0 -0.1620232 0.03421348 0 -0.1720029 0.03355604 -0.006674706 0.1720029 0.06582266 -0.01309293 0.1620232 0.09555965 -0.01900798 0.145817 0.1216244 -0.02419257 0.1240072 0.1430152 -0.0284475 0.09743183 0.1589099 -0.03160911 0.0671122 0.1686979 -0.0335561 0.03421348 0.1720028 -0.03421348 0 0.1686979 -0.0335561 -0.03421348 0.1589099 -0.03160911 -0.0671122 0.1430152 -0.0284475 -0.09743183 0.1216244 -0.02419257 -0.1240072 0.09555965 -0.01900798 -0.145817 0.06582266 -0.01309293 -0.1620232 0.03355604 -0.006674706 -0.1720029 0.03160911 -0.01309293 0.1720029 0.06200355 -0.02568268 0.1620232 0.09001523 -0.0372855 0.145817 0.1145676 -0.04745548 0.1240072 0.1347173 -0.05580174 0.09743183 0.1496899 -0.06200355 0.0671122 0.1589099 -0.06582266 0.03421348 0.1620231 -0.0671122 0 0.1589099 -0.06582266 -0.03421348 0.1496899 -0.06200355 -0.0671122 0.1347173 -0.05580174 -0.09743183 0.1145676 -0.04745548 -0.1240072 0.09001523 -0.0372855 -0.145817 0.06200355 -0.02568268 -0.1620232 0.03160911 -0.01309293 -0.1720029 0.02844744 -0.01900798 0.1720029 0.05580174 -0.0372855 0.1620232 0.08101153 -0.05413019 0.145817 0.1031082 -0.06889468 0.1240072 0.1212424 -0.08101159 0.09743183 0.1347174 -0.09001523 0.0671122 0.1430152 -0.09555965 0.03421348 0.1458169 -0.09743177 0 0.1430152 -0.09555965 -0.03421348 0.1347174 -0.09001523 -0.0671122 0.1212424 -0.08101159 -0.09743183 0.1031082 -0.06889468 -0.1240072 0.08101153 -0.05413019 -0.145817 0.05580174 -0.0372855 -0.1620232 0.02844744 -0.01900798 -0.1720029 0.02419257 -0.02419257 0.1720029 0.04745548 -0.04745548 0.1620232 0.06889462 -0.06889468 0.145817 0.0876863 -0.0876863 0.1240072 0.1031081 -0.1031082 0.09743183 0.1145676 -0.1145676 0.0671122 0.1216244 -0.1216244 0.03421348 0.1240071 -0.1240072 0 0.1216244 -0.1216244 -0.03421348 0.1145676 -0.1145676 -0.0671122 0.1031081 -0.1031082 -0.09743183 0.0876863 -0.0876863 -0.1240072 0.06889462 -0.06889468 -0.145817 0.04745548 -0.04745548 -0.1620232 0.02419257 -0.02419257 -0.1720029 0.01900798 -0.02844744 0.1720029 0.0372855 -0.05580174 0.1620232 0.05413013 -0.08101159 0.145817 0.06889468 -0.1031082 0.1240072 0.08101153 -0.1212424 0.09743183 0.09001523 -0.1347173 0.0671122 0.09555965 -0.1430152 0.03421348 0.09743171 -0.145817 0 0.09555965 -0.1430152 -0.03421348 0.09001523 -0.1347173 -0.0671122 0.08101153 -0.1212424 -0.09743183 0.06889468 -0.1031082 -0.1240072 0.05413013 -0.08101159 -0.145817 0.0372855 -0.05580174 -0.1620232 0.01900798 -0.02844744 -0.1720029 0.01309293 -0.03160911 0.1720029 0.02568268 -0.06200355 0.1620232 0.0372855 -0.09001523 0.145817 0.04745548 -0.1145676 0.1240072 0.05580168 -0.1347173 0.09743183 0.06200355 -0.1496899 0.0671122 0.0658226 -0.1589099 0.03421348 0.06711208 -0.1620231 0 0.0658226 -0.1589099 -0.03421348 0.06200355 -0.1496899 -0.0671122 0.05580168 -0.1347173 -0.09743183 0.04745548 -0.1145676 -0.1240072 0.0372855 -0.09001523 -0.145817 0.02568268 -0.06200355 -0.1620232 0.01309293 -0.03160911 -0.1720029 0.006674706 -0.03355604 0.1720029 0.01309293 -0.06582266 0.1620232 0.01900798 -0.09555965 0.145817 0.02419257 -0.1216244 0.1240072 0.02844744 -0.1430151 0.09743183 0.03160911 -0.1589099 0.0671122 0.03355604 -0.1686978 0.03421348 0.03421342 -0.1720028 0 0.03355604 -0.1686978 -0.03421348 0.03160911 -0.1589099 -0.0671122 0.02844744 -0.1430151 -0.09743183 0.02419257 -0.1216244 -0.1240072 0.01900798 -0.09555965 -0.145817 0.01309293 -0.06582266 -0.1620232 0.006674706 -0.03355604 -0.1720029 0 -0.03421348 0.1720029 0 -0.06711214 0.1620232 0 -0.09743177 0.145817 0 -0.1240072 0.1240072 0 -0.1458169 0.09743183 0 -0.1620231 0.0671122 0 -0.1720029 0.03421348 0 -0.1753725 0 0 -0.1720029 -0.03421348 0 -0.1620231 -0.0671122 0 -0.1458169 -0.09743183 0 -0.1240072 -0.1240072 0 -0.09743177 -0.145817 0 -0.06711214 -0.1620232 0 -0.03421348 -0.1720029 -0.006674706 -0.03355604 0.1720029 -0.01309293 -0.06582266 0.1620232 -0.01900798 -0.09555965 0.145817 -0.02419257 -0.1216244 0.1240072 -0.02844744 -0.1430151 0.09743183 -0.03160911 -0.1589099 0.0671122 -0.0335561 -0.1686978 0.03421348 -0.03421354 -0.1720027 0 -0.0335561 -0.1686978 -0.03421348 -0.03160911 -0.1589099 -0.0671122 -0.02844744 -0.1430151 -0.09743183 -0.02419257 -0.1216244 -0.1240072 -0.01900798 -0.09555965 -0.145817 -0.01309293 -0.06582266 -0.1620232 -0.006674706 -0.03355604 -0.1720029 -0.01309293 -0.03160911 0.1720029 -0.02568268 -0.06200355 0.1620232 -0.0372855 -0.09001517 0.145817 -0.04745548 -0.1145676 0.1240072 -0.05580174 -0.1347173 0.09743183 -0.06200355 -0.1496899 0.0671122 -0.06582266 -0.1589099 0.03421348 -0.0671122 -0.162023 0 -0.06582266 -0.1589099 -0.03421348 -0.06200355 -0.1496899 -0.0671122 -0.05580174 -0.1347173 -0.09743183 -0.04745548 -0.1145676 -0.1240072 -0.0372855 -0.09001517 -0.145817 -0.02568268 -0.06200355 -0.1620232 -0.01309293 -0.03160911 -0.1720029 -0.01900798 -0.02844744 0.1720029 -0.0372855 -0.05580174 0.1620232 -0.05413019 -0.08101153 0.145817 -0.06889468 -0.1031082 0.1240072 -0.08101159 -0.1212424 0.09743183 -0.09001523 -0.1347173 0.0671122 -0.09555965 -0.1430151 0.03421348 -0.09743177 -0.1458169 0 -0.09555965 -0.1430151 -0.03421348 -0.09001523 -0.1347173 -0.0671122 -0.08101159 -0.1212424 -0.09743183 -0.06889468 -0.1031082 -0.1240072 -0.05413019 -0.08101153 -0.145817 -0.0372855 -0.05580174 -0.1620232 -0.01900798 -0.02844744 -0.1720029 -0.02419257 -0.02419257 0.1720029 -0.04745548 -0.04745543 0.1620232 -0.06889468 -0.06889462 0.145817 -0.0876863 -0.0876863 0.1240072 -0.1031082 -0.1031081 0.09743183 -0.1145676 -0.1145676 0.0671122 -0.1216244 -0.1216244 0.03421348 -0.1240071 -0.124007 0 -0.1216244 -0.1216244 -0.03421348 -0.1145676 -0.1145676 -0.0671122 -0.1031082 -0.1031081 -0.09743183 -0.0876863 -0.0876863 -0.1240072 -0.06889468 -0.06889462 -0.145817 -0.04745548 -0.04745543 -0.1620232 -0.02419257 -0.02419257 -0.1720029 0 0 -0.1753726 -0.02844744 -0.01900798 0.1720029 -0.05580174 -0.0372855 0.1620232 -0.08101153 -0.05413013 0.145817 -0.1031082 -0.06889468 0.1240072 -0.1212424 -0.08101153 0.09743183 -0.1347173 -0.09001523 0.0671122 -0.1430152 -0.09555959 0.03421348 -0.1458169 -0.09743165 0 -0.1430152 -0.09555959 -0.03421348 -0.1347173 -0.09001523 -0.0671122 -0.1212424 -0.08101153 -0.09743183 -0.1031082 -0.06889468 -0.1240072 -0.08101153 -0.05413013 -0.145817 -0.05580174 -0.0372855 -0.1620232 -0.02844744 -0.01900798 -0.1720029 -0.03160911 -0.01309287 0.1720029 -0.06200355 -0.02568268 0.1620232 -0.09001517 -0.03728544 0.145817 -0.1145676 -0.04745548 0.1240072 -0.1347173 -0.05580168 0.09743183 -0.1496899 -0.06200355 0.0671122 -0.1589099 -0.0658226 0.03421348 -0.1620231 -0.06711208 0 -0.1589099 -0.0658226 -0.03421348 -0.1496899 -0.06200355 -0.0671122 -0.1347173 -0.05580168 -0.09743183 -0.1145676 -0.04745548 -0.1240072 -0.09001517 -0.03728544 -0.145817 -0.06200355 -0.02568268 -0.1620232 -0.03160911 -0.01309287 -0.1720029 -0.03355604 -0.006674706 0.1720029 -0.0658226 -0.01309287 0.1620232 -0.09555959 -0.01900792 0.145817 -0.1216244 -0.02419257 0.1240072 -0.1430151 -0.02844744 0.09743183 -0.1589099 -0.03160911 0.0671122 -0.1686978 -0.03355604 0.03421348 -0.1720027 -0.03421336 0 -0.1686978 -0.03355604 -0.03421348 -0.1589099 -0.03160911 -0.0671122 -0.1430151 -0.02844744 -0.09743183 -0.1216244 -0.02419257 -0.1240072 -0.09555959 -0.01900792 -0.145817 -0.0658226 -0.01309287 -0.1620232 -0.03355604 -0.006674706 -0.1720029 -0.03421342 0 0.1720029 -0.06711214 0 0.1620232 -0.09743171 0 0.145817 -0.1240071 0 0.1240072 -0.1458169 0 0.09743183 -0.1620231 0 0.0671122 -0.1720028 0 0.03421348 -0.1753725 0 0 -0.1720028 0 -0.03421348 -0.1620231 0 -0.0671122 -0.1458169 0 -0.09743183 -0.1240071 0 -0.1240072 -0.09743171 0 -0.145817 -0.06711214 0 -0.1620232 -0.03421342 0 -0.1720029 -0.03355604 0.006674706 0.1720029 -0.0658226 0.01309293 0.1620232 -0.09555959 0.01900798 0.145817 -0.1216244 0.02419257 0.1240072 -0.1430151 0.0284475 0.09743183 -0.1589099 0.03160911 0.0671122 -0.1686978 0.0335561 0.03421348 -0.1720027 0.03421354 0 -0.1686978 0.0335561 -0.03421348 -0.1589099 0.03160911 -0.0671122 -0.1430151 0.0284475 -0.09743183 -0.1216244 0.02419257 -0.1240072 -0.09555959 0.01900798 -0.145817 -0.0658226 0.01309293 -0.1620232 -0.03355604 0.006674706 -0.1720029 -0.03160911 0.01309293 0.1720029 -0.06200355 0.02568268 0.1620232 -0.09001517 0.0372855 0.145817 -0.1145676 0.04745548 0.1240072 -0.1347172 0.05580174 0.09743183 -0.1496898 0.06200355 0.0671122 -0.1589099 0.06582266 0.03421348 -0.162023 0.0671122 0 -0.1589099 0.06582266 -0.03421348 -0.1496898 0.06200355 -0.0671122 -0.1347172 0.05580174 -0.09743183 -0.1145676 0.04745548 -0.1240072 -0.09001517 0.0372855 -0.145817 -0.06200355 0.02568268 -0.1620232 -0.03160911 0.01309293 -0.1720029 -0.02844744 0.01900798 0.1720029 -0.05580168 0.0372855 0.1620232 -0.08101147 0.05413019 0.145817 -0.1031082 0.06889468 0.1240072 -0.1212423 0.08101159 0.09743183 -0.1347173 0.09001523 0.0671122 -0.1430151 0.09555965 0.03421348 -0.1458168 0.09743177 0 -0.1430151 0.09555965 -0.03421348 -0.1347173 0.09001523 -0.0671122 -0.1212423 0.08101159 -0.09743183 -0.1031082 0.06889468 -0.1240072 -0.08101147 0.05413019 -0.145817 -0.05580168 0.0372855 -0.1620232 -0.02844744 0.01900798 -0.1720029 -0.02419257 0.02419257 0.1720029 -0.04745543 0.04745543 0.1620232 -0.06889456 0.06889462 0.145817 -0.0876863 0.0876863 0.1240072 -0.1031081 0.1031081 0.09743183 -0.1145676 0.1145676 0.0671122 -0.1216243 0.1216244 0.03421348 -0.124007 0.1240071 0 -0.1216243 0.1216244 -0.03421348 -0.1145676 0.1145676 -0.0671122 -0.1031081 0.1031081 -0.09743183 -0.0876863 0.0876863 -0.1240072 -0.06889456 0.06889462 -0.145817 -0.04745543 0.04745543 -0.1620232 -0.02419257 0.02419257 -0.1720029 -0.01900798 0.02844744 0.1720029 -0.0372855 0.05580168 0.1620232 -0.05413013 0.08101153 0.145817 -0.06889468 0.1031082 0.1240072 -0.08101147 0.1212424 0.09743183 -0.09001523 0.1347173 0.0671122 -0.09555959 0.1430151 0.03421348 -0.09743165 0.1458169 0 -0.09555959 0.1430151 -0.03421348 -0.09001523 0.1347173 -0.0671122 -0.08101147 0.1212424 -0.09743183 -0.06889468 0.1031082 -0.1240072 -0.05413013 0.08101153 -0.145817 -0.0372855 0.05580168 -0.1620232 -0.01900798 0.02844744 -0.1720029 -0.01309287 0.03160911 0.1720029 -0.02568268 0.06200355 0.1620232 -0.03728544 0.09001517 0.145817 -0.04745543 0.1145676 0.1240072 -0.05580168 0.1347172 0.09743183 -0.06200355 0.1496898 0.0671122 -0.06582254 0.1589099 0.03421348 -0.06711202 0.162023 0 -0.06582254 0.1589099 -0.03421348 -0.06200355 0.1496898 -0.0671122 -0.05580168 0.1347172 -0.09743183 -0.04745543 0.1145676 -0.1240072 -0.03728544 0.09001517 -0.145817 -0.02568268 0.06200355 -0.1620232 -0.01309287 0.03160911 -0.1720029 -0.006674706 0.03355604 0.1720029 -0.01309287 0.0658226 0.1620232 -0.01900792 0.09555959 0.145817 -0.02419257 0.1216244 0.1240072 -0.02844738 0.1430151 0.09743183 -0.03160911 0.1589099 0.0671122 -0.03355598 0.1686978 0.03421348 -0.03421336 0.1720027 0 -0.03355598 0.1686978 -0.03421348 -0.03160911 0.1589099 -0.0671122 -0.02844738 0.1430151 -0.09743183 -0.02419257 0.1216244 -0.1240072 -0.01900792 0.09555959 -0.145817 -0.01309287 0.0658226 -0.1620232 -0.006674706 0.03355604 -0.1720029 0 0.03421342 0.1720029 0 0.06711214 0.1620232 0 0.1240071 0.1240072 0 0.1620231 0.0671122 0 0.1620231 -0.0671122 0 0.1240071 -0.1240072 0 0.09743165 -0.145817 0 0.06711214 -0.1620232 0 0.03421342 -0.1720029</float_array>
          <technique_common>
            <accessor source="#Sfera_005-mesh-positions-array" count="482" stride="3">
              <param name="X" type="float"/>
              <param name="Y" type="float"/>
              <param name="Z" type="float"/>
            </accessor>
          </technique_common>
        </source>
        <source id="Sfera_005-mesh-normals">
          <float_array id="Sfera_005-mesh-normals-array" count="1446">-2.39075e-6 0.9247654 -0.3805379 0.1625764 0.817328 -0.5527603 -2.63513e-6 0.8333395 -0.5527616 -9.34491e-7 0.7101427 0.7040578 0.1092067 0.5490185 0.828645 0.1385425 0.6964955 0.7040597 -6.59788e-7 0.7101429 -0.7040577 0.1385425 0.6964954 -0.7040597 0.1625765 0.817328 0.5527603 -2.63633e-6 0.8333395 0.5527617 0.1092054 0.5490186 -0.8286452 -1.21424e-6 0.5597754 -0.8286444 -2.38954e-6 0.9247654 0.3805379 0.1804102 0.9069968 0.3805379 0.07567203 0.3804318 -0.921708 -5.27715e-7 0.3878881 -0.9217064 -1.12111e-6 0.9810156 0.1939295 0.1913873 0.9621649 0.1939322 0.03920638 0.1971044 -0.9795984 4.14647e-7 0.2009662 -0.9795983 0.1950916 0.9807851 1.31417e-6 -1.56837e-6 1 -1.25759e-6 0 0.2009662 0.9795983 -2.06217e-7 0 1 0.03920614 0.1971044 0.9795984 0 0 -1 0.1913859 0.9621655 -0.1939306 -2.74081e-6 0.9810152 -0.1939311 -1.08949e-6 0.3878877 0.9217067 0.0756722 0.3804314 0.9217081 0.1804102 0.9069968 -0.3805379 -2.64156e-6 0.5597749 0.8286447 0.1484386 0.3583598 0.9217073 0.3538904 0.8543725 -0.3805382 0.2142181 0.5171642 0.8286446 0.3189069 0.7699043 -0.5527622 0.2717612 0.6560845 0.704059 0.2717612 0.6560845 -0.704059 0.3189069 0.7699043 0.5527622 0.2142181 0.5171661 -0.8286434 0.3538904 0.8543725 0.3805382 0.1484388 0.3583596 -0.9217074 0.3754177 0.9063403 0.1939304 0.07690602 0.1856684 -0.9795984 0.3826858 0.9238786 0 0.07690525 0.1856684 0.9795983 0.3754177 0.9063403 -0.1939304 0.5137702 0.7689154 0.3805385 0.2154985 0.3225153 -0.9217073 0.5450226 0.8156847 0.1939307 0.1116508 0.1670971 -0.9795983 0.5555726 0.8314682 0 0.1116499 0.1670972 0.9795983 0.5450225 0.8156846 -0.1939307 0.2154985 0.3225152 0.9217074 0.5137702 0.7689154 -0.3805385 0.3109955 0.4654351 0.8286448 0.46298 0.6928952 -0.552762 0.3945332 0.5904598 0.7040603 0.3945332 0.5904598 -0.7040603 0.46298 0.6928952 0.552762 0.3109939 0.4654342 -0.8286459 0.6539061 0.6539094 -0.3805384 0.3958225 0.3958215 0.8286435 0.5892611 0.5892586 -0.5527619 0.5021454 0.5021464 0.7040591 0.5021454 0.5021464 -0.704059 0.5892611 0.5892586 0.552762 0.3958225 0.3958215 -0.8286435 0.6539061 0.6539094 0.3805385 0.274278 0.2742781 -0.9217066 0.6936823 0.6936829 0.1939305 0.1421056 0.1421045 -0.9795981 0.7071086 0.7071049 0 0.1421049 0.1421045 0.9795982 0.6936823 0.6936829 -0.1939305 0.2742773 0.2742764 0.9217073 0.3225139 0.215497 -0.9217081 0.7689129 0.513774 0.3805381 0.8156842 0.5450233 0.1939303 0.1670972 0.1116504 -0.9795982 0.8314711 0.555568 0 0.1670973 0.1116508 0.9795982 0.8156842 0.5450233 -0.1939303 0.3225159 0.2154974 0.9217073 0.7689129 0.5137741 -0.3805381 0.465435 0.3109929 0.8286458 0.6928973 0.4629769 -0.5527619 0.5904606 0.3945342 0.704059 0.5904606 0.3945342 -0.704059 0.6928973 0.4629769 0.5527619 0.465435 0.3109928 -0.8286458 0.8543708 0.3538947 -0.3805381 0.7699058 0.3189032 -0.5527619 0.6560847 0.2717601 0.7040592 0.6560847 0.2717601 -0.7040592 0.7699059 0.3189033 0.552762 0.5171666 0.2142164 -0.8286436 0.8543708 0.3538947 0.3805381 0.3583602 0.1484368 -0.9217073 0.9063398 0.3754186 0.1939303 0.1856688 0.07690638 -0.9795982 0.9238806 0.3826808 0 0.1856686 0.07690638 0.9795982 0.90634 0.3754186 -0.1939303 0.3583602 0.1484368 0.9217073 0.5171666 0.2142164 0.8286435 0.3804346 0.07567304 -0.9217066 0.197105 0.03920644 -0.9795982 0.9621654 0.1913868 0.1939302 0.9807858 0.1950879 0 0.1971049 0.03920638 0.9795982 0.9621654 0.1913868 -0.1939302 0.3804348 0.07567304 0.9217066 0.9069957 0.1804152 -0.3805381 0.5490176 0.1092057 0.8286459 0.8173273 0.1625742 -0.5527619 0.6964962 0.1385424 0.7040591 0.6964962 0.1385424 -0.7040591 0.8173273 0.1625743 0.5527619 0.5490192 0.1092069 -0.8286447 0.9069957 0.1804152 0.3805381 0.7101414 5.83017e-7 0.7040591 0.7101414 5.83017e-7 -0.7040591 0.8333392 -2.09801e-6 0.552762 0.5597751 0 -0.8286447 0.9247652 2.31495e-6 0.3805382 0.3878844 0 -0.9217081 0.9810154 3.37182e-7 0.19393 0.2009657 0 -0.9795983 1 -2.40794e-6 0 0.2009658 0 0.9795984 0.9810154 3.35977e-7 -0.19393 0.3878845 0 0.921708 0.9247653 2.31254e-6 -0.3805382 0.5597767 -8.11881e-7 0.8286435 0.8333392 -2.09801e-6 -0.552762 0.9621655 -0.1913862 0.19393 0.9807848 -0.1950928 0 0.1971055 -0.0392065 0.9795981 0.1971053 -0.0392065 -0.9795982 0.9621655 -0.1913862 -0.19393 0.3804351 -0.0756731 0.9217064 0.9069965 -0.1804106 -0.3805383 0.5490173 -0.1092073 0.8286458 0.8173265 -0.1625781 -0.5527619 0.6964964 -0.1385412 0.704059 0.6964964 -0.1385412 -0.7040591 0.8173265 -0.1625781 0.5527619 0.5490172 -0.1092073 -0.8286458 0.9069966 -0.1804106 0.3805382 0.3804351 -0.0756731 -0.9217066 0.6560854 -0.2717587 -0.704059 0.6560855 -0.2717587 0.704059 0.7699043 -0.3189066 0.5527622 0.5171658 -0.2142184 -0.8286435 0.8543726 -0.35389 0.3805383 0.3583586 -0.1484367 -0.9217081 0.9063401 -0.3754181 0.1939298 0.1856681 -0.07690632 -0.9795983 0.9238786 -0.382686 0 0.1856683 -0.07690626 0.9795982 0.9063403 -0.3754181 -0.1939298 0.3583587 -0.1484368 0.921708 0.8543727 -0.35389 -0.3805384 0.5171639 -0.2142187 0.8286446 0.7699044 -0.3189066 -0.5527621 0.1670967 -0.1116507 0.9795984 0.1670967 -0.1116507 -0.9795984 0.8156846 -0.5450229 -0.19393 0.3225156 -0.2154985 0.9217073 0.7689154 -0.5137703 -0.3805382 0.465435 -0.310996 0.8286445 0.6928952 -0.46298 -0.552762 0.5904614 -0.3945327 0.7040592 0.5904614 -0.3945327 -0.7040592 0.6928952 -0.46298 0.552762 0.4654361 -0.3109945 -0.8286445 0.7689155 -0.5137703 0.3805382 0.3225153 -0.2154986 -0.9217073 0.8156846 -0.5450229 0.19393 0.8314683 -0.5555722 0 0.5021463 -0.5021455 0.7040591 0.5892586 -0.5892612 0.5527618 0.5021463 -0.5021455 -0.7040591 0.3958209 -0.3958209 -0.8286446 0.6539095 -0.6539062 0.380538 0.2742779 -0.2742782 -0.9217066 0.693683 -0.6936823 0.1939299 0.1421048 -0.1421046 -0.9795982 0.7071048 -0.7071088 0 0.1421043 -0.1421046 0.9795982 0.693683 -0.6936823 -0.1939299 0.2742779 -0.2742782 0.9217066 0.6539095 -0.6539062 -0.380538 0.3958213 -0.3958227 0.8286435 0.5892586 -0.5892612 -0.5527617 0.5450233 -0.8156843 -0.19393 0.1116513 -0.1670968 0.9795982 0.2154967 -0.3225142 0.9217082 0.513774 -0.768913 -0.380538 0.3109928 -0.4654352 0.8286457 0.462977 -0.6928973 -0.552762 0.3945339 -0.5904607 0.7040591 0.394534 -0.5904607 -0.7040591 0.462977 -0.6928973 0.552762 0.3109928 -0.4654352 -0.8286457 0.5137741 -0.768913 0.3805379 0.2154967 -0.3225142 -0.9217081 0.5450233 -0.8156843 0.19393 0.1116517 -0.1670968 -0.9795982 0.5555679 -0.8314713 0 0.2717599 -0.656085 -0.7040591 0.2142152 -0.5171654 -0.8286446 0.3538944 -0.8543708 0.3805383 0.1484373 -0.3583603 -0.9217073 0.3754186 -0.90634 0.1939301 0.07690691 -0.1856683 -0.9795983 0.3826807 -0.9238807 0 0.07690733 -0.1856683 0.9795982 0.3754186 -0.90634 -0.1939301 0.1484373 -0.3583602 0.9217073 0.3538944 -0.8543707 -0.3805383 0.2142152 -0.5171655 0.8286446 0.3189033 -0.7699058 -0.5527619 0.2717599 -0.656085 0.7040591 0.3189033 -0.7699059 0.5527619 0.1804148 -0.9069958 -0.3805381 0.1092054 -0.5490196 0.8286445 0.1625746 -0.8173273 -0.5527619 0.1385422 -0.6964963 0.704059 0.1385422 -0.6964963 -0.704059 0.1625746 -0.8173273 0.5527619 0.1092054 -0.5490196 -0.8286445 0.1804148 -0.9069958 0.3805381 0.07567292 -0.3804348 -0.9217066 0.1913871 -0.9621655 0.1939297 0.03920584 -0.1971048 -0.9795983 0.1950875 -0.9807859 0 0.03920596 -0.1971048 0.9795983 0.191387 -0.9621654 -0.1939296 0.07567292 -0.3804349 0.9217066 -6.4723e-7 -0.5597769 -0.8286434 5.36669e-7 -0.387886 -0.9217073 2.1465e-6 -0.9247653 0.380538 3.92576e-7 -0.9810155 0.1939295 -1.35432e-7 -0.200966 -0.9795982 -3.1861e-6 -1 0 -4.94595e-7 -0.200966 0.9795982 3.88963e-7 -0.9810155 -0.1939295 5.37192e-7 -0.3878861 0.9217073 2.1465e-6 -0.9247654 -0.3805381 -6.46631e-7 -0.559777 0.8286434 -1.69427e-6 -0.8333393 -0.5527619 6.0701e-7 -0.7101415 0.7040591 6.08209e-7 -0.7101415 -0.7040591 -1.69547e-6 -0.8333393 0.5527619 -0.07567262 -0.3804314 0.921708 -0.1092074 -0.5490175 0.8286456 -0.1804106 -0.9069967 -0.3805381 -0.1625784 -0.8173267 -0.5527616 -0.1385412 -0.6964963 0.7040591 -0.1385412 -0.6964964 -0.7040591 -0.1625784 -0.8173267 0.5527616 -0.1092074 -0.5490175 -0.8286457 -0.1804106 -0.9069967 0.3805381 -0.07567203 -0.3804333 -0.9217074 -0.1913862 -0.9621655 0.19393 -0.03920727 -0.1971044 -0.9795982 -0.1950932 -0.9807847 0 -0.03920632 -0.1971042 0.9795983 -0.1913862 -0.9621655 -0.19393 -0.3538904 -0.8543725 0.380538 -0.3754179 -0.9063403 0.1939296 -0.07690751 -0.185668 -0.9795983 -0.3826862 -0.9238785 0 -0.07690691 -0.1856684 0.9795983 -0.375418 -0.9063404 -0.1939296 -0.1484386 -0.3583598 0.9217073 -0.3538904 -0.8543726 -0.380538 -0.2142184 -0.517166 0.8286434 -0.3189069 -0.7699044 -0.5527618 -0.2717586 -0.6560853 0.7040591 -0.2717586 -0.6560853 -0.7040591 -0.3189069 -0.7699044 0.5527619 -0.2142185 -0.517166 -0.8286435 -0.1484368 -0.3583584 -0.9217081 -0.5137702 -0.7689156 -0.3805381 -0.4629802 -0.6928952 -0.5527617 -0.3945326 -0.5904615 0.7040592 -0.3945326 -0.5904614 -0.7040592 -0.4629802 -0.6928953 0.5527617 -0.3109943 -0.465436 -0.8286446 -0.5137702 -0.7689155 0.3805381 -0.2154984 -0.3225154 -0.9217073 -0.5450225 -0.8156849 0.1939295 -0.1116516 -0.1670971 -0.9795982 -0.5555728 -0.831468 0 -0.1116516 -0.1670971 0.9795982 -0.5450224 -0.815685 -0.1939295 -0.2154984 -0.3225154 0.9217073 -0.3109942 -0.465436 0.8286446 -0.2742781 -0.2742783 -0.9217066 -0.1421055 -0.1421045 -0.9795982 -0.6936823 -0.6936832 0.1939294 -0.707109 -0.7071046 0 -0.1421052 -0.1421045 0.9795981 -0.6936823 -0.6936832 -0.1939294 -0.2742781 -0.2742783 0.9217066 -0.6539062 -0.6539093 -0.3805384 -0.3958206 -0.3958207 0.8286448 -0.5892614 -0.5892584 -0.5527617 -0.5021455 -0.5021463 0.7040591 -0.5021454 -0.5021463 -0.704059 -0.5892614 -0.5892584 0.5527618 -0.3958206 -0.3958208 -0.8286448 -0.6539062 -0.6539093 0.3805384 -0.5904607 -0.394534 0.704059 -0.5904607 -0.394534 -0.7040591 -0.6928974 -0.4629771 0.5527616 -0.4654359 -0.3109944 -0.8286448 -0.768913 -0.5137739 0.3805382 -0.3225143 -0.2154971 -0.921708 -0.8156844 -0.5450233 0.1939295 -0.1670973 -0.1116505 -0.9795983 -0.8314713 -0.5555678 0 -0.167097 -0.1116505 0.9795984 -0.8156844 -0.5450233 -0.1939295 -0.3225141 -0.2154971 0.921708 -0.768913 -0.5137739 -0.3805382 -0.4654349 -0.3109925 0.8286458 -0.6928974 -0.4629771 -0.5527616 -0.9063401 -0.3754187 0.1939293 -0.9238808 -0.3826804 0 -0.1856682 -0.07690644 0.9795984 -0.1856684 -0.07690644 -0.9795982 -0.9063401 -0.3754186 -0.1939293 -0.3583603 -0.148437 0.9217074 -0.8543709 -0.3538944 -0.3805382 -0.5171665 -0.2142163 0.8286436 -0.7699061 -0.3189035 -0.5527616 -0.6560849 -0.27176 0.7040591 -0.6560848 -0.27176 -0.7040591 -0.7699061 -0.3189035 0.5527617 -0.5171646 -0.2142165 -0.8286448 -0.8543709 -0.3538944 0.3805382 -0.3583605 -0.148437 -0.9217073 -0.6964962 -0.1385424 -0.7040591 -0.6964962 -0.1385424 0.7040591 -0.8173274 -0.1625747 0.5527617 -0.5490192 -0.1092067 -0.8286446 -0.9069957 -0.1804149 0.3805382 -0.380433 -0.07567209 -0.9217074 -0.9621655 -0.1913873 0.1939293 -0.1971046 -0.0392065 -0.9795983 -0.980786 -0.195087 0 -0.1971046 -0.0392065 0.9795983 -0.9621655 -0.1913873 -0.1939293 -0.380433 -0.07567209 0.9217074 -0.9069957 -0.1804149 -0.3805382 -0.5490192 -0.1092067 0.8286446 -0.8173274 -0.1625747 -0.5527617 -0.2009665 0 -0.9795982 -0.9810155 -2.33619e-7 -0.1939293 -0.3878881 0 0.9217066 -0.9247653 -2.32217e-6 -0.3805382 -0.559775 0 0.8286446 -0.8333395 2.11122e-6 -0.5527616 -0.7101414 -5.06241e-7 0.7040592 -0.7101414 -5.06241e-7 -0.7040592 -0.8333395 2.11002e-6 0.5527615 -0.5597749 0 -0.8286448 -0.9247653 -2.32217e-6 0.3805382 -0.3878881 0 -0.9217065 -0.9810155 -2.3121e-7 0.1939293 -1 3.3969e-6 0 -0.2009665 0 0.9795982 -0.6964963 0.1385411 -0.7040593 -0.549019 0.1092066 -0.8286446 -0.9069967 0.1804106 0.3805381 -0.3804336 0.07567226 -0.9217072 -0.9621657 0.1913865 0.1939294 -0.1971048 0.03920668 -0.9795982 -0.9807847 0.1950931 0 -0.1971044 0.03920644 0.9795984 -0.9621657 0.1913865 -0.1939294 -0.3804315 0.0756725 0.9217081 -0.9069967 0.1804106 -0.3805381 -0.5490191 0.1092066 0.8286446 -0.8173268 0.1625785 -0.5527616 -0.6964963 0.1385411 0.7040592 -0.8173268 0.1625785 0.5527616 -0.3583598 0.1484385 0.9217073 -0.8543727 0.35389 -0.3805379 -0.5171647 0.2142165 0.8286446 -0.7699047 0.3189069 -0.5527616 -0.6560854 0.2717585 0.7040593 -0.6560854 0.2717585 -0.7040593 -0.7699046 0.3189069 0.5527616 -0.5171647 0.2142165 -0.8286446 -0.8543727 0.35389 0.3805379 -0.3583586 0.1484373 -0.9217081 -0.9063403 0.375418 0.1939293 -0.1856686 0.07690626 -0.9795983 -0.9238783 0.3826863 0 -0.1856687 0.0769062 0.9795982 -0.9063403 0.375418 -0.1939293 -0.7689154 0.5137703 0.3805382 -0.3225151 0.2154988 -0.9217073 -0.8156847 0.545023 0.193929 -0.1670973 0.1116507 -0.9795982 -0.8314679 0.5555729 0 -0.1670972 0.1116507 0.9795983 -0.8156847 0.545023 -0.193929 -0.3225151 0.2154988 0.9217073 -0.7689155 0.5137703 -0.3805382 -0.4654359 0.3109945 0.8286446 -0.6928952 0.4629804 -0.5527617 -0.5904613 0.3945328 0.7040592 -0.5904613 0.3945328 -0.7040592 -0.6928952 0.4629804 0.5527617 -0.4654359 0.3109945 -0.8286447 -0.6539093 0.6539064 -0.380538 -0.2742765 0.2742776 0.9217072 -0.3958206 0.3958207 0.8286446 -0.5892585 0.5892615 -0.5527616 -0.5021463 0.5021453 0.7040591 -0.5021463 0.5021453 -0.7040591 -0.5892585 0.5892615 0.5527616 -0.3958206 0.3958207 -0.8286447 -0.6539093 0.6539064 0.380538 -0.2742765 0.2742776 -0.9217072 -0.6936829 0.6936827 0.193929 -0.1421042 0.1421044 -0.9795984 -0.7071046 0.707109 0 -0.1421042 0.1421044 0.9795983 -0.6936829 0.6936827 -0.193929 -0.2154991 0.3225172 -0.9217065 -0.5137739 0.7689129 0.3805382 -0.5450233 0.8156844 0.1939293 -0.1116512 0.1670973 -0.9795982 -0.5555677 0.8314713 0 -0.1116517 0.167097 0.9795982 -0.5450233 0.8156844 -0.1939293 -0.2154974 0.3225161 0.9217073 -0.5137739 0.7689129 -0.3805382 -0.3109942 0.4654361 0.8286446 -0.4629768 0.6928975 -0.5527617 -0.3945343 0.5904607 0.704059 -0.3945342 0.5904607 -0.704059 -0.4629769 0.6928976 0.5527617 -0.3109942 0.4654361 -0.8286446 -0.1484366 0.3583605 0.9217073 -0.2142162 0.5171648 0.8286447 -0.3538944 0.854371 -0.3805381 -0.3189034 0.7699061 -0.5527617 -0.2717601 0.656085 0.7040589 -0.2717601 0.656085 -0.7040589 -0.3189033 0.769906 0.5527617 -0.2142162 0.5171648 -0.8286448 -0.3538944 0.854371 0.3805381 -0.1484379 0.3583602 -0.9217073 -0.3754186 0.9063401 0.193929 -0.07690602 0.1856684 -0.9795982 -0.3826805 0.9238808 0 -0.07690739 0.1856683 0.9795982 -0.3754186 0.9063401 -0.193929 -0.1804147 0.9069957 0.3805382 -0.1913881 0.9621653 0.1939293 -0.03920584 0.1971042 -0.9795983 -0.1950896 0.9807854 0 -0.03920626 0.1971045 0.9795982 -0.1913881 0.9621653 -0.1939293 -0.07567214 0.3804335 0.9217072 -0.1804147 0.9069957 -0.3805382 -0.1092088 0.5490174 0.8286456 -0.1625773 0.8173255 -0.5527639 -0.1385434 0.6964971 0.704058 -0.1385424 0.6964963 -0.704059 -0.1625773 0.8173255 0.5527639 -0.1092056 0.5490177 -0.8286457 -0.07567244 0.3804317 -0.9217079</float_array>
          <technique_common>
            <accessor source="#Sfera_005-mesh-normals-array" count="482" stride="3">
              <param name="X" type="float"/>
              <param name="Y" type="float"/>
              <param name="Z" type="float"/>
            </accessor>
          </technique_common>
        </source>
        <source id="Sfera_005-mesh-map">
          <float_array id="Sfera_005-mesh-map-array" count="5760">0.75 0.375 0.71875 0.3125 0.75 0.3125001 0.75 0.7500001 0.71875 0.8125 0.71875 0.75 0.75 0.25 0.71875 0.3125 0.71875 0.25 0.75 0.7500001 0.71875 0.6875 0.75 0.6875 0.75 0.25 0.71875 0.1875 0.75 0.1874998 0.75 0.6250001 0.71875 0.6875 0.71875 0.625 0.75 0.1874998 0.71875 0.125 0.75 0.125 0.75 0.5625 0.71875 0.625 0.71875 0.5625 0.75 0.125 0.71875 0.06249994 0.75 0.06249988 0.75 0.5625 0.71875 0.5 0.75 0.5 0.75 0.9375001 0.734375 1 0.71875 0.9375001 0.734375 0 0.75 0.06249988 0.71875 0.06249994 0.75 0.5 0.71875 0.4375 0.75 0.4375 0.75 0.8750001 0.71875 0.9375001 0.71875 0.875 0.75 0.4375 0.71875 0.375 0.75 0.375 0.75 0.8125 0.71875 0.875 0.71875 0.8125 0.71875 0.9375001 0.6875 0.875 0.71875 0.875 0.71875 0.4375 0.6875 0.375 0.71875 0.375 0.71875 0.875 0.6875 0.8125 0.71875 0.8125 0.71875 0.3125 0.6875 0.375 0.6875 0.3125 0.71875 0.8125 0.6875 0.75 0.71875 0.75 0.71875 0.25 0.6875 0.3125 0.6875 0.25 0.71875 0.75 0.6875 0.6875 0.71875 0.6875 0.71875 0.1875 0.6875 0.25 0.6875 0.1875 0.71875 0.6875 0.6875 0.625 0.71875 0.625 0.71875 0.125 0.6875 0.1875 0.6875 0.125 0.71875 0.5625 0.6875 0.625 0.6875 0.5625 0.71875 0.06249994 0.6875 0.125 0.6875 0.06249994 0.71875 0.5 0.6875 0.5625 0.6875 0.5 0.71875 0.9375001 0.703125 1 0.6875 0.9375001 0.703125 0 0.71875 0.06249994 0.6875 0.06249994 0.71875 0.5 0.6875 0.4375 0.71875 0.4375 0.6875 0.6875 0.65625 0.625 0.6875 0.625 0.6875 0.1875 0.65625 0.125 0.6875 0.125 0.6875 0.5625 0.65625 0.625 0.65625 0.5625 0.6875 0.06249994 0.65625 0.125 0.65625 0.06249994 0.6875 0.5 0.65625 0.5625 0.65625 0.5 0.6875 0.9375001 0.671875 1 0.65625 0.9375001 0.671875 0 0.6875 0.06249994 0.65625 0.06249994 0.6875 0.5 0.65625 0.4375 0.6875 0.4375 0.6875 0.9375001 0.65625 0.875 0.6875 0.875 0.6875 0.4375 0.65625 0.375 0.6875 0.375 0.6875 0.875 0.65625 0.8125 0.6875 0.8125 0.6875 0.3125 0.65625 0.375 0.65625 0.3125 0.6875 0.8125 0.65625 0.75 0.6875 0.75 0.6875 0.25 0.65625 0.3125 0.65625 0.25 0.6875 0.75 0.65625 0.6875 0.6875 0.6875 0.6875 0.1875 0.65625 0.25 0.65625 0.1875 0.65625 0.4375 0.625 0.375 0.65625 0.375 0.65625 0.875 0.625 0.8125 0.65625 0.8125 0.65625 0.3125 0.625 0.375 0.625 0.3125 0.65625 0.8125 0.625 0.75 0.65625 0.75 0.65625 0.3125 0.625 0.25 0.65625 0.25 0.65625 0.6875 0.625 0.75 0.625 0.6875001 0.65625 0.1875 0.625 0.25 0.625 0.1875 0.65625 0.6875 0.625 0.625 0.65625 0.625 0.65625 0.125 0.625 0.1875 0.625 0.125 0.65625 0.5625 0.625 0.625 0.625 0.5625 0.65625 0.06249994 0.625 0.125 0.625 0.06249994 0.65625 0.5 0.625 0.5625 0.625 0.5 0.65625 0.9375001 0.640625 1 0.625 0.9375001 0.640625 0 0.65625 0.06249994 0.625 0.06249994 0.65625 0.5 0.625 0.4375 0.65625 0.4375 0.65625 0.9375001 0.625 0.875 0.65625 0.875 0.625 0.1875 0.59375 0.125 0.625 0.125 0.625 0.5625 0.59375 0.625 0.59375 0.5625 0.625 0.125 0.59375 0.06249994 0.625 0.06249994 0.625 0.5 0.59375 0.5625 0.59375 0.5 0.625 0.9375001 0.609375 1 0.59375 0.9375001 0.609375 0 0.625 0.06249994 0.59375 0.06249994 0.625 0.5 0.59375 0.4375 0.625 0.4375 0.625 0.9375001 0.59375 0.875 0.625 0.875 0.625 0.4375 0.59375 0.375 0.625 0.375 0.625 0.8125 0.59375 0.875 0.59375 0.8125 0.625 0.3125 0.59375 0.375 0.59375 0.3125 0.625 0.8125 0.59375 0.75 0.625 0.75 0.625 0.3125 0.59375 0.25 0.625 0.25 0.625 0.6875001 0.59375 0.75 0.59375 0.6875 0.625 0.1875 0.59375 0.25 0.59375 0.1875 0.625 0.6875001 0.59375 0.625 0.625 0.625 0.59375 0.3125 0.5625 0.375 0.5625 0.3125 0.59375 0.8125 0.5625 0.75 0.59375 0.75 0.59375 0.3125 0.5625 0.25 0.59375 0.25 0.59375 0.6875 0.5625 0.75 0.5625 0.6875 0.59375 0.1875 0.5625 0.25 0.5625 0.1875 0.59375 0.6875 0.5625 0.625 0.59375 0.625 0.59375 0.125 0.5625 0.1875 0.5625 0.125 0.59375 0.5625 0.5625 0.625 0.5625 0.5625 0.59375 0.06249994 0.5625 0.125 0.5625 0.06249994 0.59375 0.5 0.5625 0.5625 0.5625 0.5 0.59375 0.9375001 0.578125 1 0.5625 0.9375001 0.578125 0 0.59375 0.06249994 0.5625 0.06249994 0.59375 0.5 0.5625 0.4375 0.59375 0.4375 0.59375 0.9375001 0.5625 0.875 0.59375 0.875 0.59375 0.4375 0.5625 0.375 0.59375 0.375 0.59375 0.875 0.5625 0.8125 0.59375 0.8125 0.5625 0.06249994 0.53125 0.125 0.53125 0.06249994 0.5625 0.5 0.53125 0.5625 0.53125 0.5 0.5625 0.9375001 0.546875 1 0.53125 0.9375001 0.546875 0 0.5625 0.06249994 0.53125 0.06249994 0.5625 0.5 0.53125 0.4375 0.5625 0.4375 0.5625 0.9375001 0.53125 0.875 0.5625 0.875 0.5625 0.4375 0.53125 0.375 0.5625 0.375 0.5625 0.8125 0.53125 0.875 0.53125 0.8125 0.5625 0.3125 0.53125 0.375 0.53125 0.3125 0.5625 0.8125 0.53125 0.75 0.5625 0.75 0.5625 0.3125 0.53125 0.25 0.5625 0.25 0.5625 0.6875 0.53125 0.75 0.53125 0.6875001 0.5625 0.1875 0.53125 0.25 0.53125 0.1875 0.5625 0.6875 0.53125 0.6250001 0.5625 0.625 0.5625 0.1875 0.53125 0.125 0.5625 0.125 0.5625 0.5625 0.53125 0.6250001 0.53125 0.5625 0.53125 0.8125 0.5 0.75 0.53125 0.75 0.53125 0.3125 0.5 0.25 0.53125 0.25 0.53125 0.6875001 0.5 0.75 0.5 0.6875001 0.53125 0.1875 0.5 0.25 0.5 0.1875 0.53125 0.6875001 0.5 0.625 0.53125 0.6250001 0.53125 0.1875 0.5 0.125 0.53125 0.125 0.53125 0.5625 0.5 0.625 0.5 0.5625 0.53125 0.125 0.5 0.06249994 0.53125 0.06249994 0.53125 0.5 0.5 0.5625 0.5 0.5 0.53125 0.9375001 0.515625 1 0.5 0.9375001 0.515625 0 0.53125 0.06249994 0.5 0.06249994 0.53125 0.5 0.5 0.4375 0.53125 0.4375 0.53125 0.875 0.5 0.9375001 0.5 0.875 0.53125 0.4375 0.5 0.375 0.53125 0.375 0.53125 0.875 0.5 0.8125 0.53125 0.8125 0.53125 0.3125 0.5 0.375 0.5 0.3125 0.5 0.5 0.46875 0.5625 0.46875 0.5 0.5 0.9375001 0.484375 1 0.46875 0.9375001 0.484375 0 0.5 0.06249994 0.46875 0.06249994 0.5 0.5 0.46875 0.4375 0.5 0.4375 0.5 0.9375001 0.46875 0.875 0.5 0.875 0.5 0.4375 0.46875 0.375 0.5 0.375 0.5 0.8125 0.46875 0.875 0.46875 0.8125 0.5 0.3125 0.46875 0.375 0.46875 0.3125 0.5 0.8125 0.46875 0.75 0.5 0.75 0.5 0.3125 0.46875 0.25 0.5 0.25 0.5 0.6875001 0.46875 0.75 0.46875 0.6875001 0.5 0.1875 0.46875 0.25 0.46875 0.1875 0.5 0.6875001 0.46875 0.6250001 0.5 0.625 0.5 0.1875 0.46875 0.125 0.5 0.125 0.5 0.5625 0.46875 0.6250001 0.46875 0.5625 0.5 0.06249994 0.46875 0.125 0.46875 0.06249994 0.46875 0.3125 0.4375 0.25 0.46875 0.25 0.46875 0.6875001 0.4375 0.75 0.4375 0.6875001 0.46875 0.1875 0.4375 0.25 0.4375 0.1875 0.46875 0.6875001 0.4375 0.6250001 0.46875 0.6250001 0.46875 0.125 0.4375 0.1875 0.4375 0.125 0.46875 0.5625 0.4375 0.6250001 0.4375 0.5625 0.46875 0.125 0.4375 0.06249994 0.46875 0.06249994 0.46875 0.5 0.4375 0.5625 0.4375 0.5 0.46875 0.9375001 0.453125 1 0.4375 0.9375001 0.453125 0 0.46875 0.06249994 0.4375 0.06249994 0.46875 0.5 0.4375 0.4375 0.46875 0.4375 0.46875 0.875 0.4375 0.9375001 0.4375 0.875 0.46875 0.4375 0.4375 0.375 0.46875 0.375 0.46875 0.875 0.4375 0.8125001 0.46875 0.8125 0.46875 0.3125 0.4375 0.375 0.4375 0.3125 0.46875 0.8125 0.4375 0.75 0.46875 0.75 0.4375 0.9375001 0.421875 1 0.40625 0.9375001 0.421875 0 0.4375 0.06249994 0.40625 0.06249994 0.4375 0.5 0.40625 0.4375 0.4375 0.4375 0.4375 0.9375001 0.40625 0.875 0.4375 0.875 0.4375 0.4375 0.40625 0.375 0.4375 0.375 0.4375 0.875 0.40625 0.8125001 0.4375 0.8125001 0.4375 0.3125 0.40625 0.375 0.40625 0.3125 0.4375 0.8125001 0.40625 0.75 0.4375 0.75 0.4375 0.3125 0.40625 0.25 0.4375 0.25 0.4375 0.6875001 0.40625 0.75 0.40625 0.6875001 0.4375 0.1875 0.40625 0.25 0.40625 0.1875 0.4375 0.6875001 0.40625 0.6250001 0.4375 0.6250001 0.4375 0.1875 0.40625 0.125 0.4375 0.125 0.4375 0.5625 0.40625 0.6250001 0.40625 0.5625 0.4375 0.06249994 0.40625 0.125 0.40625 0.06249994 0.4375 0.5 0.40625 0.5625 0.40625 0.5 0.40625 0.6875001 0.375 0.75 0.375 0.6875001 0.40625 0.1875 0.375 0.25 0.375 0.1875 0.40625 0.6875001 0.375 0.6250001 0.40625 0.6250001 0.40625 0.1875 0.375 0.125 0.40625 0.125 0.40625 0.5625 0.375 0.6250001 0.375 0.5625 0.40625 0.06249994 0.375 0.125 0.375 0.06249994 0.40625 0.5 0.375 0.5625 0.375 0.5 0.40625 0.9375001 0.390625 1 0.375 0.9375001 0.390625 0 0.40625 0.06249994 0.375 0.06249994 0.40625 0.5 0.375 0.4375 0.40625 0.4375 0.40625 0.9375001 0.375 0.875 0.40625 0.875 0.40625 0.4375 0.375 0.375 0.40625 0.375 0.40625 0.875 0.375 0.8125001 0.40625 0.8125001 0.40625 0.3125 0.375 0.375 0.375 0.3125 0.40625 0.8125001 0.375 0.75 0.40625 0.75 0.40625 0.3125 0.375 0.25 0.40625 0.25 0.375 0.5 0.34375 0.4375 0.375 0.4375 0.375 0.875 0.34375 0.9375001 0.34375 0.875 0.375 0.4375 0.34375 0.375 0.375 0.375 0.375 0.8125001 0.34375 0.875 0.34375 0.8125001 0.375 0.3125 0.34375 0.375 0.34375 0.3125 0.375 0.8125001 0.34375 0.75 0.375 0.75 0.375 0.3125 0.34375 0.25 0.375 0.25 0.375 0.6875001 0.34375 0.75 0.34375 0.6875001 0.375 0.1875 0.34375 0.25 0.34375 0.1875 0.375 0.6875001 0.34375 0.6250001 0.375 0.6250001 0.375 0.1875 0.34375 0.125 0.375 0.125 0.375 0.5625 0.34375 0.6250001 0.34375 0.5625 0.375 0.125 0.34375 0.06249994 0.375 0.06249994 0.375 0.5 0.34375 0.5625 0.34375 0.5 0.375 0.9375001 0.359375 1 0.34375 0.9375001 0.359375 0 0.375 0.06249994 0.34375 0.06249994 0.34375 0.1875 0.3125 0.25 0.3125 0.1875 0.34375 0.6875001 0.3125 0.6250001 0.34375 0.6250001 0.34375 0.125 0.3125 0.1875 0.3125 0.125 0.34375 0.5625 0.3125 0.6250001 0.3125 0.5625 0.34375 0.06249994 0.3125 0.125 0.3125 0.06249994 0.34375 0.5 0.3125 0.5625 0.3125 0.5 0.34375 0.9375001 0.328125 1 0.3125 0.9375001 0.328125 0 0.34375 0.06249994 0.3125 0.06249994 0.34375 0.5 0.3125 0.4375 0.34375 0.4375 0.34375 0.9375001 0.3125 0.875 0.34375 0.875 0.34375 0.4375 0.3125 0.375 0.34375 0.375 0.34375 0.875 0.3125 0.8125001 0.34375 0.8125001 0.34375 0.3125 0.3125 0.375 0.3125 0.3125 0.34375 0.8125001 0.3125 0.75 0.34375 0.75 0.34375 0.3125 0.3125 0.25 0.34375 0.25 0.34375 0.6875001 0.3125 0.75 0.3125 0.6875001 0.3125 0.4375 0.28125 0.375 0.3125 0.375 0.3125 0.875 0.28125 0.8125001 0.3125 0.8125001 0.3125 0.3125 0.28125 0.375 0.28125 0.3125 0.3125 0.8125001 0.28125 0.75 0.3125 0.75 0.3125 0.3125 0.28125 0.25 0.3125 0.25 0.3125 0.6875001 0.28125 0.75 0.28125 0.6875001 0.3125 0.1875 0.28125 0.25 0.28125 0.1875 0.3125 0.6875001 0.28125 0.6250001 0.3125 0.6250001 0.3125 0.125 0.28125 0.1875 0.28125 0.125 0.3125 0.5625 0.28125 0.6250001 0.28125 0.5625 0.3125 0.06249994 0.28125 0.125 0.28125 0.06249994 0.3125 0.5 0.28125 0.5625 0.28125 0.5 0.3125 0.9375001 0.296875 1 0.28125 0.9375001 0.296875 0 0.3125 0.06249994 0.28125 0.06249994 0.3125 0.5 0.28125 0.4375 0.3125 0.4375 0.3125 0.9375001 0.28125 0.875 0.3125 0.875 0.28125 0.125 0.25 0.1875 0.25 0.125 0.28125 0.5625 0.25 0.6250001 0.25 0.5625 0.28125 0.125 0.25 0.06249994 0.28125 0.06249994 0.28125 0.5 0.25 0.5625 0.25 0.5 0.28125 0.9375001 0.265625 1 0.25 0.9375001 0.265625 0 0.28125 0.06249994 0.25 0.06249994 0.28125 0.5 0.25 0.4375 0.28125 0.4375 0.28125 0.875 0.25 0.9375001 0.25 0.875 0.28125 0.4375 0.25 0.375 0.28125 0.375 0.28125 0.875 0.25 0.8125001 0.28125 0.8125001 0.28125 0.3125 0.25 0.375 0.25 0.3125 0.28125 0.8125001 0.25 0.75 0.28125 0.75 0.28125 0.3125 0.25 0.25 0.28125 0.25 0.28125 0.6875001 0.25 0.75 0.25 0.6875001 0.28125 0.1875 0.25 0.25 0.25 0.1875 0.28125 0.6875001 0.25 0.6250001 0.28125 0.6250001 0.25 0.8125001 0.21875 0.875 0.21875 0.8125001 0.25 0.3125 0.21875 0.375 0.21875 0.3125 0.25 0.8125001 0.21875 0.75 0.25 0.75 0.25 0.3125 0.21875 0.25 0.25 0.25 0.25 0.6875001 0.21875 0.75 0.21875 0.6875001 0.25 0.1875 0.21875 0.25 0.21875 0.1875 0.25 0.6875001 0.21875 0.6250001 0.25 0.6250001 0.25 0.1875 0.21875 0.125 0.25 0.125 0.25 0.5625 0.21875 0.6250001 0.21875 0.5625 0.25 0.125 0.21875 0.06249994 0.25 0.06249994 0.25 0.5 0.21875 0.5625 0.2187499 0.5 0.25 0.9375001 0.234375 1 0.21875 0.9375001 0.234375 0 0.25 0.06249994 0.21875 0.06249994 0.25 0.5 0.21875 0.4375 0.25 0.4375 0.25 0.875 0.21875 0.9375001 0.21875 0.875 0.25 0.4375 0.21875 0.375 0.25 0.375 0.21875 0.5625 0.1875 0.6250001 0.1875 0.5625 0.21875 0.125 0.1875 0.06249994 0.21875 0.06249994 0.2187499 0.5 0.1875 0.5625 0.1875 0.5 0.21875 0.9375001 0.203125 1 0.1875 0.9375001 0.203125 0 0.21875 0.06249994 0.1875 0.06249994 0.2187499 0.5 0.1875 0.4375 0.21875 0.4375 0.21875 0.9375001 0.1875 0.875 0.21875 0.875 0.21875 0.4375 0.1875 0.375 0.21875 0.375 0.21875 0.875 0.1875 0.8125001 0.21875 0.8125001 0.21875 0.3125 0.1875 0.375 0.1875 0.3125 0.21875 0.8125001 0.1875 0.75 0.21875 0.75 0.21875 0.3125 0.1875 0.25 0.21875 0.25 0.21875 0.6875001 0.1875 0.75 0.1875 0.6875001 0.21875 0.1875 0.1875 0.25 0.1875 0.1875 0.21875 0.6875001 0.1875 0.6250001 0.21875 0.6250001 0.21875 0.125 0.1875 0.1875 0.1875 0.125 0.1875 0.3125 0.15625 0.375 0.15625 0.3125 0.1875 0.8125001 0.15625 0.75 0.1875 0.75 0.1875 0.3125 0.15625 0.25 0.1875 0.25 0.1875 0.6875001 0.15625 0.75 0.15625 0.6875001 0.1875 0.1875 0.15625 0.25 0.15625 0.1874999 0.1875 0.6875001 0.15625 0.6250001 0.1875 0.6250001 0.1875 0.1875 0.15625 0.125 0.1875 0.125 0.1875 0.5625 0.15625 0.6250001 0.15625 0.5625 0.1875 0.06249994 0.15625 0.125 0.15625 0.06249994 0.1875 0.5 0.15625 0.5625 0.1562499 0.5 0.1875 0.9375001 0.171875 1 0.15625 0.9375001 0.171875 0 0.1875 0.06249994 0.15625 0.06249994 0.1875 0.5 0.15625 0.4375 0.1875 0.4375 0.1875 0.9375001 0.15625 0.875 0.1875 0.875 0.1875 0.4375 0.15625 0.375 0.1875 0.375 0.1875 0.8125001 0.15625 0.875 0.15625 0.8125001 0.15625 0.06249994 0.125 0.125 0.125 0.06249994 0.1562499 0.5 0.125 0.5625 0.1249999 0.5 0.15625 0.9375001 0.140625 1 0.125 0.9375001 0.140625 0 0.15625 0.06249994 0.125 0.06249994 0.1562499 0.5 0.125 0.4375 0.15625 0.4375 0.15625 0.9375001 0.125 0.875 0.15625 0.875 0.15625 0.4375 0.125 0.375 0.15625 0.375 0.15625 0.8125001 0.125 0.875 0.125 0.8125001 0.15625 0.3125 0.125 0.375 0.125 0.3125 0.15625 0.8125001 0.125 0.75 0.15625 0.75 0.15625 0.3125 0.125 0.25 0.15625 0.25 0.15625 0.6875001 0.125 0.75 0.125 0.6875001 0.15625 0.1874999 0.125 0.25 0.125 0.1874999 0.15625 0.6875001 0.125 0.6250001 0.15625 0.6250001 0.15625 0.1874999 0.125 0.125 0.15625 0.125 0.15625 0.5625 0.125 0.6250001 0.125 0.5625 0.125 0.8125001 0.09375 0.7500001 0.125 0.75 0.125 0.3125 0.09375 0.25 0.125 0.25 0.125 0.6875001 0.09375 0.7500001 0.09375 0.6875001 0.125 0.1874999 0.09375 0.25 0.09374994 0.1874999 0.125 0.6875001 0.09375 0.6250001 0.125 0.6250001 0.125 0.1874999 0.09375 0.125 0.125 0.125 0.125 0.5625 0.09375 0.6250001 0.09374994 0.5625 0.125 0.125 0.09375 0.06249994 0.125 0.06249994 0.1249999 0.5 0.09374994 0.5625 0.09374988 0.5 0.125 0.9375001 0.109375 1 0.09375 0.9375001 0.109375 0 0.125 0.06249994 0.09375 0.06249994 0.1249999 0.5 0.09374994 0.4375 0.125 0.4375 0.125 0.875 0.09375 0.9375001 0.09375 0.875 0.125 0.4375 0.09375 0.375 0.125 0.375 0.125 0.8125001 0.09375 0.875 0.09374994 0.8125001 0.125 0.3125 0.09375 0.375 0.09375 0.3125 0.09374988 0.5 0.0625 0.5625 0.06249994 0.5 0.09375 0.9375001 0.078125 1 0.0625 0.9375001 0.078125 0 0.09375 0.06249994 0.0625 0.06249994 0.09374988 0.5 0.0625 0.4375 0.09374994 0.4375 0.09375 0.9375001 0.0625 0.875 0.09375 0.875 0.09374994 0.4375 0.0625 0.375 0.09375 0.375 0.09375 0.875 0.0625 0.8125001 0.09374994 0.8125001 0.09375 0.3125 0.0625 0.375 0.0625 0.3124999 0.09374994 0.8125001 0.0625 0.75 0.09375 0.7500001 0.09375 0.3125 0.0625 0.25 0.09375 0.25 0.09375 0.6875001 0.0625 0.75 0.0625 0.6875001 0.09374994 0.1874999 0.0625 0.25 0.0625 0.1874999 0.09375 0.6875001 0.0625 0.6250001 0.09375 0.6250001 0.09374994 0.1874999 0.0625 0.125 0.09375 0.125 0.09374994 0.5625 0.0625 0.6250001 0.0625 0.5625 0.09375 0.06249994 0.0625 0.125 0.0625 0.06249994 0.0625 0.3124999 0.03125 0.25 0.0625 0.25 0.0625 0.6875001 0.03125 0.75 0.03124994 0.6875001 0.0625 0.1874999 0.03125 0.25 0.03124994 0.1874999 0.0625 0.6875001 0.03125 0.6250001 0.0625 0.6250001 0.0625 0.1874999 0.03124994 0.125 0.0625 0.125 0.0625 0.5625 0.03125 0.6250001 0.03124994 0.5625 0.0625 0.06249994 0.03124994 0.125 0.03125 0.06249994 0.06249994 0.5 0.03124994 0.5625 0.03124994 0.5 0.0625 0.9375001 0.046875 1 0.03125 0.9375001 0.046875 0 0.0625 0.06249994 0.03125 0.06249994 0.06249994 0.5 0.03124994 0.4375 0.0625 0.4375 0.0625 0.9375001 0.03124994 0.8750001 0.0625 0.875 0.0625 0.4375 0.03125 0.375 0.0625 0.375 0.0625 0.8125001 0.03124994 0.8750001 0.03124994 0.8125001 0.0625 0.3124999 0.03125 0.375 0.03124994 0.3125 0.0625 0.8125001 0.03125 0.75 0.0625 0.75 0.015625 0 0.03125 0.06249994 0 0.06249994 0.03124994 0.5 0 0.4375 0.03124994 0.4375 0.03125 0.9375001 0 0.8750001 0.03124994 0.8750001 0.03124994 0.4375 0 0.375 0.03125 0.375 0.03124994 0.8125001 0 0.8750001 0 0.8125001 0.03124994 0.3125 0 0.375 0 0.3125 0.03124994 0.8125001 0 0.7500001 0.03125 0.75 0.03124994 0.3125 0 0.25 0.03125 0.25 0.03124994 0.6875001 0 0.7500001 0 0.6875001 0.03124994 0.1874999 0 0.25 0 0.1874999 0.03124994 0.6875001 0 0.6250001 0.03125 0.6250001 0.03124994 0.1874999 0 0.125 0.03124994 0.125 0.03124994 0.5625 0 0.6250001 0 0.5625 0.03125 0.06249994 0 0.125 0 0.06249994 0.03124994 0.5 0 0.5625 0 0.5 0.03125 0.9375001 0.015625 1 0 0.9375001 1 0.1874999 0.96875 0.25 0.96875 0.1874999 1 0.6875001 0.96875 0.6250001 1 0.6250001 1 0.1874999 0.96875 0.125 1 0.125 1 0.5625 0.96875 0.6250001 0.96875 0.5625001 1 0.125 0.96875 0.06249994 1 0.06249994 1 0.5 0.96875 0.5625001 0.9687499 0.5 1 0.9375001 0.984375 1 0.96875 0.9375001 0.984375 0 1 0.06249994 0.96875 0.06249994 1 0.5 0.96875 0.4375 1 0.4375 1 0.8750001 0.96875 0.9375001 0.96875 0.8750001 1 0.4375 0.96875 0.375 1 0.375 1 0.8125001 0.96875 0.8750001 0.96875 0.8125001 1 0.3125 0.96875 0.375 0.96875 0.3124999 1 0.8125001 0.96875 0.7500001 1 0.7500001 1 0.3125 0.96875 0.25 1 0.25 1 0.6875001 0.96875 0.7500001 0.96875 0.6875001 0.96875 0.9375001 0.9375 0.8750001 0.96875 0.8750001 0.96875 0.4375 0.9375 0.375 0.96875 0.375 0.96875 0.8125001 0.9375 0.8750001 0.9375 0.8125001 0.96875 0.3124999 0.9375 0.375 0.9375 0.3124999 0.96875 0.8125001 0.9375 0.7500001 0.96875 0.7500001 0.96875 0.3124999 0.9375 0.25 0.96875 0.25 0.96875 0.6875001 0.9375 0.7500001 0.9375 0.6875001 0.96875 0.1874999 0.9375 0.25 0.9375 0.1874999 0.96875 0.6875001 0.9375 0.6250001 0.96875 0.6250001 0.96875 0.1874999 0.9375 0.125 0.96875 0.125 0.96875 0.5625001 0.9375 0.6250001 0.9375 0.5625001 0.96875 0.125 0.9375 0.06249994 0.96875 0.06249994 0.9687499 0.5 0.9375 0.5625001 0.9374999 0.5 0.96875 0.9375001 0.953125 1 0.9375 0.9375001 0.953125 0 0.96875 0.06249994 0.9375 0.06249994 0.9687499 0.5 0.9375 0.4375 0.96875 0.4375 0.9375 0.6875001 0.90625 0.6250001 0.9375 0.6250001 0.9375 0.1874999 0.90625 0.125 0.9375 0.125 0.9375 0.5625001 0.90625 0.6250001 0.90625 0.5625001 0.9375 0.06249994 0.90625 0.125 0.90625 0.06249994 0.9374999 0.5 0.90625 0.5625001 0.90625 0.5 0.9375 0.9375001 0.921875 1 0.90625 0.9375001 0.921875 0 0.9375 0.06249994 0.90625 0.06249994 0.9374999 0.5 0.90625 0.4375 0.9375 0.4375 0.9375 0.9375001 0.90625 0.8750001 0.9375 0.8750001 0.9375 0.4375 0.90625 0.375 0.9375 0.375 0.9375 0.8125001 0.90625 0.8750001 0.90625 0.8125001 0.9375 0.3124999 0.90625 0.375 0.90625 0.3124999 0.9375 0.8125001 0.90625 0.7500001 0.9375 0.7500001 0.9375 0.3124999 0.90625 0.25 0.9375 0.25 0.9375 0.6875001 0.90625 0.7500001 0.90625 0.6875001 0.9375 0.1874999 0.90625 0.25 0.90625 0.1874999 0.90625 0.4375 0.875 0.375 0.90625 0.375 0.90625 0.8125001 0.875 0.8750001 0.8749999 0.8125001 0.90625 0.3124999 0.875 0.375 0.875 0.3124999 0.90625 0.8125001 0.875 0.7500001 0.90625 0.7500001 0.90625 0.3124999 0.875 0.25 0.90625 0.25 0.90625 0.6875001 0.875 0.7500001 0.875 0.6875001 0.90625 0.1874999 0.875 0.25 0.8749999 0.1874999 0.90625 0.6875001 0.875 0.6250001 0.90625 0.6250001 0.90625 0.1874999 0.875 0.125 0.90625 0.125 0.90625 0.5625001 0.875 0.6250001 0.875 0.5625001 0.90625 0.06249994 0.875 0.125 0.875 0.06249994 0.90625 0.5 0.875 0.5625001 0.8749999 0.5 0.90625 0.9375001 0.890625 1 0.875 0.9375001 0.890625 0 0.90625 0.06249994 0.875 0.06249994 0.90625 0.5 0.875 0.4375 0.90625 0.4375 0.90625 0.9375001 0.875 0.8750001 0.90625 0.8750001 0.8749999 0.1874999 0.84375 0.125 0.875 0.125 0.875 0.5625001 0.84375 0.6250001 0.84375 0.5625001 0.875 0.06249994 0.84375 0.125 0.84375 0.06249994 0.8749999 0.5 0.84375 0.5625001 0.8437499 0.5 0.875 0.9375001 0.859375 1 0.84375 0.9375001 0.859375 0 0.875 0.06249994 0.84375 0.06249994 0.8749999 0.5 0.84375 0.4375 0.875 0.4375 0.875 0.9375001 0.84375 0.8750001 0.875 0.8750001 0.875 0.4375 0.84375 0.375 0.875 0.375 0.8749999 0.8125001 0.84375 0.8750001 0.84375 0.8125002 0.875 0.3124999 0.84375 0.375 0.84375 0.3124999 0.8749999 0.8125001 0.84375 0.7500001 0.875 0.7500001 0.875 0.3124999 0.84375 0.25 0.875 0.25 0.875 0.6875001 0.84375 0.7500001 0.84375 0.6875001 0.8749999 0.1874999 0.84375 0.25 0.84375 0.1874998 0.875 0.6875001 0.84375 0.6250001 0.875 0.6250001 0.84375 0.8125002 0.8125 0.8750001 0.8125 0.8125002 0.84375 0.3124999 0.8125 0.375 0.8125 0.3124999 0.84375 0.8125002 0.8125 0.7500001 0.84375 0.7500001 0.84375 0.3124999 0.8125 0.25 0.84375 0.25 0.84375 0.6875001 0.8125 0.7500001 0.8125 0.6875001 0.84375 0.1874998 0.8125 0.25 0.8125 0.1874998 0.84375 0.6875001 0.8125 0.6250001 0.84375 0.6250001 0.84375 0.1874998 0.8125 0.125 0.84375 0.125 0.84375 0.5625001 0.8125 0.6250001 0.8125 0.5625001 0.84375 0.125 0.8125 0.06249988 0.84375 0.06249994 0.8437499 0.5 0.8125 0.5625001 0.8124999 0.5 0.84375 0.9375001 0.828125 1 0.8125 0.9375001 0.828125 0 0.84375 0.06249994 0.8125 0.06249988 0.8437499 0.5 0.8125 0.4375 0.84375 0.4375 0.84375 0.9375001 0.8125 0.8750001 0.84375 0.8750001 0.84375 0.4375 0.8125 0.375 0.84375 0.375 0.8125 0.5625001 0.78125 0.6250001 0.78125 0.5625001 0.8125 0.125 0.78125 0.06249988 0.8125 0.06249988 0.8124999 0.5 0.78125 0.5625001 0.7812499 0.5 0.8125 0.9375001 0.796875 1 0.78125 0.9375001 0.796875 0 0.8125 0.06249988 0.78125 0.06249988 0.8124999 0.5 0.78125 0.4375 0.8125 0.4375 0.8125 0.9375001 0.78125 0.8750001 0.8125 0.8750001 0.8125 0.4375 0.78125 0.375 0.8125 0.375 0.8125 0.8125002 0.78125 0.8750001 0.78125 0.8125002 0.8125 0.3124999 0.78125 0.375 0.78125 0.3124999 0.8125 0.8125002 0.78125 0.75 0.8125 0.7500001 0.8125 0.3124999 0.78125 0.25 0.8125 0.25 0.8125 0.6875001 0.78125 0.75 0.78125 0.6875001 0.8125 0.1874998 0.78125 0.25 0.78125 0.1874998 0.8125 0.6875001 0.78125 0.6250001 0.8125 0.6250001 0.8125 0.1874998 0.78125 0.125 0.8125 0.125 0.78125 0.375 0.75 0.3125001 0.78125 0.3124999 0.78125 0.75 0.75 0.8125 0.75 0.7500001 0.78125 0.3124999 0.75 0.25 0.78125 0.25 0.78125 0.6875001 0.75 0.7500001 0.75 0.6875 0.78125 0.1874998 0.75 0.25 0.75 0.1874998 0.78125 0.6250001 0.75 0.6875 0.75 0.6250001 0.78125 0.125 0.75 0.1874998 0.75 0.125 0.78125 0.5625001 0.75 0.6250001 0.75 0.5625 0.78125 0.06249988 0.75 0.125 0.75 0.06249988 0.7812499 0.5 0.75 0.5625 0.75 0.5 0.78125 0.9375001 0.765625 1 0.75 0.9375001 0.765625 0 0.78125 0.06249988 0.75 0.06249988 0.7812499 0.5 0.75 0.4375 0.78125 0.4375 0.78125 0.9375001 0.75 0.8750001 0.78125 0.8750001 0.78125 0.4375 0.75 0.375 0.78125 0.375 0.78125 0.8125002 0.75 0.8750001 0.75 0.8125 0.75 0.375 0.71875 0.375 0.71875 0.3125 0.75 0.7500001 0.75 0.8125 0.71875 0.8125 0.75 0.25 0.75 0.3125001 0.71875 0.3125 0.75 0.7500001 0.71875 0.75 0.71875 0.6875 0.75 0.25 0.71875 0.25 0.71875 0.1875 0.75 0.6250001 0.75 0.6875 0.71875 0.6875 0.75 0.1874998 0.71875 0.1875 0.71875 0.125 0.75 0.5625 0.75 0.6250001 0.71875 0.625 0.75 0.125 0.71875 0.125 0.71875 0.06249994 0.75 0.5625 0.71875 0.5625 0.71875 0.5 0.75 0.5 0.71875 0.5 0.71875 0.4375 0.75 0.8750001 0.75 0.9375001 0.71875 0.9375001 0.75 0.4375 0.71875 0.4375 0.71875 0.375 0.75 0.8125 0.75 0.8750001 0.71875 0.875 0.71875 0.9375001 0.6875 0.9375001 0.6875 0.875 0.71875 0.4375 0.6875 0.4375 0.6875 0.375 0.71875 0.875 0.6875 0.875 0.6875 0.8125 0.71875 0.3125 0.71875 0.375 0.6875 0.375 0.71875 0.8125 0.6875 0.8125 0.6875 0.75 0.71875 0.25 0.71875 0.3125 0.6875 0.3125 0.71875 0.75 0.6875 0.75 0.6875 0.6875 0.71875 0.1875 0.71875 0.25 0.6875 0.25 0.71875 0.6875 0.6875 0.6875 0.6875 0.625 0.71875 0.125 0.71875 0.1875 0.6875 0.1875 0.71875 0.5625 0.71875 0.625 0.6875 0.625 0.71875 0.06249994 0.71875 0.125 0.6875 0.125 0.71875 0.5 0.71875 0.5625 0.6875 0.5625 0.71875 0.5 0.6875 0.5 0.6875 0.4375 0.6875 0.6875 0.65625 0.6875 0.65625 0.625 0.6875 0.1875 0.65625 0.1875 0.65625 0.125 0.6875 0.5625 0.6875 0.625 0.65625 0.625 0.6875 0.06249994 0.6875 0.125 0.65625 0.125 0.6875 0.5 0.6875 0.5625 0.65625 0.5625 0.6875 0.5 0.65625 0.5 0.65625 0.4375 0.6875 0.9375001 0.65625 0.9375001 0.65625 0.875 0.6875 0.4375 0.65625 0.4375 0.65625 0.375 0.6875 0.875 0.65625 0.875 0.65625 0.8125 0.6875 0.3125 0.6875 0.375 0.65625 0.375 0.6875 0.8125 0.65625 0.8125 0.65625 0.75 0.6875 0.25 0.6875 0.3125 0.65625 0.3125 0.6875 0.75 0.65625 0.75 0.65625 0.6875 0.6875 0.1875 0.6875 0.25 0.65625 0.25 0.65625 0.4375 0.625 0.4375 0.625 0.375 0.65625 0.875 0.625 0.875 0.625 0.8125 0.65625 0.3125 0.65625 0.375 0.625 0.375 0.65625 0.8125 0.625 0.8125 0.625 0.75 0.65625 0.3125 0.625 0.3125 0.625 0.25 0.65625 0.6875 0.65625 0.75 0.625 0.75 0.65625 0.1875 0.65625 0.25 0.625 0.25 0.65625 0.6875 0.625 0.6875001 0.625 0.625 0.65625 0.125 0.65625 0.1875 0.625 0.1875 0.65625 0.5625 0.65625 0.625 0.625 0.625 0.65625 0.06249994 0.65625 0.125 0.625 0.125 0.65625 0.5 0.65625 0.5625 0.625 0.5625 0.65625 0.5 0.625 0.5 0.625 0.4375 0.65625 0.9375001 0.625 0.9375001 0.625 0.875 0.625 0.1875 0.59375 0.1875 0.59375 0.125 0.625 0.5625 0.625 0.625 0.59375 0.625 0.625 0.125 0.59375 0.125 0.59375 0.06249994 0.625 0.5 0.625 0.5625 0.59375 0.5625 0.625 0.5 0.59375 0.5 0.59375 0.4375 0.625 0.9375001 0.59375 0.9375001 0.59375 0.875 0.625 0.4375 0.59375 0.4375 0.59375 0.375 0.625 0.8125 0.625 0.875 0.59375 0.875 0.625 0.3125 0.625 0.375 0.59375 0.375 0.625 0.8125 0.59375 0.8125 0.59375 0.75 0.625 0.3125 0.59375 0.3125 0.59375 0.25 0.625 0.6875001 0.625 0.75 0.59375 0.75 0.625 0.1875 0.625 0.25 0.59375 0.25 0.625 0.6875001 0.59375 0.6875 0.59375 0.625 0.59375 0.3125 0.59375 0.375 0.5625 0.375 0.59375 0.8125 0.5625 0.8125 0.5625 0.75 0.59375 0.3125 0.5625 0.3125 0.5625 0.25 0.59375 0.6875 0.59375 0.75 0.5625 0.75 0.59375 0.1875 0.59375 0.25 0.5625 0.25 0.59375 0.6875 0.5625 0.6875 0.5625 0.625 0.59375 0.125 0.59375 0.1875 0.5625 0.1875 0.59375 0.5625 0.59375 0.625 0.5625 0.625 0.59375 0.06249994 0.59375 0.125 0.5625 0.125 0.59375 0.5 0.59375 0.5625 0.5625 0.5625 0.59375 0.5 0.5625 0.5 0.5625 0.4375 0.59375 0.9375001 0.5625 0.9375001 0.5625 0.875 0.59375 0.4375 0.5625 0.4375 0.5625 0.375 0.59375 0.875 0.5625 0.875 0.5625 0.8125 0.5625 0.06249994 0.5625 0.125 0.53125 0.125 0.5625 0.5 0.5625 0.5625 0.53125 0.5625 0.5625 0.5 0.53125 0.5 0.53125 0.4375 0.5625 0.9375001 0.53125 0.9375001 0.53125 0.875 0.5625 0.4375 0.53125 0.4375 0.53125 0.375 0.5625 0.8125 0.5625 0.875 0.53125 0.875 0.5625 0.3125 0.5625 0.375 0.53125 0.375 0.5625 0.8125 0.53125 0.8125 0.53125 0.75 0.5625 0.3125 0.53125 0.3125 0.53125 0.25 0.5625 0.6875 0.5625 0.75 0.53125 0.75 0.5625 0.1875 0.5625 0.25 0.53125 0.25 0.5625 0.6875 0.53125 0.6875001 0.53125 0.6250001 0.5625 0.1875 0.53125 0.1875 0.53125 0.125 0.5625 0.5625 0.5625 0.625 0.53125 0.6250001 0.53125 0.8125 0.5 0.8125 0.5 0.75 0.53125 0.3125 0.5 0.3125 0.5 0.25 0.53125 0.6875001 0.53125 0.75 0.5 0.75 0.53125 0.1875 0.53125 0.25 0.5 0.25 0.53125 0.6875001 0.5 0.6875001 0.5 0.625 0.53125 0.1875 0.5 0.1875 0.5 0.125 0.53125 0.5625 0.53125 0.6250001 0.5 0.625 0.53125 0.125 0.5 0.125 0.5 0.06249994 0.53125 0.5 0.53125 0.5625 0.5 0.5625 0.53125 0.5 0.5 0.5 0.5 0.4375 0.53125 0.875 0.53125 0.9375001 0.5 0.9375001 0.53125 0.4375 0.5 0.4375 0.5 0.375 0.53125 0.875 0.5 0.875 0.5 0.8125 0.53125 0.3125 0.53125 0.375 0.5 0.375 0.5 0.5 0.5 0.5625 0.46875 0.5625 0.5 0.5 0.46875 0.5 0.46875 0.4375 0.5 0.9375001 0.46875 0.9375001 0.46875 0.875 0.5 0.4375 0.46875 0.4375 0.46875 0.375 0.5 0.8125 0.5 0.875 0.46875 0.875 0.5 0.3125 0.5 0.375 0.46875 0.375 0.5 0.8125 0.46875 0.8125 0.46875 0.75 0.5 0.3125 0.46875 0.3125 0.46875 0.25 0.5 0.6875001 0.5 0.75 0.46875 0.75 0.5 0.1875 0.5 0.25 0.46875 0.25 0.5 0.6875001 0.46875 0.6875001 0.46875 0.6250001 0.5 0.1875 0.46875 0.1875 0.46875 0.125 0.5 0.5625 0.5 0.625 0.46875 0.6250001 0.5 0.06249994 0.5 0.125 0.46875 0.125 0.46875 0.3125 0.4375 0.3125 0.4375 0.25 0.46875 0.6875001 0.46875 0.75 0.4375 0.75 0.46875 0.1875 0.46875 0.25 0.4375 0.25 0.46875 0.6875001 0.4375 0.6875001 0.4375 0.6250001 0.46875 0.125 0.46875 0.1875 0.4375 0.1875 0.46875 0.5625 0.46875 0.6250001 0.4375 0.6250001 0.46875 0.125 0.4375 0.125 0.4375 0.06249994 0.46875 0.5 0.46875 0.5625 0.4375 0.5625 0.46875 0.5 0.4375 0.5 0.4375 0.4375 0.46875 0.875 0.46875 0.9375001 0.4375 0.9375001 0.46875 0.4375 0.4375 0.4375 0.4375 0.375 0.46875 0.875 0.4375 0.875 0.4375 0.8125001 0.46875 0.3125 0.46875 0.375 0.4375 0.375 0.46875 0.8125 0.4375 0.8125001 0.4375 0.75 0.4375 0.5 0.40625 0.5 0.40625 0.4375 0.4375 0.9375001 0.40625 0.9375001 0.40625 0.875 0.4375 0.4375 0.40625 0.4375 0.40625 0.375 0.4375 0.875 0.40625 0.875 0.40625 0.8125001 0.4375 0.3125 0.4375 0.375 0.40625 0.375 0.4375 0.8125001 0.40625 0.8125001 0.40625 0.75 0.4375 0.3125 0.40625 0.3125 0.40625 0.25 0.4375 0.6875001 0.4375 0.75 0.40625 0.75 0.4375 0.1875 0.4375 0.25 0.40625 0.25 0.4375 0.6875001 0.40625 0.6875001 0.40625 0.6250001 0.4375 0.1875 0.40625 0.1875 0.40625 0.125 0.4375 0.5625 0.4375 0.6250001 0.40625 0.6250001 0.4375 0.06249994 0.4375 0.125 0.40625 0.125 0.4375 0.5 0.4375 0.5625 0.40625 0.5625 0.40625 0.6875001 0.40625 0.75 0.375 0.75 0.40625 0.1875 0.40625 0.25 0.375 0.25 0.40625 0.6875001 0.375 0.6875001 0.375 0.6250001 0.40625 0.1875 0.375 0.1875 0.375 0.125 0.40625 0.5625 0.40625 0.6250001 0.375 0.6250001 0.40625 0.06249994 0.40625 0.125 0.375 0.125 0.40625 0.5 0.40625 0.5625 0.375 0.5625 0.40625 0.5 0.375 0.5 0.375 0.4375 0.40625 0.9375001 0.375 0.9375001 0.375 0.875 0.40625 0.4375 0.375 0.4375 0.375 0.375 0.40625 0.875 0.375 0.875 0.375 0.8125001 0.40625 0.3125 0.40625 0.375 0.375 0.375 0.40625 0.8125001 0.375 0.8125001 0.375 0.75 0.40625 0.3125 0.375 0.3125 0.375 0.25 0.375 0.5 0.34375 0.5 0.34375 0.4375 0.375 0.875 0.375 0.9375001 0.34375 0.9375001 0.375 0.4375 0.34375 0.4375 0.34375 0.375 0.375 0.8125001 0.375 0.875 0.34375 0.875 0.375 0.3125 0.375 0.375 0.34375 0.375 0.375 0.8125001 0.34375 0.8125001 0.34375 0.75 0.375 0.3125 0.34375 0.3125 0.34375 0.25 0.375 0.6875001 0.375 0.75 0.34375 0.75 0.375 0.1875 0.375 0.25 0.34375 0.25 0.375 0.6875001 0.34375 0.6875001 0.34375 0.6250001 0.375 0.1875 0.34375 0.1875 0.34375 0.125 0.375 0.5625 0.375 0.6250001 0.34375 0.6250001 0.375 0.125 0.34375 0.125 0.34375 0.06249994 0.375 0.5 0.375 0.5625 0.34375 0.5625 0.34375 0.1875 0.34375 0.25 0.3125 0.25 0.34375 0.6875001 0.3125 0.6875001 0.3125 0.6250001 0.34375 0.125 0.34375 0.1875 0.3125 0.1875 0.34375 0.5625 0.34375 0.6250001 0.3125 0.6250001 0.34375 0.06249994 0.34375 0.125 0.3125 0.125 0.34375 0.5 0.34375 0.5625 0.3125 0.5625 0.34375 0.5 0.3125 0.5 0.3125 0.4375 0.34375 0.9375001 0.3125 0.9375001 0.3125 0.875 0.34375 0.4375 0.3125 0.4375 0.3125 0.375 0.34375 0.875 0.3125 0.875 0.3125 0.8125001 0.34375 0.3125 0.34375 0.375 0.3125 0.375 0.34375 0.8125001 0.3125 0.8125001 0.3125 0.75 0.34375 0.3125 0.3125 0.3125 0.3125 0.25 0.34375 0.6875001 0.34375 0.75 0.3125 0.75 0.3125 0.4375 0.28125 0.4375 0.28125 0.375 0.3125 0.875 0.28125 0.875 0.28125 0.8125001 0.3125 0.3125 0.3125 0.375 0.28125 0.375 0.3125 0.8125001 0.28125 0.8125001 0.28125 0.75 0.3125 0.3125 0.28125 0.3125 0.28125 0.25 0.3125 0.6875001 0.3125 0.75 0.28125 0.75 0.3125 0.1875 0.3125 0.25 0.28125 0.25 0.3125 0.6875001 0.28125 0.6875001 0.28125 0.6250001 0.3125 0.125 0.3125 0.1875 0.28125 0.1875 0.3125 0.5625 0.3125 0.6250001 0.28125 0.6250001 0.3125 0.06249994 0.3125 0.125 0.28125 0.125 0.3125 0.5 0.3125 0.5625 0.28125 0.5625 0.3125 0.5 0.28125 0.5 0.28125 0.4375 0.3125 0.9375001 0.28125 0.9375001 0.28125 0.875 0.28125 0.125 0.28125 0.1875 0.25 0.1875 0.28125 0.5625 0.28125 0.6250001 0.25 0.6250001 0.28125 0.125 0.25 0.125 0.25 0.06249994 0.28125 0.5 0.28125 0.5625 0.25 0.5625 0.28125 0.5 0.25 0.5 0.25 0.4375 0.28125 0.875 0.28125 0.9375001 0.25 0.9375001 0.28125 0.4375 0.25 0.4375 0.25 0.375 0.28125 0.875 0.25 0.875 0.25 0.8125001 0.28125 0.3125 0.28125 0.375 0.25 0.375 0.28125 0.8125001 0.25 0.8125001 0.25 0.75 0.28125 0.3125 0.25 0.3125 0.25 0.25 0.28125 0.6875001 0.28125 0.75 0.25 0.75 0.28125 0.1875 0.28125 0.25 0.25 0.25 0.28125 0.6875001 0.25 0.6875001 0.25 0.6250001 0.25 0.8125001 0.25 0.875 0.21875 0.875 0.25 0.3125 0.25 0.375 0.21875 0.375 0.25 0.8125001 0.21875 0.8125001 0.21875 0.75 0.25 0.3125 0.21875 0.3125 0.21875 0.25 0.25 0.6875001 0.25 0.75 0.21875 0.75 0.25 0.1875 0.25 0.25 0.21875 0.25 0.25 0.6875001 0.21875 0.6875001 0.21875 0.6250001 0.25 0.1875 0.21875 0.1875 0.21875 0.125 0.25 0.5625 0.25 0.6250001 0.21875 0.6250001 0.25 0.125 0.21875 0.125 0.21875 0.06249994 0.25 0.5 0.25 0.5625 0.21875 0.5625 0.25 0.5 0.2187499 0.5 0.21875 0.4375 0.25 0.875 0.25 0.9375001 0.21875 0.9375001 0.25 0.4375 0.21875 0.4375 0.21875 0.375 0.21875 0.5625 0.21875 0.6250001 0.1875 0.6250001 0.21875 0.125 0.1875 0.125 0.1875 0.06249994 0.2187499 0.5 0.21875 0.5625 0.1875 0.5625 0.2187499 0.5 0.1875 0.5 0.1875 0.4375 0.21875 0.9375001 0.1875 0.9375001 0.1875 0.875 0.21875 0.4375 0.1875 0.4375 0.1875 0.375 0.21875 0.875 0.1875 0.875 0.1875 0.8125001 0.21875 0.3125 0.21875 0.375 0.1875 0.375 0.21875 0.8125001 0.1875 0.8125001 0.1875 0.75 0.21875 0.3125 0.1875 0.3125 0.1875 0.25 0.21875 0.6875001 0.21875 0.75 0.1875 0.75 0.21875 0.1875 0.21875 0.25 0.1875 0.25 0.21875 0.6875001 0.1875 0.6875001 0.1875 0.6250001 0.21875 0.125 0.21875 0.1875 0.1875 0.1875 0.1875 0.3125 0.1875 0.375 0.15625 0.375 0.1875 0.8125001 0.15625 0.8125001 0.15625 0.75 0.1875 0.3125 0.15625 0.3125 0.15625 0.25 0.1875 0.6875001 0.1875 0.75 0.15625 0.75 0.1875 0.1875 0.1875 0.25 0.15625 0.25 0.1875 0.6875001 0.15625 0.6875001 0.15625 0.6250001 0.1875 0.1875 0.15625 0.1874999 0.15625 0.125 0.1875 0.5625 0.1875 0.6250001 0.15625 0.6250001 0.1875 0.06249994 0.1875 0.125 0.15625 0.125 0.1875 0.5 0.1875 0.5625 0.15625 0.5625 0.1875 0.5 0.1562499 0.5 0.15625 0.4375 0.1875 0.9375001 0.15625 0.9375001 0.15625 0.875 0.1875 0.4375 0.15625 0.4375 0.15625 0.375 0.1875 0.8125001 0.1875 0.875 0.15625 0.875 0.15625 0.06249994 0.15625 0.125 0.125 0.125 0.1562499 0.5 0.15625 0.5625 0.125 0.5625 0.1562499 0.5 0.1249999 0.5 0.125 0.4375 0.15625 0.9375001 0.125 0.9375001 0.125 0.875 0.15625 0.4375 0.125 0.4375 0.125 0.375 0.15625 0.8125001 0.15625 0.875 0.125 0.875 0.15625 0.3125 0.15625 0.375 0.125 0.375 0.15625 0.8125001 0.125 0.8125001 0.125 0.75 0.15625 0.3125 0.125 0.3125 0.125 0.25 0.15625 0.6875001 0.15625 0.75 0.125 0.75 0.15625 0.1874999 0.15625 0.25 0.125 0.25 0.15625 0.6875001 0.125 0.6875001 0.125 0.6250001 0.15625 0.1874999 0.125 0.1874999 0.125 0.125 0.15625 0.5625 0.15625 0.6250001 0.125 0.6250001 0.125 0.8125001 0.09374994 0.8125001 0.09375 0.7500001 0.125 0.3125 0.09375 0.3125 0.09375 0.25 0.125 0.6875001 0.125 0.75 0.09375 0.7500001 0.125 0.1874999 0.125 0.25 0.09375 0.25 0.125 0.6875001 0.09375 0.6875001 0.09375 0.6250001 0.125 0.1874999 0.09374994 0.1874999 0.09375 0.125 0.125 0.5625 0.125 0.6250001 0.09375 0.6250001 0.125 0.125 0.09375 0.125 0.09375 0.06249994 0.1249999 0.5 0.125 0.5625 0.09374994 0.5625 0.1249999 0.5 0.09374988 0.5 0.09374994 0.4375 0.125 0.875 0.125 0.9375001 0.09375 0.9375001 0.125 0.4375 0.09374994 0.4375 0.09375 0.375 0.125 0.8125001 0.125 0.875 0.09375 0.875 0.125 0.3125 0.125 0.375 0.09375 0.375 0.09374988 0.5 0.09374994 0.5625 0.0625 0.5625 0.09374988 0.5 0.06249994 0.5 0.0625 0.4375 0.09375 0.9375001 0.0625 0.9375001 0.0625 0.875 0.09374994 0.4375 0.0625 0.4375 0.0625 0.375 0.09375 0.875 0.0625 0.875 0.0625 0.8125001 0.09375 0.3125 0.09375 0.375 0.0625 0.375 0.09374994 0.8125001 0.0625 0.8125001 0.0625 0.75 0.09375 0.3125 0.0625 0.3124999 0.0625 0.25 0.09375 0.6875001 0.09375 0.7500001 0.0625 0.75 0.09374994 0.1874999 0.09375 0.25 0.0625 0.25 0.09375 0.6875001 0.0625 0.6875001 0.0625 0.6250001 0.09374994 0.1874999 0.0625 0.1874999 0.0625 0.125 0.09374994 0.5625 0.09375 0.6250001 0.0625 0.6250001 0.09375 0.06249994 0.09375 0.125 0.0625 0.125 0.0625 0.3124999 0.03124994 0.3125 0.03125 0.25 0.0625 0.6875001 0.0625 0.75 0.03125 0.75 0.0625 0.1874999 0.0625 0.25 0.03125 0.25 0.0625 0.6875001 0.03124994 0.6875001 0.03125 0.6250001 0.0625 0.1874999 0.03124994 0.1874999 0.03124994 0.125 0.0625 0.5625 0.0625 0.6250001 0.03125 0.6250001 0.0625 0.06249994 0.0625 0.125 0.03124994 0.125 0.06249994 0.5 0.0625 0.5625 0.03124994 0.5625 0.06249994 0.5 0.03124994 0.5 0.03124994 0.4375 0.0625 0.9375001 0.03125 0.9375001 0.03124994 0.8750001 0.0625 0.4375 0.03124994 0.4375 0.03125 0.375 0.0625 0.8125001 0.0625 0.875 0.03124994 0.8750001 0.0625 0.3124999 0.0625 0.375 0.03125 0.375 0.0625 0.8125001 0.03124994 0.8125001 0.03125 0.75 0.03124994 0.5 0 0.5 0 0.4375 0.03125 0.9375001 0 0.9375001 0 0.8750001 0.03124994 0.4375 0 0.4375 0 0.375 0.03124994 0.8125001 0.03124994 0.8750001 0 0.8750001 0.03124994 0.3125 0.03125 0.375 0 0.375 0.03124994 0.8125001 0 0.8125001 0 0.7500001 0.03124994 0.3125 0 0.3125 0 0.25 0.03124994 0.6875001 0.03125 0.75 0 0.7500001 0.03124994 0.1874999 0.03125 0.25 0 0.25 0.03124994 0.6875001 0 0.6875001 0 0.6250001 0.03124994 0.1874999 0 0.1874999 0 0.125 0.03124994 0.5625 0.03125 0.6250001 0 0.6250001 0.03125 0.06249994 0.03124994 0.125 0 0.125 0.03124994 0.5 0.03124994 0.5625 0 0.5625 1 0.1874999 1 0.25 0.96875 0.25 1 0.6875001 0.96875 0.6875001 0.96875 0.6250001 1 0.1874999 0.96875 0.1874999 0.96875 0.125 1 0.5625 1 0.6250001 0.96875 0.6250001 1 0.125 0.96875 0.125 0.96875 0.06249994 1 0.5 1 0.5625 0.96875 0.5625001 1 0.5 0.9687499 0.5 0.96875 0.4375 1 0.8750001 1 0.9375001 0.96875 0.9375001 1 0.4375 0.96875 0.4375 0.96875 0.375 1 0.8125001 1 0.8750001 0.96875 0.8750001 1 0.3125 1 0.375 0.96875 0.375 1 0.8125001 0.96875 0.8125001 0.96875 0.7500001 1 0.3125 0.96875 0.3124999 0.96875 0.25 1 0.6875001 1 0.7500001 0.96875 0.7500001 0.96875 0.9375001 0.9375 0.9375001 0.9375 0.8750001 0.96875 0.4375 0.9375 0.4375 0.9375 0.375 0.96875 0.8125001 0.96875 0.8750001 0.9375 0.8750001 0.96875 0.3124999 0.96875 0.375 0.9375 0.375 0.96875 0.8125001 0.9375 0.8125001 0.9375 0.7500001 0.96875 0.3124999 0.9375 0.3124999 0.9375 0.25 0.96875 0.6875001 0.96875 0.7500001 0.9375 0.7500001 0.96875 0.1874999 0.96875 0.25 0.9375 0.25 0.96875 0.6875001 0.9375 0.6875001 0.9375 0.6250001 0.96875 0.1874999 0.9375 0.1874999 0.9375 0.125 0.96875 0.5625001 0.96875 0.6250001 0.9375 0.6250001 0.96875 0.125 0.9375 0.125 0.9375 0.06249994 0.9687499 0.5 0.96875 0.5625001 0.9375 0.5625001 0.9687499 0.5 0.9374999 0.5 0.9375 0.4375 0.9375 0.6875001 0.90625 0.6875001 0.90625 0.6250001 0.9375 0.1874999 0.90625 0.1874999 0.90625 0.125 0.9375 0.5625001 0.9375 0.6250001 0.90625 0.6250001 0.9375 0.06249994 0.9375 0.125 0.90625 0.125 0.9374999 0.5 0.9375 0.5625001 0.90625 0.5625001 0.9374999 0.5 0.90625 0.5 0.90625 0.4375 0.9375 0.9375001 0.90625 0.9375001 0.90625 0.8750001 0.9375 0.4375 0.90625 0.4375 0.90625 0.375 0.9375 0.8125001 0.9375 0.8750001 0.90625 0.8750001 0.9375 0.3124999 0.9375 0.375 0.90625 0.375 0.9375 0.8125001 0.90625 0.8125001 0.90625 0.7500001 0.9375 0.3124999 0.90625 0.3124999 0.90625 0.25 0.9375 0.6875001 0.9375 0.7500001 0.90625 0.7500001 0.9375 0.1874999 0.9375 0.25 0.90625 0.25 0.90625 0.4375 0.875 0.4375 0.875 0.375 0.90625 0.8125001 0.90625 0.8750001 0.875 0.8750001 0.90625 0.3124999 0.90625 0.375 0.875 0.375 0.90625 0.8125001 0.8749999 0.8125001 0.875 0.7500001 0.90625 0.3124999 0.875 0.3124999 0.875 0.25 0.90625 0.6875001 0.90625 0.7500001 0.875 0.7500001 0.90625 0.1874999 0.90625 0.25 0.875 0.25 0.90625 0.6875001 0.875 0.6875001 0.875 0.6250001 0.90625 0.1874999 0.8749999 0.1874999 0.875 0.125 0.90625 0.5625001 0.90625 0.6250001 0.875 0.6250001 0.90625 0.06249994 0.90625 0.125 0.875 0.125 0.90625 0.5 0.90625 0.5625001 0.875 0.5625001 0.90625 0.5 0.8749999 0.5 0.875 0.4375 0.90625 0.9375001 0.875 0.9375001 0.875 0.8750001 0.8749999 0.1874999 0.84375 0.1874998 0.84375 0.125 0.875 0.5625001 0.875 0.6250001 0.84375 0.6250001 0.875 0.06249994 0.875 0.125 0.84375 0.125 0.8749999 0.5 0.875 0.5625001 0.84375 0.5625001 0.8749999 0.5 0.8437499 0.5 0.84375 0.4375 0.875 0.9375001 0.84375 0.9375001 0.84375 0.8750001 0.875 0.4375 0.84375 0.4375 0.84375 0.375 0.8749999 0.8125001 0.875 0.8750001 0.84375 0.8750001 0.875 0.3124999 0.875 0.375 0.84375 0.375 0.8749999 0.8125001 0.84375 0.8125002 0.84375 0.7500001 0.875 0.3124999 0.84375 0.3124999 0.84375 0.25 0.875 0.6875001 0.875 0.7500001 0.84375 0.7500001 0.8749999 0.1874999 0.875 0.25 0.84375 0.25 0.875 0.6875001 0.84375 0.6875001 0.84375 0.6250001 0.84375 0.8125002 0.84375 0.8750001 0.8125 0.8750001 0.84375 0.3124999 0.84375 0.375 0.8125 0.375 0.84375 0.8125002 0.8125 0.8125002 0.8125 0.7500001 0.84375 0.3124999 0.8125 0.3124999 0.8125 0.25 0.84375 0.6875001 0.84375 0.7500001 0.8125 0.7500001 0.84375 0.1874998 0.84375 0.25 0.8125 0.25 0.84375 0.6875001 0.8125 0.6875001 0.8125 0.6250001 0.84375 0.1874998 0.8125 0.1874998 0.8125 0.125 0.84375 0.5625001 0.84375 0.6250001 0.8125 0.6250001 0.84375 0.125 0.8125 0.125 0.8125 0.06249988 0.8437499 0.5 0.84375 0.5625001 0.8125 0.5625001 0.8437499 0.5 0.8124999 0.5 0.8125 0.4375 0.84375 0.9375001 0.8125 0.9375001 0.8125 0.8750001 0.84375 0.4375 0.8125 0.4375 0.8125 0.375 0.8125 0.5625001 0.8125 0.6250001 0.78125 0.6250001 0.8125 0.125 0.78125 0.125 0.78125 0.06249988 0.8124999 0.5 0.8125 0.5625001 0.78125 0.5625001 0.8124999 0.5 0.7812499 0.5 0.78125 0.4375 0.8125 0.9375001 0.78125 0.9375001 0.78125 0.8750001 0.8125 0.4375 0.78125 0.4375 0.78125 0.375 0.8125 0.8125002 0.8125 0.8750001 0.78125 0.8750001 0.8125 0.3124999 0.8125 0.375 0.78125 0.375 0.8125 0.8125002 0.78125 0.8125002 0.78125 0.75 0.8125 0.3124999 0.78125 0.3124999 0.78125 0.25 0.8125 0.6875001 0.8125 0.7500001 0.78125 0.75 0.8125 0.1874998 0.8125 0.25 0.78125 0.25 0.8125 0.6875001 0.78125 0.6875001 0.78125 0.6250001 0.8125 0.1874998 0.78125 0.1874998 0.78125 0.125 0.78125 0.375 0.75 0.375 0.75 0.3125001 0.78125 0.75 0.78125 0.8125002 0.75 0.8125 0.78125 0.3124999 0.75 0.3125001 0.75 0.25 0.78125 0.6875001 0.78125 0.75 0.75 0.7500001 0.78125 0.1874998 0.78125 0.25 0.75 0.25 0.78125 0.6250001 0.78125 0.6875001 0.75 0.6875 0.78125 0.125 0.78125 0.1874998 0.75 0.1874998 0.78125 0.5625001 0.78125 0.6250001 0.75 0.6250001 0.78125 0.06249988 0.78125 0.125 0.75 0.125 0.7812499 0.5 0.78125 0.5625001 0.75 0.5625 0.7812499 0.5 0.75 0.5 0.75 0.4375 0.78125 0.9375001 0.75 0.9375001 0.75 0.8750001 0.78125 0.4375 0.75 0.4375 0.75 0.375 0.78125 0.8125002 0.78125 0.8750001 0.75 0.8750001</float_array>
          <technique_common>
            <accessor source="#Sfera_005-mesh-map-array" count="2880" stride="2">
              <param name="S" type="float"/>
              <param name="T" type="float"/>
            </accessor>
          </technique_common>
        </source>
        <vertices id="Sfera_005-mesh-vertices">
          <input semantic="POSITION" source="#Sfera_005-mesh-positions"/>
        </vertices>
        <triangles material="black_pupil-material" count="960">
          <input semantic="VERTEX" source="#Sfera_005-mesh-vertices" offset="0"/>
          <input semantic="NORMAL" source="#Sfera_005-mesh-normals" offset="1"/>
          <input semantic="TEXCOORD" source="#Sfera_005-mesh-map" offset="2" set="0"/>
          <p>477 0 0 16 1 1 5 2 2 475 3 3 8 4 4 9 5 5 478 6 6 16 1 7 17 7 8 475 3 9 10 8 10 1 9 11 478 6 12 18 10 13 479 11 14 476 12 15 10 8 16 11 13 17 479 11 18 19 14 19 480 15 20 2 16 21 11 13 22 12 17 23 480 15 24 20 18 25 481 19 26 2 16 27 13 20 28 3 21 29 473 22 30 81 23 31 6 24 32 307 25 33 481 19 34 20 18 35 3 21 36 14 26 37 4 27 38 474 28 39 6 24 40 7 29 41 4 27 42 15 30 43 477 0 44 0 31 45 7 29 46 8 4 47 6 24 48 22 32 49 7 29 50 14 26 51 30 33 52 15 30 53 7 29 54 23 34 55 8 4 56 16 1 57 30 33 58 31 35 59 8 4 60 24 36 61 9 5 62 17 7 63 31 35 64 32 37 65 9 5 66 25 38 67 10 8 68 18 10 69 32 37 70 33 39 71 10 8 72 26 40 73 11 13 74 19 14 75 33 39 76 34 41 77 12 17 78 26 40 79 27 42 80 20 18 81 34 41 82 35 43 83 13 20 84 27 42 85 28 44 86 6 24 87 81 23 88 21 45 89 307 25 90 20 18 91 35 43 92 13 20 93 29 46 94 14 26 95 25 38 96 41 47 97 26 40 98 33 39 99 49 48 100 34 41 101 27 42 102 41 47 103 42 49 104 35 43 105 49 48 106 50 50 107 28 44 108 42 49 109 43 51 110 21 45 111 81 23 112 36 52 113 307 25 114 35 43 115 50 50 116 28 44 117 44 53 118 29 46 119 21 45 120 37 54 121 22 32 122 29 46 123 45 55 124 30 33 125 22 32 126 38 56 127 23 34 128 31 35 129 45 55 130 46 57 131 23 34 132 39 58 133 24 36 134 32 37 135 46 57 136 47 59 137 24 36 138 40 60 139 25 38 140 33 39 141 47 59 142 48 61 143 44 53 144 60 62 145 45 55 146 37 54 147 53 63 148 38 56 149 46 57 150 60 62 151 61 64 152 38 56 153 54 65 154 39 58 155 46 57 156 62 66 157 47 59 158 40 60 159 54 65 160 55 67 161 48 61 162 62 66 163 63 68 164 40 60 165 56 69 166 41 47 167 49 48 168 63 68 169 64 70 170 42 49 171 56 69 172 57 71 173 50 50 174 64 70 175 65 72 176 43 51 177 57 71 178 58 73 179 36 52 180 81 23 181 51 74 182 307 25 183 50 50 184 65 72 185 43 51 186 59 75 187 44 53 188 36 52 189 52 76 190 37 54 191 63 68 192 79 77 193 64 70 194 57 71 195 71 78 196 72 79 197 64 70 198 80 80 199 65 72 200 58 73 201 72 79 202 73 81 203 51 74 204 81 23 205 66 82 206 307 25 207 65 72 208 80 80 209 58 73 210 74 83 211 59 75 212 51 74 213 67 84 214 52 76 215 59 75 216 75 85 217 60 62 218 53 63 219 67 84 220 68 86 221 61 64 222 75 85 223 76 87 224 53 63 225 69 88 226 54 65 227 61 64 228 77 89 229 62 66 230 55 67 231 69 88 232 70 90 233 63 68 234 77 89 235 78 91 236 55 67 237 71 78 238 56 69 239 76 87 240 91 92 241 92 93 242 68 86 243 85 94 244 69 88 245 76 87 246 93 95 247 77 89 248 70 90 249 85 94 250 86 96 251 78 91 252 93 95 253 94 97 254 70 90 255 87 98 256 71 78 257 79 77 258 94 97 259 95 99 260 72 79 261 87 98 262 88 100 263 80 80 264 95 99 265 96 101 266 73 81 267 88 100 268 89 102 269 66 82 270 81 23 271 82 103 272 307 25 273 80 80 274 96 101 275 73 81 276 90 104 277 74 83 278 66 82 279 83 105 280 67 84 281 74 83 282 91 92 283 75 85 284 67 84 285 84 106 286 68 86 287 96 101 288 110 107 289 111 108 290 89 102 291 103 109 292 104 110 293 82 103 294 81 23 295 97 111 296 307 25 297 96 101 298 111 108 299 89 102 300 105 112 301 90 104 302 82 103 303 98 113 304 83 105 305 90 104 306 106 114 307 91 92 308 84 106 309 98 113 310 99 115 311 92 93 312 106 114 313 107 116 314 84 106 315 100 117 316 85 94 317 92 93 318 108 118 319 93 95 320 86 96 321 100 117 322 101 119 323 94 97 324 108 118 325 109 120 326 86 96 327 102 121 328 87 98 329 94 97 330 110 107 331 95 99 332 88 100 333 102 121 334 103 109 335 99 115 336 115 122 337 100 117 338 107 116 339 123 123 340 108 118 341 101 119 342 115 122 343 116 124 344 109 120 345 123 123 346 124 125 347 101 119 348 117 126 349 102 121 350 109 120 351 125 127 352 110 107 353 103 109 354 117 126 355 118 128 356 110 107 357 126 129 358 111 108 359 104 110 360 118 128 361 119 130 362 97 111 363 81 23 364 112 131 365 307 25 366 111 108 367 126 129 368 104 110 369 120 132 370 105 112 371 98 113 372 112 131 373 113 133 374 105 112 375 121 134 376 106 114 377 98 113 378 114 135 379 99 115 380 107 116 381 121 134 382 122 136 383 119 130 384 133 137 385 134 138 386 112 131 387 81 23 388 127 139 389 307 25 390 126 129 391 141 140 392 119 130 393 135 141 394 120 132 395 112 131 396 128 142 397 113 133 398 120 132 399 136 143 400 121 134 401 114 135 402 128 142 403 129 144 404 122 136 405 136 143 406 137 145 407 114 135 408 130 146 409 115 122 410 122 136 411 138 147 412 123 123 413 116 124 414 130 146 415 131 148 416 124 125 417 138 147 418 139 149 419 116 124 420 132 150 421 117 126 422 124 125 423 140 151 424 125 127 425 118 128 426 132 150 427 133 137 428 126 129 429 140 151 430 141 140 431 137 145 432 153 152 433 138 147 434 131 148 435 145 153 436 146 154 437 139 149 438 153 152 439 154 155 440 131 148 441 147 156 442 132 150 443 140 151 444 154 155 445 155 157 446 133 137 447 147 156 448 148 158 449 140 151 450 156 159 451 141 140 452 134 138 453 148 158 454 149 160 455 127 139 456 81 23 457 142 161 458 307 25 459 141 140 460 156 159 461 134 138 462 150 162 463 135 141 464 128 142 465 142 161 466 143 163 467 135 141 468 151 164 469 136 143 470 128 142 471 144 165 472 129 144 473 137 145 474 151 164 475 152 166 476 129 144 477 145 153 478 130 146 479 142 161 480 81 23 481 157 167 482 307 25 483 156 159 484 171 168 485 149 160 486 165 169 487 150 162 488 142 161 489 158 170 490 143 163 491 150 162 492 166 171 493 151 164 494 143 163 495 159 172 496 144 165 497 152 166 498 166 171 499 167 173 500 144 165 501 160 174 502 145 153 503 152 166 504 168 175 505 153 152 506 146 154 507 160 174 508 161 176 509 154 155 510 168 175 511 169 177 512 146 154 513 162 178 514 147 156 515 154 155 516 170 179 517 155 157 518 148 158 519 162 178 520 163 180 521 156 159 522 170 179 523 171 168 524 149 160 525 163 180 526 164 181 527 161 176 528 175 182 529 176 183 530 169 177 531 183 184 532 184 185 533 161 176 534 177 186 535 162 178 536 169 177 537 185 187 538 170 179 539 163 180 540 177 186 541 178 188 542 171 168 543 185 187 544 186 189 545 164 181 546 178 188 547 179 190 548 157 167 549 81 23 550 172 191 551 307 25 552 171 168 553 186 189 554 164 181 555 180 192 556 165 169 557 157 167 558 173 193 559 158 170 560 165 169 561 181 194 562 166 171 563 158 170 564 174 195 565 159 172 566 167 173 567 181 194 568 182 196 569 159 172 570 175 182 571 160 174 572 167 173 573 183 184 574 168 175 575 179 190 576 195 197 577 180 192 578 173 193 579 187 198 580 188 199 581 180 192 582 196 200 583 181 194 584 174 195 585 188 199 586 189 201 587 182 196 588 196 200 589 197 202 590 174 195 591 190 203 592 175 182 593 182 196 594 198 204 595 183 184 596 176 183 597 190 203 598 191 205 599 184 185 600 198 204 601 199 206 602 176 183 603 192 207 604 177 186 605 184 185 606 200 208 607 185 187 608 178 188 609 192 207 610 193 209 611 185 187 612 201 210 613 186 189 614 179 190 615 193 209 616 194 211 617 172 191 618 81 23 619 187 198 620 307 25 621 186 189 622 201 210 623 199 206 624 213 212 625 214 213 626 191 205 627 207 214 628 192 207 629 200 208 630 214 213 631 215 215 632 193 209 633 207 214 634 208 216 635 201 210 636 215 215 637 216 217 638 194 211 639 208 216 640 209 218 641 187 198 642 81 23 643 202 219 644 307 25 645 201 210 646 216 217 647 194 211 648 210 220 649 195 197 650 187 198 651 203 221 652 188 199 653 195 197 654 211 222 655 196 200 656 188 199 657 204 223 658 189 201 659 197 202 660 211 222 661 212 224 662 189 201 663 205 225 664 190 203 665 197 202 666 213 212 667 198 204 668 191 205 669 205 225 670 206 226 671 210 220 672 226 227 673 211 222 674 203 221 675 219 228 676 204 223 677 212 224 678 226 227 679 227 229 680 204 223 681 220 230 682 205 225 683 212 224 684 228 231 685 213 212 686 206 226 687 220 230 688 221 232 689 214 213 690 228 231 691 229 233 692 206 226 693 222 234 694 207 214 695 215 215 696 229 233 697 230 235 698 208 216 699 222 234 700 223 236 701 216 217 702 230 235 703 231 237 704 209 218 705 223 236 706 224 238 707 202 219 708 81 23 709 217 239 710 307 25 711 216 217 712 231 237 713 209 218 714 225 240 715 210 220 716 202 219 717 218 241 718 203 221 719 230 235 720 244 242 721 245 243 722 223 236 723 237 244 724 238 245 725 230 235 726 246 246 727 231 237 728 224 238 729 238 245 730 239 247 731 217 239 732 81 23 733 232 248 734 307 25 735 231 237 736 246 246 737 224 238 738 240 249 739 225 240 740 218 241 741 232 248 742 233 250 743 225 240 744 241 251 745 226 227 746 218 241 747 234 252 748 219 228 749 227 229 750 241 251 751 242 253 752 219 228 753 235 254 754 220 230 755 227 229 756 243 255 757 228 231 758 221 232 759 235 254 760 236 256 761 229 233 762 243 255 763 244 242 764 221 232 765 237 244 766 222 234 767 234 252 768 248 257 769 249 258 770 242 253 771 256 259 772 257 260 773 234 252 774 250 261 775 235 254 776 242 253 777 258 262 778 243 255 779 236 256 780 250 261 781 251 263 782 244 242 783 258 262 784 259 264 785 236 256 786 252 265 787 237 244 788 244 242 789 260 266 790 245 243 791 238 245 792 252 265 793 253 267 794 245 243 795 261 268 796 246 246 797 239 247 798 253 267 799 254 269 800 232 248 801 81 23 802 247 270 803 307 25 804 246 246 805 261 268 806 239 247 807 255 271 808 240 249 809 233 250 810 247 270 811 248 257 812 240 249 813 256 259 814 241 251 815 253 267 816 267 272 817 268 273 818 260 266 819 276 274 820 261 268 821 254 269 822 268 273 823 269 275 824 247 270 825 81 23 826 262 276 827 307 25 828 261 268 829 276 274 830 254 269 831 270 277 832 255 271 833 247 270 834 263 278 835 248 257 836 255 271 837 271 279 838 256 259 839 248 257 840 264 280 841 249 258 842 257 260 843 271 279 844 272 281 845 249 258 846 265 282 847 250 261 848 257 260 849 273 283 850 258 262 851 251 263 852 265 282 853 266 284 854 259 264 855 273 283 856 274 285 857 251 263 858 267 272 859 252 265 860 260 266 861 274 285 862 275 286 863 272 281 864 286 287 865 287 288 866 264 280 867 280 289 868 265 282 869 272 281 870 288 290 871 273 283 872 266 284 873 280 289 874 281 291 875 274 285 876 288 290 877 289 292 878 266 284 879 282 293 880 267 272 881 274 285 882 290 294 883 275 286 884 268 273 885 282 293 886 283 295 887 276 274 888 290 294 889 291 296 890 269 275 891 283 295 892 284 297 893 262 276 894 81 23 895 277 298 896 307 25 897 276 274 898 291 296 899 269 275 900 285 299 901 270 277 902 262 276 903 278 300 904 263 278 905 270 277 906 286 287 907 271 279 908 264 280 909 278 300 910 279 301 911 291 296 912 305 302 913 306 303 914 284 297 915 298 304 916 299 305 917 277 298 918 81 23 919 292 306 920 307 25 921 291 296 922 306 303 923 284 297 924 300 307 925 285 299 926 277 298 927 293 308 928 278 300 929 285 299 930 301 309 931 286 287 932 279 301 933 293 308 934 294 310 935 287 288 936 301 309 937 302 311 938 279 301 939 295 312 940 280 289 941 287 288 942 303 313 943 288 290 944 281 291 945 295 312 946 296 314 947 289 292 948 303 313 949 304 315 950 281 291 951 297 316 952 282 293 953 289 292 954 305 302 955 290 294 956 283 295 957 297 316 958 298 304 959 294 310 960 311 317 961 295 312 962 302 311 963 319 318 964 303 313 965 296 314 966 311 317 967 312 319 968 304 315 969 319 318 970 320 320 971 296 314 972 313 321 973 297 316 974 304 315 975 321 322 976 305 302 977 298 304 978 313 321 979 314 323 980 305 302 981 322 324 982 306 303 983 299 305 984 314 323 985 315 325 986 292 306 987 81 23 988 308 326 989 307 25 990 306 303 991 322 324 992 299 305 993 316 327 994 300 307 995 293 308 996 308 326 997 309 328 998 300 307 999 317 329 1000 301 309 1001 294 310 1002 309 328 1003 310 330 1004 302 311 1005 317 329 1006 318 331 1007 315 325 1008 329 332 1009 330 333 1010 308 326 1011 81 23 1012 323 334 1013 307 25 1014 322 324 1015 337 335 1016 315 325 1017 331 336 1018 316 327 1019 308 326 1020 324 337 1021 309 328 1022 316 327 1023 332 338 1024 317 329 1025 309 328 1026 325 339 1027 310 330 1028 318 331 1029 332 338 1030 333 340 1031 310 330 1032 326 341 1033 311 317 1034 318 331 1035 334 342 1036 319 318 1037 312 319 1038 326 341 1039 327 343 1040 320 320 1041 334 342 1042 335 344 1043 312 319 1044 328 345 1045 313 321 1046 320 320 1047 336 346 1048 321 322 1049 314 323 1050 328 345 1051 329 332 1052 322 324 1053 336 346 1054 337 335 1055 333 340 1056 349 347 1057 334 342 1058 327 343 1059 341 348 1060 342 349 1061 335 344 1062 349 347 1063 350 350 1064 327 343 1065 343 351 1066 328 345 1067 335 344 1068 351 352 1069 336 346 1070 329 332 1071 343 351 1072 344 353 1073 337 335 1074 351 352 1075 352 354 1076 330 333 1077 344 353 1078 345 355 1079 323 334 1080 81 23 1081 338 356 1082 307 25 1083 337 335 1084 352 354 1085 330 333 1086 346 357 1087 331 336 1088 323 334 1089 339 358 1090 324 337 1091 331 336 1092 347 359 1093 332 338 1094 325 339 1095 339 358 1096 340 360 1097 333 340 1098 347 359 1099 348 361 1100 325 339 1101 341 348 1102 326 341 1103 307 25 1104 352 354 1105 367 362 1106 345 355 1107 361 363 1108 346 357 1109 338 356 1110 354 364 1111 339 358 1112 346 357 1113 362 365 1114 347 359 1115 340 360 1116 354 364 1117 355 366 1118 348 361 1119 362 365 1120 363 367 1121 340 360 1122 356 368 1123 341 348 1124 348 361 1125 364 369 1126 349 347 1127 342 349 1128 356 368 1129 357 370 1130 350 350 1131 364 369 1132 365 371 1133 342 349 1134 358 372 1135 343 351 1136 350 350 1137 366 373 1138 351 352 1139 344 353 1140 358 372 1141 359 374 1142 352 354 1143 366 373 1144 367 362 1145 345 355 1146 359 374 1147 360 375 1148 338 356 1149 81 23 1150 353 376 1151 365 371 1152 379 377 1153 380 378 1154 357 370 1155 373 379 1156 358 372 1157 365 371 1158 381 380 1159 366 373 1160 359 374 1161 373 379 1162 374 381 1163 366 373 1164 382 382 1165 367 362 1166 360 375 1167 374 381 1168 375 383 1169 353 376 1170 81 23 1171 368 384 1172 307 25 1173 367 362 1174 382 382 1175 360 375 1176 376 385 1177 361 363 1178 354 364 1179 368 384 1180 369 386 1181 361 363 1182 377 387 1183 362 365 1184 355 366 1185 369 386 1186 370 388 1187 363 367 1188 377 387 1189 378 389 1190 355 366 1191 371 390 1192 356 368 1193 363 367 1194 379 377 1195 364 369 1196 357 370 1197 371 390 1198 372 391 1199 368 384 1200 384 392 1201 369 386 1202 376 385 1203 392 393 1204 377 387 1205 370 388 1206 384 392 1207 385 394 1208 378 389 1209 392 393 1210 393 395 1211 370 388 1212 386 396 1213 371 390 1214 378 389 1215 394 397 1216 379 377 1217 372 391 1218 386 396 1219 387 398 1220 380 378 1221 394 397 1222 395 399 1223 372 391 1224 388 400 1225 373 379 1226 380 378 1227 396 401 1228 381 380 1229 374 381 1230 388 400 1231 389 402 1232 381 380 1233 397 403 1234 382 382 1235 375 383 1236 389 402 1237 390 404 1238 368 384 1239 81 23 1240 383 405 1241 307 25 1242 382 382 1243 397 403 1244 375 383 1245 391 406 1246 376 385 1247 387 398 1248 403 407 1249 388 400 1250 395 399 1251 411 408 1252 396 401 1253 389 402 1254 403 407 1255 404 409 1256 397 403 1257 411 408 1258 412 410 1259 390 404 1260 404 409 1261 405 411 1262 383 405 1263 81 23 1264 398 412 1265 307 25 1266 397 403 1267 412 410 1268 390 404 1269 406 413 1270 391 406 1271 383 405 1272 399 414 1273 384 392 1274 391 406 1275 407 415 1276 392 393 1277 385 394 1278 399 414 1279 400 416 1280 393 395 1281 407 415 1282 408 417 1283 385 394 1284 401 418 1285 386 396 1286 393 395 1287 409 419 1288 394 397 1289 387 398 1290 401 418 1291 402 420 1292 395 399 1293 409 419 1294 410 421 1295 406 413 1296 422 422 1297 407 415 1298 400 416 1299 414 423 1300 415 424 1301 408 417 1302 422 422 1303 423 425 1304 400 416 1305 416 426 1306 401 418 1307 408 417 1308 424 427 1309 409 419 1310 402 420 1311 416 426 1312 417 428 1313 410 421 1314 424 427 1315 425 429 1316 402 420 1317 418 430 1318 403 407 1319 410 421 1320 426 431 1321 411 408 1322 404 409 1323 418 430 1324 419 432 1325 412 410 1326 426 431 1327 427 433 1328 405 411 1329 419 432 1330 420 434 1331 398 412 1332 81 23 1333 413 435 1334 307 25 1335 412 410 1336 427 433 1337 405 411 1338 421 436 1339 406 413 1340 398 412 1341 414 423 1342 399 414 1343 425 429 1344 441 437 1345 426 431 1346 419 432 1347 433 438 1348 434 439 1349 427 433 1350 441 437 1351 442 440 1352 420 434 1353 434 439 1354 435 441 1355 413 435 1356 81 23 1357 428 442 1358 307 25 1359 427 433 1360 442 440 1361 420 434 1362 436 443 1363 421 436 1364 413 435 1365 429 444 1366 414 423 1367 421 436 1368 437 445 1369 422 422 1370 415 424 1371 429 444 1372 430 446 1373 423 425 1374 437 445 1375 438 447 1376 415 424 1377 431 448 1378 416 426 1379 423 425 1380 439 449 1381 424 427 1382 417 428 1383 431 448 1384 432 450 1385 425 429 1386 439 449 1387 440 451 1388 417 428 1389 433 438 1390 418 430 1391 430 446 1392 444 452 1393 445 453 1394 438 447 1395 452 454 1396 453 455 1397 430 446 1398 446 456 1399 431 448 1400 438 447 1401 454 457 1402 439 449 1403 432 450 1404 446 456 1405 447 458 1406 440 451 1407 454 457 1408 455 459 1409 432 450 1410 448 460 1411 433 438 1412 440 451 1413 456 461 1414 441 437 1415 434 439 1416 448 460 1417 449 462 1418 441 437 1419 457 463 1420 442 440 1421 435 441 1422 449 462 1423 450 464 1424 428 442 1425 81 23 1426 443 465 1427 307 25 1428 442 440 1429 457 463 1430 435 441 1431 451 466 1432 436 443 1433 428 442 1434 444 452 1435 429 444 1436 436 443 1437 452 454 1438 437 445 1439 449 462 1440 463 467 1441 464 468 1442 456 461 1443 472 469 1444 457 463 1445 450 464 1446 464 468 1447 465 470 1448 443 465 1449 81 23 1450 458 471 1451 307 25 1452 457 463 1453 472 469 1454 450 464 1455 466 472 1456 451 466 1457 443 465 1458 459 473 1459 444 452 1460 451 466 1461 467 474 1462 452 454 1463 445 453 1464 459 473 1465 460 475 1466 453 455 1467 467 474 1468 468 476 1469 445 453 1470 461 477 1471 446 456 1472 453 455 1473 469 478 1474 454 457 1475 447 458 1476 461 477 1477 462 479 1478 455 459 1479 469 478 1480 470 480 1481 447 458 1482 463 467 1483 448 460 1484 455 459 1485 471 481 1486 456 461 1487 467 474 1488 5 2 1489 468 476 1490 461 477 1491 0 31 1492 475 3 1493 468 476 1494 478 6 1495 469 478 1496 462 479 1497 475 3 1498 1 9 1499 470 480 1500 478 6 1501 479 11 1502 463 467 1503 1 9 1504 476 12 1505 471 481 1506 479 11 1507 480 15 1508 464 468 1509 476 12 1510 2 16 1511 472 469 1512 480 15 1513 481 19 1514 465 470 1515 2 16 1516 3 21 1517 458 471 1518 81 23 1519 473 22 1520 307 25 1521 472 469 1522 481 19 1523 465 470 1524 4 27 1525 466 472 1526 458 471 1527 474 28 1528 459 473 1529 466 472 1530 477 0 1531 467 474 1532 460 475 1533 474 28 1534 0 31 1535 477 0 1536 15 30 1537 16 1 1538 475 3 1539 0 31 1540 8 4 1541 478 6 1542 5 2 1543 16 1 1544 475 3 1545 9 5 1546 10 8 1547 478 6 1548 17 7 1549 18 10 1550 476 12 1551 1 9 1552 10 8 1553 479 11 1554 18 10 1555 19 14 1556 2 16 1557 476 12 1558 11 13 1559 480 15 1560 19 14 1561 20 18 1562 2 16 1563 12 17 1564 13 20 1565 3 21 1566 13 20 1567 14 26 1568 474 28 1569 473 22 1570 6 24 1571 4 27 1572 14 26 1573 15 30 1574 0 31 1575 474 28 1576 7 29 1577 6 24 1578 21 45 1579 22 32 1580 14 26 1581 29 46 1582 30 33 1583 7 29 1584 22 32 1585 23 34 1586 16 1 1587 15 30 1588 30 33 1589 8 4 1590 23 34 1591 24 36 1592 17 7 1593 16 1 1594 31 35 1595 9 5 1596 24 36 1597 25 38 1598 18 10 1599 17 7 1600 32 37 1601 10 8 1602 25 38 1603 26 40 1604 19 14 1605 18 10 1606 33 39 1607 12 17 1608 11 13 1609 26 40 1610 20 18 1611 19 14 1612 34 41 1613 13 20 1614 12 17 1615 27 42 1616 13 20 1617 28 44 1618 29 46 1619 25 38 1620 40 60 1621 41 47 1622 33 39 1623 48 61 1624 49 48 1625 27 42 1626 26 40 1627 41 47 1628 35 43 1629 34 41 1630 49 48 1631 28 44 1632 27 42 1633 42 49 1634 28 44 1635 43 51 1636 44 53 1637 21 45 1638 36 52 1639 37 54 1640 29 46 1641 44 53 1642 45 55 1643 22 32 1644 37 54 1645 38 56 1646 31 35 1647 30 33 1648 45 55 1649 23 34 1650 38 56 1651 39 58 1652 32 37 1653 31 35 1654 46 57 1655 24 36 1656 39 58 1657 40 60 1658 33 39 1659 32 37 1660 47 59 1661 44 53 1662 59 75 1663 60 62 1664 37 54 1665 52 76 1666 53 63 1667 46 57 1668 45 55 1669 60 62 1670 38 56 1671 53 63 1672 54 65 1673 46 57 1674 61 64 1675 62 66 1676 40 60 1677 39 58 1678 54 65 1679 48 61 1680 47 59 1681 62 66 1682 40 60 1683 55 67 1684 56 69 1685 49 48 1686 48 61 1687 63 68 1688 42 49 1689 41 47 1690 56 69 1691 50 50 1692 49 48 1693 64 70 1694 43 51 1695 42 49 1696 57 71 1697 43 51 1698 58 73 1699 59 75 1700 36 52 1701 51 74 1702 52 76 1703 63 68 1704 78 91 1705 79 77 1706 57 71 1707 56 69 1708 71 78 1709 64 70 1710 79 77 1711 80 80 1712 58 73 1713 57 71 1714 72 79 1715 58 73 1716 73 81 1717 74 83 1718 51 74 1719 66 82 1720 67 84 1721 59 75 1722 74 83 1723 75 85 1724 53 63 1725 52 76 1726 67 84 1727 61 64 1728 60 62 1729 75 85 1730 53 63 1731 68 86 1732 69 88 1733 61 64 1734 76 87 1735 77 89 1736 55 67 1737 54 65 1738 69 88 1739 63 68 1740 62 66 1741 77 89 1742 55 67 1743 70 90 1744 71 78 1745 76 87 1746 75 85 1747 91 92 1748 68 86 1749 84 106 1750 85 94 1751 76 87 1752 92 93 1753 93 95 1754 70 90 1755 69 88 1756 85 94 1757 78 91 1758 77 89 1759 93 95 1760 70 90 1761 86 96 1762 87 98 1763 79 77 1764 78 91 1765 94 97 1766 72 79 1767 71 78 1768 87 98 1769 80 80 1770 79 77 1771 95 99 1772 73 81 1773 72 79 1774 88 100 1775 73 81 1776 89 102 1777 90 104 1778 66 82 1779 82 103 1780 83 105 1781 74 83 1782 90 104 1783 91 92 1784 67 84 1785 83 105 1786 84 106 1787 96 101 1788 95 99 1789 110 107 1790 89 102 1791 88 100 1792 103 109 1793 89 102 1794 104 110 1795 105 112 1796 82 103 1797 97 111 1798 98 113 1799 90 104 1800 105 112 1801 106 114 1802 84 106 1803 83 105 1804 98 113 1805 92 93 1806 91 92 1807 106 114 1808 84 106 1809 99 115 1810 100 117 1811 92 93 1812 107 116 1813 108 118 1814 86 96 1815 85 94 1816 100 117 1817 94 97 1818 93 95 1819 108 118 1820 86 96 1821 101 119 1822 102 121 1823 94 97 1824 109 120 1825 110 107 1826 88 100 1827 87 98 1828 102 121 1829 99 115 1830 114 135 1831 115 122 1832 107 116 1833 122 136 1834 123 123 1835 101 119 1836 100 117 1837 115 122 1838 109 120 1839 108 118 1840 123 123 1841 101 119 1842 116 124 1843 117 126 1844 109 120 1845 124 125 1846 125 127 1847 103 109 1848 102 121 1849 117 126 1850 110 107 1851 125 127 1852 126 129 1853 104 110 1854 103 109 1855 118 128 1856 104 110 1857 119 130 1858 120 132 1859 98 113 1860 97 111 1861 112 131 1862 105 112 1863 120 132 1864 121 134 1865 98 113 1866 113 133 1867 114 135 1868 107 116 1869 106 114 1870 121 134 1871 119 130 1872 118 128 1873 133 137 1874 119 130 1875 134 138 1876 135 141 1877 112 131 1878 127 139 1879 128 142 1880 120 132 1881 135 141 1882 136 143 1883 114 135 1884 113 133 1885 128 142 1886 122 136 1887 121 134 1888 136 143 1889 114 135 1890 129 144 1891 130 146 1892 122 136 1893 137 145 1894 138 147 1895 116 124 1896 115 122 1897 130 146 1898 124 125 1899 123 123 1900 138 147 1901 116 124 1902 131 148 1903 132 150 1904 124 125 1905 139 149 1906 140 151 1907 118 128 1908 117 126 1909 132 150 1910 126 129 1911 125 127 1912 140 151 1913 137 145 1914 152 166 1915 153 152 1916 131 148 1917 130 146 1918 145 153 1919 139 149 1920 138 147 1921 153 152 1922 131 148 1923 146 154 1924 147 156 1925 140 151 1926 139 149 1927 154 155 1928 133 137 1929 132 150 1930 147 156 1931 140 151 1932 155 157 1933 156 159 1934 134 138 1935 133 137 1936 148 158 1937 134 138 1938 149 160 1939 150 162 1940 128 142 1941 127 139 1942 142 161 1943 135 141 1944 150 162 1945 151 164 1946 128 142 1947 143 163 1948 144 165 1949 137 145 1950 136 143 1951 151 164 1952 129 144 1953 144 165 1954 145 153 1955 149 160 1956 164 181 1957 165 169 1958 142 161 1959 157 167 1960 158 170 1961 150 162 1962 165 169 1963 166 171 1964 143 163 1965 158 170 1966 159 172 1967 152 166 1968 151 164 1969 166 171 1970 144 165 1971 159 172 1972 160 174 1973 152 166 1974 167 173 1975 168 175 1976 146 154 1977 145 153 1978 160 174 1979 154 155 1980 153 152 1981 168 175 1982 146 154 1983 161 176 1984 162 178 1985 154 155 1986 169 177 1987 170 179 1988 148 158 1989 147 156 1990 162 178 1991 156 159 1992 155 157 1993 170 179 1994 149 160 1995 148 158 1996 163 180 1997 161 176 1998 160 174 1999 175 182 2000 169 177 2001 168 175 2002 183 184 2003 161 176 2004 176 183 2005 177 186 2006 169 177 2007 184 185 2008 185 187 2009 163 180 2010 162 178 2011 177 186 2012 171 168 2013 170 179 2014 185 187 2015 164 181 2016 163 180 2017 178 188 2018 164 181 2019 179 190 2020 180 192 2021 157 167 2022 172 191 2023 173 193 2024 165 169 2025 180 192 2026 181 194 2027 158 170 2028 173 193 2029 174 195 2030 167 173 2031 166 171 2032 181 194 2033 159 172 2034 174 195 2035 175 182 2036 167 173 2037 182 196 2038 183 184 2039 179 190 2040 194 211 2041 195 197 2042 173 193 2043 172 191 2044 187 198 2045 180 192 2046 195 197 2047 196 200 2048 174 195 2049 173 193 2050 188 199 2051 182 196 2052 181 194 2053 196 200 2054 174 195 2055 189 201 2056 190 203 2057 182 196 2058 197 202 2059 198 204 2060 176 183 2061 175 182 2062 190 203 2063 184 185 2064 183 184 2065 198 204 2066 176 183 2067 191 205 2068 192 207 2069 184 185 2070 199 206 2071 200 208 2072 178 188 2073 177 186 2074 192 207 2075 185 187 2076 200 208 2077 201 210 2078 179 190 2079 178 188 2080 193 209 2081 199 206 2082 198 204 2083 213 212 2084 191 205 2085 206 226 2086 207 214 2087 200 208 2088 199 206 2089 214 213 2090 193 209 2091 192 207 2092 207 214 2093 201 210 2094 200 208 2095 215 215 2096 194 211 2097 193 209 2098 208 216 2099 194 211 2100 209 218 2101 210 220 2102 187 198 2103 202 219 2104 203 221 2105 195 197 2106 210 220 2107 211 222 2108 188 199 2109 203 221 2110 204 223 2111 197 202 2112 196 200 2113 211 222 2114 189 201 2115 204 223 2116 205 225 2117 197 202 2118 212 224 2119 213 212 2120 191 205 2121 190 203 2122 205 225 2123 210 220 2124 225 240 2125 226 227 2126 203 221 2127 218 241 2128 219 228 2129 212 224 2130 211 222 2131 226 227 2132 204 223 2133 219 228 2134 220 230 2135 212 224 2136 227 229 2137 228 231 2138 206 226 2139 205 225 2140 220 230 2141 214 213 2142 213 212 2143 228 231 2144 206 226 2145 221 232 2146 222 234 2147 215 215 2148 214 213 2149 229 233 2150 208 216 2151 207 214 2152 222 234 2153 216 217 2154 215 215 2155 230 235 2156 209 218 2157 208 216 2158 223 236 2159 209 218 2160 224 238 2161 225 240 2162 202 219 2163 217 239 2164 218 241 2165 230 235 2166 229 233 2167 244 242 2168 223 236 2169 222 234 2170 237 244 2171 230 235 2172 245 243 2173 246 246 2174 224 238 2175 223 236 2176 238 245 2177 224 238 2178 239 247 2179 240 249 2180 218 241 2181 217 239 2182 232 248 2183 225 240 2184 240 249 2185 241 251 2186 218 241 2187 233 250 2188 234 252 2189 227 229 2190 226 227 2191 241 251 2192 219 228 2193 234 252 2194 235 254 2195 227 229 2196 242 253 2197 243 255 2198 221 232 2199 220 230 2200 235 254 2201 229 233 2202 228 231 2203 243 255 2204 221 232 2205 236 256 2206 237 244 2207 234 252 2208 233 250 2209 248 257 2210 242 253 2211 241 251 2212 256 259 2213 234 252 2214 249 258 2215 250 261 2216 242 253 2217 257 260 2218 258 262 2219 236 256 2220 235 254 2221 250 261 2222 244 242 2223 243 255 2224 258 262 2225 236 256 2226 251 263 2227 252 265 2228 244 242 2229 259 264 2230 260 266 2231 238 245 2232 237 244 2233 252 265 2234 245 243 2235 260 266 2236 261 268 2237 239 247 2238 238 245 2239 253 267 2240 239 247 2241 254 269 2242 255 271 2243 233 250 2244 232 248 2245 247 270 2246 240 249 2247 255 271 2248 256 259 2249 253 267 2250 252 265 2251 267 272 2252 260 266 2253 275 286 2254 276 274 2255 254 269 2256 253 267 2257 268 273 2258 254 269 2259 269 275 2260 270 277 2261 247 270 2262 262 276 2263 263 278 2264 255 271 2265 270 277 2266 271 279 2267 248 257 2268 263 278 2269 264 280 2270 257 260 2271 256 259 2272 271 279 2273 249 258 2274 264 280 2275 265 282 2276 257 260 2277 272 281 2278 273 283 2279 251 263 2280 250 261 2281 265 282 2282 259 264 2283 258 262 2284 273 283 2285 251 263 2286 266 284 2287 267 272 2288 260 266 2289 259 264 2290 274 285 2291 272 281 2292 271 279 2293 286 287 2294 264 280 2295 279 301 2296 280 289 2297 272 281 2298 287 288 2299 288 290 2300 266 284 2301 265 282 2302 280 289 2303 274 285 2304 273 283 2305 288 290 2306 266 284 2307 281 291 2308 282 293 2309 274 285 2310 289 292 2311 290 294 2312 268 273 2313 267 272 2314 282 293 2315 276 274 2316 275 286 2317 290 294 2318 269 275 2319 268 273 2320 283 295 2321 269 275 2322 284 297 2323 285 299 2324 262 276 2325 277 298 2326 278 300 2327 270 277 2328 285 299 2329 286 287 2330 264 280 2331 263 278 2332 278 300 2333 291 296 2334 290 294 2335 305 302 2336 284 297 2337 283 295 2338 298 304 2339 284 297 2340 299 305 2341 300 307 2342 277 298 2343 292 306 2344 293 308 2345 285 299 2346 300 307 2347 301 309 2348 279 301 2349 278 300 2350 293 308 2351 287 288 2352 286 287 2353 301 309 2354 279 301 2355 294 310 2356 295 312 2357 287 288 2358 302 311 2359 303 313 2360 281 291 2361 280 289 2362 295 312 2363 289 292 2364 288 290 2365 303 313 2366 281 291 2367 296 314 2368 297 316 2369 289 292 2370 304 315 2371 305 302 2372 283 295 2373 282 293 2374 297 316 2375 294 310 2376 310 330 2377 311 317 2378 302 311 2379 318 331 2380 319 318 2381 296 314 2382 295 312 2383 311 317 2384 304 315 2385 303 313 2386 319 318 2387 296 314 2388 312 319 2389 313 321 2390 304 315 2391 320 320 2392 321 322 2393 298 304 2394 297 316 2395 313 321 2396 305 302 2397 321 322 2398 322 324 2399 299 305 2400 298 304 2401 314 323 2402 299 305 2403 315 325 2404 316 327 2405 293 308 2406 292 306 2407 308 326 2408 300 307 2409 316 327 2410 317 329 2411 294 310 2412 293 308 2413 309 328 2414 302 311 2415 301 309 2416 317 329 2417 315 325 2418 314 323 2419 329 332 2420 315 325 2421 330 333 2422 331 336 2423 308 326 2424 323 334 2425 324 337 2426 316 327 2427 331 336 2428 332 338 2429 309 328 2430 324 337 2431 325 339 2432 318 331 2433 317 329 2434 332 338 2435 310 330 2436 325 339 2437 326 341 2438 318 331 2439 333 340 2440 334 342 2441 312 319 2442 311 317 2443 326 341 2444 320 320 2445 319 318 2446 334 342 2447 312 319 2448 327 343 2449 328 345 2450 320 320 2451 335 344 2452 336 346 2453 314 323 2454 313 321 2455 328 345 2456 322 324 2457 321 322 2458 336 346 2459 333 340 2460 348 361 2461 349 347 2462 327 343 2463 326 341 2464 341 348 2465 335 344 2466 334 342 2467 349 347 2468 327 343 2469 342 349 2470 343 351 2471 335 344 2472 350 350 2473 351 352 2474 329 332 2475 328 345 2476 343 351 2477 337 335 2478 336 346 2479 351 352 2480 330 333 2481 329 332 2482 344 353 2483 330 333 2484 345 355 2485 346 357 2486 323 334 2487 338 356 2488 339 358 2489 331 336 2490 346 357 2491 347 359 2492 325 339 2493 324 337 2494 339 358 2495 333 340 2496 332 338 2497 347 359 2498 325 339 2499 340 360 2500 341 348 2501 345 355 2502 360 375 2503 361 363 2504 338 356 2505 353 376 2506 354 364 2507 346 357 2508 361 363 2509 362 365 2510 340 360 2511 339 358 2512 354 364 2513 348 361 2514 347 359 2515 362 365 2516 340 360 2517 355 366 2518 356 368 2519 348 361 2520 363 367 2521 364 369 2522 342 349 2523 341 348 2524 356 368 2525 350 350 2526 349 347 2527 364 369 2528 342 349 2529 357 370 2530 358 372 2531 350 350 2532 365 371 2533 366 373 2534 344 353 2535 343 351 2536 358 372 2537 352 354 2538 351 352 2539 366 373 2540 345 355 2541 344 353 2542 359 374 2543 365 371 2544 364 369 2545 379 377 2546 357 370 2547 372 391 2548 373 379 2549 365 371 2550 380 378 2551 381 380 2552 359 374 2553 358 372 2554 373 379 2555 366 373 2556 381 380 2557 382 382 2558 360 375 2559 359 374 2560 374 381 2561 360 375 2562 375 383 2563 376 385 2564 354 364 2565 353 376 2566 368 384 2567 361 363 2568 376 385 2569 377 387 2570 355 366 2571 354 364 2572 369 386 2573 363 367 2574 362 365 2575 377 387 2576 355 366 2577 370 388 2578 371 390 2579 363 367 2580 378 389 2581 379 377 2582 357 370 2583 356 368 2584 371 390 2585 368 384 2586 383 405 2587 384 392 2588 376 385 2589 391 406 2590 392 393 2591 370 388 2592 369 386 2593 384 392 2594 378 389 2595 377 387 2596 392 393 2597 370 388 2598 385 394 2599 386 396 2600 378 389 2601 393 395 2602 394 397 2603 372 391 2604 371 390 2605 386 396 2606 380 378 2607 379 377 2608 394 397 2609 372 391 2610 387 398 2611 388 400 2612 380 378 2613 395 399 2614 396 401 2615 374 381 2616 373 379 2617 388 400 2618 381 380 2619 396 401 2620 397 403 2621 375 383 2622 374 381 2623 389 402 2624 375 383 2625 390 404 2626 391 406 2627 387 398 2628 402 420 2629 403 407 2630 395 399 2631 410 421 2632 411 408 2633 389 402 2634 388 400 2635 403 407 2636 397 403 2637 396 401 2638 411 408 2639 390 404 2640 389 402 2641 404 409 2642 390 404 2643 405 411 2644 406 413 2645 383 405 2646 398 412 2647 399 414 2648 391 406 2649 406 413 2650 407 415 2651 385 394 2652 384 392 2653 399 414 2654 393 395 2655 392 393 2656 407 415 2657 385 394 2658 400 416 2659 401 418 2660 393 395 2661 408 417 2662 409 419 2663 387 398 2664 386 396 2665 401 418 2666 395 399 2667 394 397 2668 409 419 2669 406 413 2670 421 436 2671 422 422 2672 400 416 2673 399 414 2674 414 423 2675 408 417 2676 407 415 2677 422 422 2678 400 416 2679 415 424 2680 416 426 2681 408 417 2682 423 425 2683 424 427 2684 402 420 2685 401 418 2686 416 426 2687 410 421 2688 409 419 2689 424 427 2690 402 420 2691 417 428 2692 418 430 2693 410 421 2694 425 429 2695 426 431 2696 404 409 2697 403 407 2698 418 430 2699 412 410 2700 411 408 2701 426 431 2702 405 411 2703 404 409 2704 419 432 2705 405 411 2706 420 434 2707 421 436 2708 398 412 2709 413 435 2710 414 423 2711 425 429 2712 440 451 2713 441 437 2714 419 432 2715 418 430 2716 433 438 2717 427 433 2718 426 431 2719 441 437 2720 420 434 2721 419 432 2722 434 439 2723 420 434 2724 435 441 2725 436 443 2726 413 435 2727 428 442 2728 429 444 2729 421 436 2730 436 443 2731 437 445 2732 415 424 2733 414 423 2734 429 444 2735 423 425 2736 422 422 2737 437 445 2738 415 424 2739 430 446 2740 431 448 2741 423 425 2742 438 447 2743 439 449 2744 417 428 2745 416 426 2746 431 448 2747 425 429 2748 424 427 2749 439 449 2750 417 428 2751 432 450 2752 433 438 2753 430 446 2754 429 444 2755 444 452 2756 438 447 2757 437 445 2758 452 454 2759 430 446 2760 445 453 2761 446 456 2762 438 447 2763 453 455 2764 454 457 2765 432 450 2766 431 448 2767 446 456 2768 440 451 2769 439 449 2770 454 457 2771 432 450 2772 447 458 2773 448 460 2774 440 451 2775 455 459 2776 456 461 2777 434 439 2778 433 438 2779 448 460 2780 441 437 2781 456 461 2782 457 463 2783 435 441 2784 434 439 2785 449 462 2786 435 441 2787 450 464 2788 451 466 2789 428 442 2790 443 465 2791 444 452 2792 436 443 2793 451 466 2794 452 454 2795 449 462 2796 448 460 2797 463 467 2798 456 461 2799 471 481 2800 472 469 2801 450 464 2802 449 462 2803 464 468 2804 450 464 2805 465 470 2806 466 472 2807 443 465 2808 458 471 2809 459 473 2810 451 466 2811 466 472 2812 467 474 2813 445 453 2814 444 452 2815 459 473 2816 453 455 2817 452 454 2818 467 474 2819 445 453 2820 460 475 2821 461 477 2822 453 455 2823 468 476 2824 469 478 2825 447 458 2826 446 456 2827 461 477 2828 455 459 2829 454 457 2830 469 478 2831 447 458 2832 462 479 2833 463 467 2834 455 459 2835 470 480 2836 471 481 2837 467 474 2838 477 0 2839 5 2 2840 461 477 2841 460 475 2842 0 31 2843 468 476 2844 5 2 2845 478 6 2846 462 479 2847 461 477 2848 475 3 2849 470 480 2850 469 478 2851 478 6 2852 463 467 2853 462 479 2854 1 9 2855 471 481 2856 470 480 2857 479 11 2858 464 468 2859 463 467 2860 476 12 2861 472 469 2862 471 481 2863 480 15 2864 465 470 2865 464 468 2866 2 16 2867 465 470 2868 3 21 2869 4 27 2870 458 471 2871 473 22 2872 474 28 2873 466 472 2874 4 27 2875 477 0 2876 460 475 2877 459 473 2878 474 28 2879</p>
        </triangles>
      </mesh>
    </geometry>
    <geometry id="Sfera_004-mesh" name="Sfera.004">
      <mesh>
        <source id="Sfera_004-mesh-positions">
          <float_array id="Sfera_004-mesh-positions-array" count="1446">0 0.09743183 0.145817 0 0.145817 0.09743183 0 0.1720029 0.03421348 0 0.1753726 0 0 0.1720029 -0.03421348 0 0.145817 -0.09743183 0.006674706 0.0335561 0.1720029 0.01309293 0.06582266 0.1620232 0.01900798 0.09555971 0.145817 0.02419257 0.1216244 0.1240072 0.02844744 0.1430152 0.09743183 0.03160911 0.1589099 0.0671122 0.0335561 0.1686979 0.03421348 0.03421348 0.1720029 0 0.0335561 0.1686979 -0.03421348 0.03160911 0.1589099 -0.0671122 0.02844744 0.1430152 -0.09743183 0.02419257 0.1216244 -0.1240072 0.01900798 0.09555971 -0.145817 0.01309293 0.06582266 -0.1620232 0.006674706 0.0335561 -0.1720029 0.01309293 0.03160911 0.1720029 0.02568268 0.06200355 0.1620232 0.0372855 0.09001523 0.145817 0.04745548 0.1145677 0.1240072 0.05580174 0.1347174 0.09743183 0.06200355 0.1496899 0.0671122 0.06582266 0.1589099 0.03421348 0.0671122 0.1620232 0 0.06582266 0.1589099 -0.03421348 0.06200355 0.1496899 -0.0671122 0.05580174 0.1347174 -0.09743183 0.04745548 0.1145677 -0.1240072 0.0372855 0.09001523 -0.145817 0.02568268 0.06200355 -0.1620232 0.01309293 0.03160911 -0.1720029 0.01900798 0.02844744 0.1720029 0.0372855 0.05580174 0.1620232 0.05413019 0.08101159 0.145817 0.06889468 0.1031082 0.1240072 0.08101159 0.1212424 0.09743183 0.09001523 0.1347174 0.0671122 0.09555971 0.1430152 0.03421348 0.09743183 0.145817 0 0.09555971 0.1430152 -0.03421348 0.09001523 0.1347174 -0.0671122 0.08101159 0.1212424 -0.09743183 0.06889468 0.1031082 -0.1240072 0.05413019 0.08101159 -0.145817 0.0372855 0.05580174 -0.1620232 0.01900798 0.02844744 -0.1720029 0.02419257 0.02419257 0.1720029 0.04745548 0.04745548 0.1620232 0.06889468 0.06889468 0.145817 0.0876863 0.0876863 0.1240072 0.1031082 0.1031082 0.09743183 0.1145676 0.1145677 0.0671122 0.1216244 0.1216244 0.03421348 0.1240072 0.1240071 0 0.1216244 0.1216244 -0.03421348 0.1145676 0.1145677 -0.0671122 0.1031082 0.1031082 -0.09743183 0.0876863 0.0876863 -0.1240072 0.06889468 0.06889468 -0.145817 0.04745548 0.04745548 -0.1620232 0.02419257 0.02419257 -0.1720029 0.02844744 0.01900798 0.1720029 0.05580174 0.0372855 0.1620232 0.08101159 0.05413019 0.145817 0.1031082 0.06889468 0.1240072 0.1212424 0.08101159 0.09743183 0.1347174 0.09001523 0.0671122 0.1430152 0.09555965 0.03421348 0.145817 0.09743177 0 0.1430152 0.09555965 -0.03421348 0.1347174 0.09001523 -0.0671122 0.1212424 0.08101159 -0.09743183 0.1031082 0.06889468 -0.1240072 0.08101159 0.05413019 -0.145817 0.05580174 0.0372855 -0.1620232 0.02844744 0.01900798 -0.1720029 0 0 0.1753726 0.03160911 0.01309293 0.1720029 0.06200355 0.02568268 0.1620232 0.09001523 0.0372855 0.145817 0.1145677 0.04745548 0.1240072 0.1347174 0.05580168 0.09743183 0.1496899 0.06200355 0.0671122 0.1589099 0.0658226 0.03421348 0.1620231 0.06711214 0 0.1589099 0.0658226 -0.03421348 0.1496899 0.06200355 -0.0671122 0.1347174 0.05580168 -0.09743183 0.1145677 0.04745548 -0.1240072 0.09001523 0.0372855 -0.145817 0.06200355 0.02568268 -0.1620232 0.03160911 0.01309293 -0.1720029 0.03355604 0.006674706 0.1720029 0.06582266 0.01309293 0.1620232 0.09555965 0.01900798 0.145817 0.1216244 0.02419257 0.1240072 0.1430152 0.02844744 0.09743183 0.1589099 0.03160911 0.0671122 0.1686979 0.03355604 0.03421348 0.1720029 0.03421342 0 0.1686979 0.03355604 -0.03421348 0.1589099 0.03160911 -0.0671122 0.1430152 0.02844744 -0.09743183 0.1216244 0.02419257 -0.1240072 0.09555965 0.01900798 -0.145817 0.06582266 0.01309293 -0.1620232 0.03355604 0.006674706 -0.1720029 0.03421348 0 0.1720029 0.0671122 0 0.1620232 0.09743177 0 0.145817 0.1240072 0 0.1240072 0.145817 0 0.09743183 0.1620232 0 0.0671122 0.1720029 0 0.03421348 0.1753726 0 0 0.1720029 0 -0.03421348 0.1620232 0 -0.0671122 0.145817 0 -0.09743183 0.1240072 0 -0.1240072 0.09743177 0 -0.145817 0.0671122 0 -0.1620232 0.03421348 0 -0.1720029 0.03355604 -0.006674706 0.1720029 0.06582266 -0.01309293 0.1620232 0.09555965 -0.01900798 0.145817 0.1216244 -0.02419257 0.1240072 0.1430152 -0.0284475 0.09743183 0.1589099 -0.03160911 0.0671122 0.1686979 -0.0335561 0.03421348 0.1720028 -0.03421348 0 0.1686979 -0.0335561 -0.03421348 0.1589099 -0.03160911 -0.0671122 0.1430152 -0.0284475 -0.09743183 0.1216244 -0.02419257 -0.1240072 0.09555965 -0.01900798 -0.145817 0.06582266 -0.01309293 -0.1620232 0.03355604 -0.006674706 -0.1720029 0.03160911 -0.01309293 0.1720029 0.06200355 -0.02568268 0.1620232 0.09001523 -0.0372855 0.145817 0.1145676 -0.04745548 0.1240072 0.1347173 -0.05580174 0.09743183 0.1496899 -0.06200355 0.0671122 0.1589099 -0.06582266 0.03421348 0.1620231 -0.0671122 0 0.1589099 -0.06582266 -0.03421348 0.1496899 -0.06200355 -0.0671122 0.1347173 -0.05580174 -0.09743183 0.1145676 -0.04745548 -0.1240072 0.09001523 -0.0372855 -0.145817 0.06200355 -0.02568268 -0.1620232 0.03160911 -0.01309293 -0.1720029 0.02844744 -0.01900798 0.1720029 0.05580174 -0.0372855 0.1620232 0.08101153 -0.05413019 0.145817 0.1031082 -0.06889468 0.1240072 0.1212424 -0.08101159 0.09743183 0.1347174 -0.09001523 0.0671122 0.1430152 -0.09555965 0.03421348 0.1458169 -0.09743177 0 0.1430152 -0.09555965 -0.03421348 0.1347174 -0.09001523 -0.0671122 0.1212424 -0.08101159 -0.09743183 0.1031082 -0.06889468 -0.1240072 0.08101153 -0.05413019 -0.145817 0.05580174 -0.0372855 -0.1620232 0.02844744 -0.01900798 -0.1720029 0.02419257 -0.02419257 0.1720029 0.04745548 -0.04745548 0.1620232 0.06889462 -0.06889468 0.145817 0.0876863 -0.0876863 0.1240072 0.1031081 -0.1031082 0.09743183 0.1145676 -0.1145676 0.0671122 0.1216244 -0.1216244 0.03421348 0.1240071 -0.1240072 0 0.1216244 -0.1216244 -0.03421348 0.1145676 -0.1145676 -0.0671122 0.1031081 -0.1031082 -0.09743183 0.0876863 -0.0876863 -0.1240072 0.06889462 -0.06889468 -0.145817 0.04745548 -0.04745548 -0.1620232 0.02419257 -0.02419257 -0.1720029 0.01900798 -0.02844744 0.1720029 0.0372855 -0.05580174 0.1620232 0.05413013 -0.08101159 0.145817 0.06889468 -0.1031082 0.1240072 0.08101153 -0.1212424 0.09743183 0.09001523 -0.1347173 0.0671122 0.09555965 -0.1430152 0.03421348 0.09743171 -0.145817 0 0.09555965 -0.1430152 -0.03421348 0.09001523 -0.1347173 -0.0671122 0.08101153 -0.1212424 -0.09743183 0.06889468 -0.1031082 -0.1240072 0.05413013 -0.08101159 -0.145817 0.0372855 -0.05580174 -0.1620232 0.01900798 -0.02844744 -0.1720029 0.01309293 -0.03160911 0.1720029 0.02568268 -0.06200355 0.1620232 0.0372855 -0.09001523 0.145817 0.04745548 -0.1145676 0.1240072 0.05580168 -0.1347173 0.09743183 0.06200355 -0.1496899 0.0671122 0.0658226 -0.1589099 0.03421348 0.06711208 -0.1620231 0 0.0658226 -0.1589099 -0.03421348 0.06200355 -0.1496899 -0.0671122 0.05580168 -0.1347173 -0.09743183 0.04745548 -0.1145676 -0.1240072 0.0372855 -0.09001523 -0.145817 0.02568268 -0.06200355 -0.1620232 0.01309293 -0.03160911 -0.1720029 0.006674706 -0.03355604 0.1720029 0.01309293 -0.06582266 0.1620232 0.01900798 -0.09555965 0.145817 0.02419257 -0.1216244 0.1240072 0.02844744 -0.1430151 0.09743183 0.03160911 -0.1589099 0.0671122 0.03355604 -0.1686978 0.03421348 0.03421342 -0.1720028 0 0.03355604 -0.1686978 -0.03421348 0.03160911 -0.1589099 -0.0671122 0.02844744 -0.1430151 -0.09743183 0.02419257 -0.1216244 -0.1240072 0.01900798 -0.09555965 -0.145817 0.01309293 -0.06582266 -0.1620232 0.006674706 -0.03355604 -0.1720029 0 -0.03421348 0.1720029 0 -0.06711214 0.1620232 0 -0.09743177 0.145817 0 -0.1240072 0.1240072 0 -0.1458169 0.09743183 0 -0.1620231 0.0671122 0 -0.1720029 0.03421348 0 -0.1753725 0 0 -0.1720029 -0.03421348 0 -0.1620231 -0.0671122 0 -0.1458169 -0.09743183 0 -0.1240072 -0.1240072 0 -0.09743177 -0.145817 0 -0.06711214 -0.1620232 0 -0.03421348 -0.1720029 -0.006674706 -0.03355604 0.1720029 -0.01309293 -0.06582266 0.1620232 -0.01900798 -0.09555965 0.145817 -0.02419257 -0.1216244 0.1240072 -0.02844744 -0.1430151 0.09743183 -0.03160911 -0.1589099 0.0671122 -0.0335561 -0.1686978 0.03421348 -0.03421354 -0.1720027 0 -0.0335561 -0.1686978 -0.03421348 -0.03160911 -0.1589099 -0.0671122 -0.02844744 -0.1430151 -0.09743183 -0.02419257 -0.1216244 -0.1240072 -0.01900798 -0.09555965 -0.145817 -0.01309293 -0.06582266 -0.1620232 -0.006674706 -0.03355604 -0.1720029 -0.01309293 -0.03160911 0.1720029 -0.02568268 -0.06200355 0.1620232 -0.0372855 -0.09001517 0.145817 -0.04745548 -0.1145676 0.1240072 -0.05580174 -0.1347173 0.09743183 -0.06200355 -0.1496899 0.0671122 -0.06582266 -0.1589099 0.03421348 -0.0671122 -0.162023 0 -0.06582266 -0.1589099 -0.03421348 -0.06200355 -0.1496899 -0.0671122 -0.05580174 -0.1347173 -0.09743183 -0.04745548 -0.1145676 -0.1240072 -0.0372855 -0.09001517 -0.145817 -0.02568268 -0.06200355 -0.1620232 -0.01309293 -0.03160911 -0.1720029 -0.01900798 -0.02844744 0.1720029 -0.0372855 -0.05580174 0.1620232 -0.05413019 -0.08101153 0.145817 -0.06889468 -0.1031082 0.1240072 -0.08101159 -0.1212424 0.09743183 -0.09001523 -0.1347173 0.0671122 -0.09555965 -0.1430151 0.03421348 -0.09743177 -0.1458169 0 -0.09555965 -0.1430151 -0.03421348 -0.09001523 -0.1347173 -0.0671122 -0.08101159 -0.1212424 -0.09743183 -0.06889468 -0.1031082 -0.1240072 -0.05413019 -0.08101153 -0.145817 -0.0372855 -0.05580174 -0.1620232 -0.01900798 -0.02844744 -0.1720029 -0.02419257 -0.02419257 0.1720029 -0.04745548 -0.04745543 0.1620232 -0.06889468 -0.06889462 0.145817 -0.0876863 -0.0876863 0.1240072 -0.1031082 -0.1031081 0.09743183 -0.1145676 -0.1145676 0.0671122 -0.1216244 -0.1216244 0.03421348 -0.1240071 -0.124007 0 -0.1216244 -0.1216244 -0.03421348 -0.1145676 -0.1145676 -0.0671122 -0.1031082 -0.1031081 -0.09743183 -0.0876863 -0.0876863 -0.1240072 -0.06889468 -0.06889462 -0.145817 -0.04745548 -0.04745543 -0.1620232 -0.02419257 -0.02419257 -0.1720029 0 0 -0.1753726 -0.02844744 -0.01900798 0.1720029 -0.05580174 -0.0372855 0.1620232 -0.08101153 -0.05413013 0.145817 -0.1031082 -0.06889468 0.1240072 -0.1212424 -0.08101153 0.09743183 -0.1347173 -0.09001523 0.0671122 -0.1430152 -0.09555959 0.03421348 -0.1458169 -0.09743165 0 -0.1430152 -0.09555959 -0.03421348 -0.1347173 -0.09001523 -0.0671122 -0.1212424 -0.08101153 -0.09743183 -0.1031082 -0.06889468 -0.1240072 -0.08101153 -0.05413013 -0.145817 -0.05580174 -0.0372855 -0.1620232 -0.02844744 -0.01900798 -0.1720029 -0.03160911 -0.01309287 0.1720029 -0.06200355 -0.02568268 0.1620232 -0.09001517 -0.03728544 0.145817 -0.1145676 -0.04745548 0.1240072 -0.1347173 -0.05580168 0.09743183 -0.1496899 -0.06200355 0.0671122 -0.1589099 -0.0658226 0.03421348 -0.1620231 -0.06711208 0 -0.1589099 -0.0658226 -0.03421348 -0.1496899 -0.06200355 -0.0671122 -0.1347173 -0.05580168 -0.09743183 -0.1145676 -0.04745548 -0.1240072 -0.09001517 -0.03728544 -0.145817 -0.06200355 -0.02568268 -0.1620232 -0.03160911 -0.01309287 -0.1720029 -0.03355604 -0.006674706 0.1720029 -0.0658226 -0.01309287 0.1620232 -0.09555959 -0.01900792 0.145817 -0.1216244 -0.02419257 0.1240072 -0.1430151 -0.02844744 0.09743183 -0.1589099 -0.03160911 0.0671122 -0.1686978 -0.03355604 0.03421348 -0.1720027 -0.03421336 0 -0.1686978 -0.03355604 -0.03421348 -0.1589099 -0.03160911 -0.0671122 -0.1430151 -0.02844744 -0.09743183 -0.1216244 -0.02419257 -0.1240072 -0.09555959 -0.01900792 -0.145817 -0.0658226 -0.01309287 -0.1620232 -0.03355604 -0.006674706 -0.1720029 -0.03421342 0 0.1720029 -0.06711214 0 0.1620232 -0.09743171 0 0.145817 -0.1240071 0 0.1240072 -0.1458169 0 0.09743183 -0.1620231 0 0.0671122 -0.1720028 0 0.03421348 -0.1753725 0 0 -0.1720028 0 -0.03421348 -0.1620231 0 -0.0671122 -0.1458169 0 -0.09743183 -0.1240071 0 -0.1240072 -0.09743171 0 -0.145817 -0.06711214 0 -0.1620232 -0.03421342 0 -0.1720029 -0.03355604 0.006674706 0.1720029 -0.0658226 0.01309293 0.1620232 -0.09555959 0.01900798 0.145817 -0.1216244 0.02419257 0.1240072 -0.1430151 0.0284475 0.09743183 -0.1589099 0.03160911 0.0671122 -0.1686978 0.0335561 0.03421348 -0.1720027 0.03421354 0 -0.1686978 0.0335561 -0.03421348 -0.1589099 0.03160911 -0.0671122 -0.1430151 0.0284475 -0.09743183 -0.1216244 0.02419257 -0.1240072 -0.09555959 0.01900798 -0.145817 -0.0658226 0.01309293 -0.1620232 -0.03355604 0.006674706 -0.1720029 -0.03160911 0.01309293 0.1720029 -0.06200355 0.02568268 0.1620232 -0.09001517 0.0372855 0.145817 -0.1145676 0.04745548 0.1240072 -0.1347172 0.05580174 0.09743183 -0.1496898 0.06200355 0.0671122 -0.1589099 0.06582266 0.03421348 -0.162023 0.0671122 0 -0.1589099 0.06582266 -0.03421348 -0.1496898 0.06200355 -0.0671122 -0.1347172 0.05580174 -0.09743183 -0.1145676 0.04745548 -0.1240072 -0.09001517 0.0372855 -0.145817 -0.06200355 0.02568268 -0.1620232 -0.03160911 0.01309293 -0.1720029 -0.02844744 0.01900798 0.1720029 -0.05580168 0.0372855 0.1620232 -0.08101147 0.05413019 0.145817 -0.1031082 0.06889468 0.1240072 -0.1212423 0.08101159 0.09743183 -0.1347173 0.09001523 0.0671122 -0.1430151 0.09555965 0.03421348 -0.1458168 0.09743177 0 -0.1430151 0.09555965 -0.03421348 -0.1347173 0.09001523 -0.0671122 -0.1212423 0.08101159 -0.09743183 -0.1031082 0.06889468 -0.1240072 -0.08101147 0.05413019 -0.145817 -0.05580168 0.0372855 -0.1620232 -0.02844744 0.01900798 -0.1720029 -0.02419257 0.02419257 0.1720029 -0.04745543 0.04745543 0.1620232 -0.06889456 0.06889462 0.145817 -0.0876863 0.0876863 0.1240072 -0.1031081 0.1031081 0.09743183 -0.1145676 0.1145676 0.0671122 -0.1216243 0.1216244 0.03421348 -0.124007 0.1240071 0 -0.1216243 0.1216244 -0.03421348 -0.1145676 0.1145676 -0.0671122 -0.1031081 0.1031081 -0.09743183 -0.0876863 0.0876863 -0.1240072 -0.06889456 0.06889462 -0.145817 -0.04745543 0.04745543 -0.1620232 -0.02419257 0.02419257 -0.1720029 -0.01900798 0.02844744 0.1720029 -0.0372855 0.05580168 0.1620232 -0.05413013 0.08101153 0.145817 -0.06889468 0.1031082 0.1240072 -0.08101147 0.1212424 0.09743183 -0.09001523 0.1347173 0.0671122 -0.09555959 0.1430151 0.03421348 -0.09743165 0.1458169 0 -0.09555959 0.1430151 -0.03421348 -0.09001523 0.1347173 -0.0671122 -0.08101147 0.1212424 -0.09743183 -0.06889468 0.1031082 -0.1240072 -0.05413013 0.08101153 -0.145817 -0.0372855 0.05580168 -0.1620232 -0.01900798 0.02844744 -0.1720029 -0.01309287 0.03160911 0.1720029 -0.02568268 0.06200355 0.1620232 -0.03728544 0.09001517 0.145817 -0.04745543 0.1145676 0.1240072 -0.05580168 0.1347172 0.09743183 -0.06200355 0.1496898 0.0671122 -0.06582254 0.1589099 0.03421348 -0.06711202 0.162023 0 -0.06582254 0.1589099 -0.03421348 -0.06200355 0.1496898 -0.0671122 -0.05580168 0.1347172 -0.09743183 -0.04745543 0.1145676 -0.1240072 -0.03728544 0.09001517 -0.145817 -0.02568268 0.06200355 -0.1620232 -0.01309287 0.03160911 -0.1720029 -0.006674706 0.03355604 0.1720029 -0.01309287 0.0658226 0.1620232 -0.01900792 0.09555959 0.145817 -0.02419257 0.1216244 0.1240072 -0.02844738 0.1430151 0.09743183 -0.03160911 0.1589099 0.0671122 -0.03355598 0.1686978 0.03421348 -0.03421336 0.1720027 0 -0.03355598 0.1686978 -0.03421348 -0.03160911 0.1589099 -0.0671122 -0.02844738 0.1430151 -0.09743183 -0.02419257 0.1216244 -0.1240072 -0.01900792 0.09555959 -0.145817 -0.01309287 0.0658226 -0.1620232 -0.006674706 0.03355604 -0.1720029 0 0.03421342 0.1720029 0 0.06711214 0.1620232 0 0.1240071 0.1240072 0 0.1620231 0.0671122 0 0.1620231 -0.0671122 0 0.1240071 -0.1240072 0 0.09743165 -0.145817 0 0.06711214 -0.1620232 0 0.03421342 -0.1720029</float_array>
          <technique_common>
            <accessor source="#Sfera_004-mesh-positions-array" count="482" stride="3">
              <param name="X" type="float"/>
              <param name="Y" type="float"/>
              <param name="Z" type="float"/>
            </accessor>
          </technique_common>
        </source>
        <source id="Sfera_004-mesh-normals">
          <float_array id="Sfera_004-mesh-normals-array" count="1446">-2.39075e-6 0.9247654 -0.3805379 0.1625764 0.817328 -0.5527603 -2.63513e-6 0.8333395 -0.5527616 -9.34491e-7 0.7101427 0.7040578 0.1092067 0.5490185 0.828645 0.1385425 0.6964955 0.7040597 -6.59788e-7 0.7101429 -0.7040577 0.1385425 0.6964954 -0.7040597 0.1625765 0.817328 0.5527603 -2.63633e-6 0.8333395 0.5527617 0.1092054 0.5490186 -0.8286452 -1.21424e-6 0.5597754 -0.8286444 -2.38954e-6 0.9247654 0.3805379 0.1804102 0.9069968 0.3805379 0.07567203 0.3804318 -0.921708 -5.27715e-7 0.3878881 -0.9217064 -1.12111e-6 0.9810156 0.1939295 0.1913873 0.9621649 0.1939322 0.03920638 0.1971044 -0.9795984 4.14647e-7 0.2009662 -0.9795983 0.1950916 0.9807851 1.31417e-6 -1.56837e-6 1 -1.25759e-6 0 0.2009662 0.9795983 -2.06217e-7 0 1 0.03920614 0.1971044 0.9795984 0 0 -1 0.1913859 0.9621655 -0.1939306 -2.74081e-6 0.9810152 -0.1939311 -1.08949e-6 0.3878877 0.9217067 0.0756722 0.3804314 0.9217081 0.1804102 0.9069968 -0.3805379 -2.64156e-6 0.5597749 0.8286447 0.1484386 0.3583598 0.9217073 0.3538904 0.8543725 -0.3805382 0.2142181 0.5171642 0.8286446 0.3189069 0.7699043 -0.5527622 0.2717612 0.6560845 0.704059 0.2717612 0.6560845 -0.704059 0.3189069 0.7699043 0.5527622 0.2142181 0.5171661 -0.8286434 0.3538904 0.8543725 0.3805382 0.1484388 0.3583596 -0.9217074 0.3754177 0.9063403 0.1939304 0.07690602 0.1856684 -0.9795984 0.3826858 0.9238786 0 0.07690525 0.1856684 0.9795983 0.3754177 0.9063403 -0.1939304 0.5137702 0.7689154 0.3805385 0.2154985 0.3225153 -0.9217073 0.5450226 0.8156847 0.1939307 0.1116508 0.1670971 -0.9795983 0.5555726 0.8314682 0 0.1116499 0.1670972 0.9795983 0.5450225 0.8156846 -0.1939307 0.2154985 0.3225152 0.9217074 0.5137702 0.7689154 -0.3805385 0.3109955 0.4654351 0.8286448 0.46298 0.6928952 -0.552762 0.3945332 0.5904598 0.7040603 0.3945332 0.5904598 -0.7040603 0.46298 0.6928952 0.552762 0.3109939 0.4654342 -0.8286459 0.6539061 0.6539094 -0.3805384 0.3958225 0.3958215 0.8286435 0.5892611 0.5892586 -0.5527619 0.5021454 0.5021464 0.7040591 0.5021454 0.5021464 -0.704059 0.5892611 0.5892586 0.552762 0.3958225 0.3958215 -0.8286435 0.6539061 0.6539094 0.3805385 0.274278 0.2742781 -0.9217066 0.6936823 0.6936829 0.1939305 0.1421056 0.1421045 -0.9795981 0.7071086 0.7071049 0 0.1421049 0.1421045 0.9795982 0.6936823 0.6936829 -0.1939305 0.2742773 0.2742764 0.9217073 0.3225139 0.215497 -0.9217081 0.7689129 0.513774 0.3805381 0.8156842 0.5450233 0.1939303 0.1670972 0.1116504 -0.9795982 0.8314711 0.555568 0 0.1670973 0.1116508 0.9795982 0.8156842 0.5450233 -0.1939303 0.3225159 0.2154974 0.9217073 0.7689129 0.5137741 -0.3805381 0.465435 0.3109929 0.8286458 0.6928973 0.4629769 -0.5527619 0.5904606 0.3945342 0.704059 0.5904606 0.3945342 -0.704059 0.6928973 0.4629769 0.5527619 0.465435 0.3109928 -0.8286458 0.8543708 0.3538947 -0.3805381 0.7699058 0.3189032 -0.5527619 0.6560847 0.2717601 0.7040592 0.6560847 0.2717601 -0.7040592 0.7699059 0.3189033 0.552762 0.5171666 0.2142164 -0.8286436 0.8543708 0.3538947 0.3805381 0.3583602 0.1484368 -0.9217073 0.9063398 0.3754186 0.1939303 0.1856688 0.07690638 -0.9795982 0.9238806 0.3826808 0 0.1856686 0.07690638 0.9795982 0.90634 0.3754186 -0.1939303 0.3583602 0.1484368 0.9217073 0.5171666 0.2142164 0.8286435 0.3804346 0.07567304 -0.9217066 0.197105 0.03920644 -0.9795982 0.9621654 0.1913868 0.1939302 0.9807858 0.1950879 0 0.1971049 0.03920638 0.9795982 0.9621654 0.1913868 -0.1939302 0.3804348 0.07567304 0.9217066 0.9069957 0.1804152 -0.3805381 0.5490176 0.1092057 0.8286459 0.8173273 0.1625742 -0.5527619 0.6964962 0.1385424 0.7040591 0.6964962 0.1385424 -0.7040591 0.8173273 0.1625743 0.5527619 0.5490192 0.1092069 -0.8286447 0.9069957 0.1804152 0.3805381 0.7101414 5.83017e-7 0.7040591 0.7101414 5.83017e-7 -0.7040591 0.8333392 -2.09801e-6 0.552762 0.5597751 0 -0.8286447 0.9247652 2.31495e-6 0.3805382 0.3878844 0 -0.9217081 0.9810154 3.37182e-7 0.19393 0.2009657 0 -0.9795983 1 -2.40794e-6 0 0.2009658 0 0.9795984 0.9810154 3.35977e-7 -0.19393 0.3878845 0 0.921708 0.9247653 2.31254e-6 -0.3805382 0.5597767 -8.11881e-7 0.8286435 0.8333392 -2.09801e-6 -0.552762 0.9621655 -0.1913862 0.19393 0.9807848 -0.1950928 0 0.1971055 -0.0392065 0.9795981 0.1971053 -0.0392065 -0.9795982 0.9621655 -0.1913862 -0.19393 0.3804351 -0.0756731 0.9217064 0.9069965 -0.1804106 -0.3805383 0.5490173 -0.1092073 0.8286458 0.8173265 -0.1625781 -0.5527619 0.6964964 -0.1385412 0.704059 0.6964964 -0.1385412 -0.7040591 0.8173265 -0.1625781 0.5527619 0.5490172 -0.1092073 -0.8286458 0.9069966 -0.1804106 0.3805382 0.3804351 -0.0756731 -0.9217066 0.6560854 -0.2717587 -0.704059 0.6560855 -0.2717587 0.704059 0.7699043 -0.3189066 0.5527622 0.5171658 -0.2142184 -0.8286435 0.8543726 -0.35389 0.3805383 0.3583586 -0.1484367 -0.9217081 0.9063401 -0.3754181 0.1939298 0.1856681 -0.07690632 -0.9795983 0.9238786 -0.382686 0 0.1856683 -0.07690626 0.9795982 0.9063403 -0.3754181 -0.1939298 0.3583587 -0.1484368 0.921708 0.8543727 -0.35389 -0.3805384 0.5171639 -0.2142187 0.8286446 0.7699044 -0.3189066 -0.5527621 0.1670967 -0.1116507 0.9795984 0.1670967 -0.1116507 -0.9795984 0.8156846 -0.5450229 -0.19393 0.3225156 -0.2154985 0.9217073 0.7689154 -0.5137703 -0.3805382 0.465435 -0.310996 0.8286445 0.6928952 -0.46298 -0.552762 0.5904614 -0.3945327 0.7040592 0.5904614 -0.3945327 -0.7040592 0.6928952 -0.46298 0.552762 0.4654361 -0.3109945 -0.8286445 0.7689155 -0.5137703 0.3805382 0.3225153 -0.2154986 -0.9217073 0.8156846 -0.5450229 0.19393 0.8314683 -0.5555722 0 0.5021463 -0.5021455 0.7040591 0.5892586 -0.5892612 0.5527618 0.5021463 -0.5021455 -0.7040591 0.3958209 -0.3958209 -0.8286446 0.6539095 -0.6539062 0.380538 0.2742779 -0.2742782 -0.9217066 0.693683 -0.6936823 0.1939299 0.1421048 -0.1421046 -0.9795982 0.7071048 -0.7071088 0 0.1421043 -0.1421046 0.9795982 0.693683 -0.6936823 -0.1939299 0.2742779 -0.2742782 0.9217066 0.6539095 -0.6539062 -0.380538 0.3958213 -0.3958227 0.8286435 0.5892586 -0.5892612 -0.5527617 0.5450233 -0.8156843 -0.19393 0.1116513 -0.1670968 0.9795982 0.2154967 -0.3225142 0.9217082 0.513774 -0.768913 -0.380538 0.3109928 -0.4654352 0.8286457 0.462977 -0.6928973 -0.552762 0.3945339 -0.5904607 0.7040591 0.394534 -0.5904607 -0.7040591 0.462977 -0.6928973 0.552762 0.3109928 -0.4654352 -0.8286457 0.5137741 -0.768913 0.3805379 0.2154967 -0.3225142 -0.9217081 0.5450233 -0.8156843 0.19393 0.1116517 -0.1670968 -0.9795982 0.5555679 -0.8314713 0 0.2717599 -0.656085 -0.7040591 0.2142152 -0.5171654 -0.8286446 0.3538944 -0.8543708 0.3805383 0.1484373 -0.3583603 -0.9217073 0.3754186 -0.90634 0.1939301 0.07690691 -0.1856683 -0.9795983 0.3826807 -0.9238807 0 0.07690733 -0.1856683 0.9795982 0.3754186 -0.90634 -0.1939301 0.1484373 -0.3583602 0.9217073 0.3538944 -0.8543707 -0.3805383 0.2142152 -0.5171655 0.8286446 0.3189033 -0.7699058 -0.5527619 0.2717599 -0.656085 0.7040591 0.3189033 -0.7699059 0.5527619 0.1804148 -0.9069958 -0.3805381 0.1092054 -0.5490196 0.8286445 0.1625746 -0.8173273 -0.5527619 0.1385422 -0.6964963 0.704059 0.1385422 -0.6964963 -0.704059 0.1625746 -0.8173273 0.5527619 0.1092054 -0.5490196 -0.8286445 0.1804148 -0.9069958 0.3805381 0.07567292 -0.3804348 -0.9217066 0.1913871 -0.9621655 0.1939297 0.03920584 -0.1971048 -0.9795983 0.1950875 -0.9807859 0 0.03920596 -0.1971048 0.9795983 0.191387 -0.9621654 -0.1939296 0.07567292 -0.3804349 0.9217066 -6.4723e-7 -0.5597769 -0.8286434 5.36669e-7 -0.387886 -0.9217073 2.1465e-6 -0.9247653 0.380538 3.92576e-7 -0.9810155 0.1939295 -1.35432e-7 -0.200966 -0.9795982 -3.1861e-6 -1 0 -4.94595e-7 -0.200966 0.9795982 3.88963e-7 -0.9810155 -0.1939295 5.37192e-7 -0.3878861 0.9217073 2.1465e-6 -0.9247654 -0.3805381 -6.46631e-7 -0.559777 0.8286434 -1.69427e-6 -0.8333393 -0.5527619 6.0701e-7 -0.7101415 0.7040591 6.08209e-7 -0.7101415 -0.7040591 -1.69547e-6 -0.8333393 0.5527619 -0.07567262 -0.3804314 0.921708 -0.1092074 -0.5490175 0.8286456 -0.1804106 -0.9069967 -0.3805381 -0.1625784 -0.8173267 -0.5527616 -0.1385412 -0.6964963 0.7040591 -0.1385412 -0.6964964 -0.7040591 -0.1625784 -0.8173267 0.5527616 -0.1092074 -0.5490175 -0.8286457 -0.1804106 -0.9069967 0.3805381 -0.07567203 -0.3804333 -0.9217074 -0.1913862 -0.9621655 0.19393 -0.03920727 -0.1971044 -0.9795982 -0.1950932 -0.9807847 0 -0.03920632 -0.1971042 0.9795983 -0.1913862 -0.9621655 -0.19393 -0.3538904 -0.8543725 0.380538 -0.3754179 -0.9063403 0.1939296 -0.07690751 -0.185668 -0.9795983 -0.3826862 -0.9238785 0 -0.07690691 -0.1856684 0.9795983 -0.375418 -0.9063404 -0.1939296 -0.1484386 -0.3583598 0.9217073 -0.3538904 -0.8543726 -0.380538 -0.2142184 -0.517166 0.8286434 -0.3189069 -0.7699044 -0.5527618 -0.2717586 -0.6560853 0.7040591 -0.2717586 -0.6560853 -0.7040591 -0.3189069 -0.7699044 0.5527619 -0.2142185 -0.517166 -0.8286435 -0.1484368 -0.3583584 -0.9217081 -0.5137702 -0.7689156 -0.3805381 -0.4629802 -0.6928952 -0.5527617 -0.3945326 -0.5904615 0.7040592 -0.3945326 -0.5904614 -0.7040592 -0.4629802 -0.6928953 0.5527617 -0.3109943 -0.465436 -0.8286446 -0.5137702 -0.7689155 0.3805381 -0.2154984 -0.3225154 -0.9217073 -0.5450225 -0.8156849 0.1939295 -0.1116516 -0.1670971 -0.9795982 -0.5555728 -0.831468 0 -0.1116516 -0.1670971 0.9795982 -0.5450224 -0.815685 -0.1939295 -0.2154984 -0.3225154 0.9217073 -0.3109942 -0.465436 0.8286446 -0.2742781 -0.2742783 -0.9217066 -0.1421055 -0.1421045 -0.9795982 -0.6936823 -0.6936832 0.1939294 -0.707109 -0.7071046 0 -0.1421052 -0.1421045 0.9795981 -0.6936823 -0.6936832 -0.1939294 -0.2742781 -0.2742783 0.9217066 -0.6539062 -0.6539093 -0.3805384 -0.3958206 -0.3958207 0.8286448 -0.5892614 -0.5892584 -0.5527617 -0.5021455 -0.5021463 0.7040591 -0.5021454 -0.5021463 -0.704059 -0.5892614 -0.5892584 0.5527618 -0.3958206 -0.3958208 -0.8286448 -0.6539062 -0.6539093 0.3805384 -0.5904607 -0.394534 0.704059 -0.5904607 -0.394534 -0.7040591 -0.6928974 -0.4629771 0.5527616 -0.4654359 -0.3109944 -0.8286448 -0.768913 -0.5137739 0.3805382 -0.3225143 -0.2154971 -0.921708 -0.8156844 -0.5450233 0.1939295 -0.1670973 -0.1116505 -0.9795983 -0.8314713 -0.5555678 0 -0.167097 -0.1116505 0.9795984 -0.8156844 -0.5450233 -0.1939295 -0.3225141 -0.2154971 0.921708 -0.768913 -0.5137739 -0.3805382 -0.4654349 -0.3109925 0.8286458 -0.6928974 -0.4629771 -0.5527616 -0.9063401 -0.3754187 0.1939293 -0.9238808 -0.3826804 0 -0.1856682 -0.07690644 0.9795984 -0.1856684 -0.07690644 -0.9795982 -0.9063401 -0.3754186 -0.1939293 -0.3583603 -0.148437 0.9217074 -0.8543709 -0.3538944 -0.3805382 -0.5171665 -0.2142163 0.8286436 -0.7699061 -0.3189035 -0.5527616 -0.6560849 -0.27176 0.7040591 -0.6560848 -0.27176 -0.7040591 -0.7699061 -0.3189035 0.5527617 -0.5171646 -0.2142165 -0.8286448 -0.8543709 -0.3538944 0.3805382 -0.3583605 -0.148437 -0.9217073 -0.6964962 -0.1385424 -0.7040591 -0.6964962 -0.1385424 0.7040591 -0.8173274 -0.1625747 0.5527617 -0.5490192 -0.1092067 -0.8286446 -0.9069957 -0.1804149 0.3805382 -0.380433 -0.07567209 -0.9217074 -0.9621655 -0.1913873 0.1939293 -0.1971046 -0.0392065 -0.9795983 -0.980786 -0.195087 0 -0.1971046 -0.0392065 0.9795983 -0.9621655 -0.1913873 -0.1939293 -0.380433 -0.07567209 0.9217074 -0.9069957 -0.1804149 -0.3805382 -0.5490192 -0.1092067 0.8286446 -0.8173274 -0.1625747 -0.5527617 -0.2009665 0 -0.9795982 -0.9810155 -2.33619e-7 -0.1939293 -0.3878881 0 0.9217066 -0.9247653 -2.32217e-6 -0.3805382 -0.559775 0 0.8286446 -0.8333395 2.11122e-6 -0.5527616 -0.7101414 -5.06241e-7 0.7040592 -0.7101414 -5.06241e-7 -0.7040592 -0.8333395 2.11002e-6 0.5527615 -0.5597749 0 -0.8286448 -0.9247653 -2.32217e-6 0.3805382 -0.3878881 0 -0.9217065 -0.9810155 -2.3121e-7 0.1939293 -1 3.3969e-6 0 -0.2009665 0 0.9795982 -0.6964963 0.1385411 -0.7040593 -0.549019 0.1092066 -0.8286446 -0.9069967 0.1804106 0.3805381 -0.3804336 0.07567226 -0.9217072 -0.9621657 0.1913865 0.1939294 -0.1971048 0.03920668 -0.9795982 -0.9807847 0.1950931 0 -0.1971044 0.03920644 0.9795984 -0.9621657 0.1913865 -0.1939294 -0.3804315 0.0756725 0.9217081 -0.9069967 0.1804106 -0.3805381 -0.5490191 0.1092066 0.8286446 -0.8173268 0.1625785 -0.5527616 -0.6964963 0.1385411 0.7040592 -0.8173268 0.1625785 0.5527616 -0.3583598 0.1484385 0.9217073 -0.8543727 0.35389 -0.3805379 -0.5171647 0.2142165 0.8286446 -0.7699047 0.3189069 -0.5527616 -0.6560854 0.2717585 0.7040593 -0.6560854 0.2717585 -0.7040593 -0.7699046 0.3189069 0.5527616 -0.5171647 0.2142165 -0.8286446 -0.8543727 0.35389 0.3805379 -0.3583586 0.1484373 -0.9217081 -0.9063403 0.375418 0.1939293 -0.1856686 0.07690626 -0.9795983 -0.9238783 0.3826863 0 -0.1856687 0.0769062 0.9795982 -0.9063403 0.375418 -0.1939293 -0.7689154 0.5137703 0.3805382 -0.3225151 0.2154988 -0.9217073 -0.8156847 0.545023 0.193929 -0.1670973 0.1116507 -0.9795982 -0.8314679 0.5555729 0 -0.1670972 0.1116507 0.9795983 -0.8156847 0.545023 -0.193929 -0.3225151 0.2154988 0.9217073 -0.7689155 0.5137703 -0.3805382 -0.4654359 0.3109945 0.8286446 -0.6928952 0.4629804 -0.5527617 -0.5904613 0.3945328 0.7040592 -0.5904613 0.3945328 -0.7040592 -0.6928952 0.4629804 0.5527617 -0.4654359 0.3109945 -0.8286447 -0.6539093 0.6539064 -0.380538 -0.2742765 0.2742776 0.9217072 -0.3958206 0.3958207 0.8286446 -0.5892585 0.5892615 -0.5527616 -0.5021463 0.5021453 0.7040591 -0.5021463 0.5021453 -0.7040591 -0.5892585 0.5892615 0.5527616 -0.3958206 0.3958207 -0.8286447 -0.6539093 0.6539064 0.380538 -0.2742765 0.2742776 -0.9217072 -0.6936829 0.6936827 0.193929 -0.1421042 0.1421044 -0.9795984 -0.7071046 0.707109 0 -0.1421042 0.1421044 0.9795983 -0.6936829 0.6936827 -0.193929 -0.2154991 0.3225172 -0.9217065 -0.5137739 0.7689129 0.3805382 -0.5450233 0.8156844 0.1939293 -0.1116512 0.1670973 -0.9795982 -0.5555677 0.8314713 0 -0.1116517 0.167097 0.9795982 -0.5450233 0.8156844 -0.1939293 -0.2154974 0.3225161 0.9217073 -0.5137739 0.7689129 -0.3805382 -0.3109942 0.4654361 0.8286446 -0.4629768 0.6928975 -0.5527617 -0.3945343 0.5904607 0.704059 -0.3945342 0.5904607 -0.704059 -0.4629769 0.6928976 0.5527617 -0.3109942 0.4654361 -0.8286446 -0.1484366 0.3583605 0.9217073 -0.2142162 0.5171648 0.8286447 -0.3538944 0.854371 -0.3805381 -0.3189034 0.7699061 -0.5527617 -0.2717601 0.656085 0.7040589 -0.2717601 0.656085 -0.7040589 -0.3189033 0.769906 0.5527617 -0.2142162 0.5171648 -0.8286448 -0.3538944 0.854371 0.3805381 -0.1484379 0.3583602 -0.9217073 -0.3754186 0.9063401 0.193929 -0.07690602 0.1856684 -0.9795982 -0.3826805 0.9238808 0 -0.07690739 0.1856683 0.9795982 -0.3754186 0.9063401 -0.193929 -0.1804147 0.9069957 0.3805382 -0.1913881 0.9621653 0.1939293 -0.03920584 0.1971042 -0.9795983 -0.1950896 0.9807854 0 -0.03920626 0.1971045 0.9795982 -0.1913881 0.9621653 -0.1939293 -0.07567214 0.3804335 0.9217072 -0.1804147 0.9069957 -0.3805382 -0.1092088 0.5490174 0.8286456 -0.1625773 0.8173255 -0.5527639 -0.1385434 0.6964971 0.704058 -0.1385424 0.6964963 -0.704059 -0.1625773 0.8173255 0.5527639 -0.1092056 0.5490177 -0.8286457 -0.07567244 0.3804317 -0.9217079</float_array>
          <technique_common>
            <accessor source="#Sfera_004-mesh-normals-array" count="482" stride="3">
              <param name="X" type="float"/>
              <param name="Y" type="float"/>
              <param name="Z" type="float"/>
            </accessor>
          </technique_common>
        </source>
        <source id="Sfera_004-mesh-map">
          <float_array id="Sfera_004-mesh-map-array" count="5760">0.75 0.375 0.71875 0.3125 0.75 0.3125001 0.75 0.7500001 0.71875 0.8125 0.71875 0.75 0.75 0.25 0.71875 0.3125 0.71875 0.25 0.75 0.7500001 0.71875 0.6875 0.75 0.6875 0.75 0.25 0.71875 0.1875 0.75 0.1874998 0.75 0.6250001 0.71875 0.6875 0.71875 0.625 0.75 0.1874998 0.71875 0.125 0.75 0.125 0.75 0.5625 0.71875 0.625 0.71875 0.5625 0.75 0.125 0.71875 0.06249994 0.75 0.06249988 0.75 0.5625 0.71875 0.5 0.75 0.5 0.75 0.9375001 0.734375 1 0.71875 0.9375001 0.734375 0 0.75 0.06249988 0.71875 0.06249994 0.75 0.5 0.71875 0.4375 0.75 0.4375 0.75 0.8750001 0.71875 0.9375001 0.71875 0.875 0.75 0.4375 0.71875 0.375 0.75 0.375 0.75 0.8125 0.71875 0.875 0.71875 0.8125 0.71875 0.9375001 0.6875 0.875 0.71875 0.875 0.71875 0.4375 0.6875 0.375 0.71875 0.375 0.71875 0.875 0.6875 0.8125 0.71875 0.8125 0.71875 0.3125 0.6875 0.375 0.6875 0.3125 0.71875 0.8125 0.6875 0.75 0.71875 0.75 0.71875 0.25 0.6875 0.3125 0.6875 0.25 0.71875 0.75 0.6875 0.6875 0.71875 0.6875 0.71875 0.1875 0.6875 0.25 0.6875 0.1875 0.71875 0.6875 0.6875 0.625 0.71875 0.625 0.71875 0.125 0.6875 0.1875 0.6875 0.125 0.71875 0.5625 0.6875 0.625 0.6875 0.5625 0.71875 0.06249994 0.6875 0.125 0.6875 0.06249994 0.71875 0.5 0.6875 0.5625 0.6875 0.5 0.71875 0.9375001 0.703125 1 0.6875 0.9375001 0.703125 0 0.71875 0.06249994 0.6875 0.06249994 0.71875 0.5 0.6875 0.4375 0.71875 0.4375 0.6875 0.6875 0.65625 0.625 0.6875 0.625 0.6875 0.1875 0.65625 0.125 0.6875 0.125 0.6875 0.5625 0.65625 0.625 0.65625 0.5625 0.6875 0.06249994 0.65625 0.125 0.65625 0.06249994 0.6875 0.5 0.65625 0.5625 0.65625 0.5 0.6875 0.9375001 0.671875 1 0.65625 0.9375001 0.671875 0 0.6875 0.06249994 0.65625 0.06249994 0.6875 0.5 0.65625 0.4375 0.6875 0.4375 0.6875 0.9375001 0.65625 0.875 0.6875 0.875 0.6875 0.4375 0.65625 0.375 0.6875 0.375 0.6875 0.875 0.65625 0.8125 0.6875 0.8125 0.6875 0.3125 0.65625 0.375 0.65625 0.3125 0.6875 0.8125 0.65625 0.75 0.6875 0.75 0.6875 0.25 0.65625 0.3125 0.65625 0.25 0.6875 0.75 0.65625 0.6875 0.6875 0.6875 0.6875 0.1875 0.65625 0.25 0.65625 0.1875 0.65625 0.4375 0.625 0.375 0.65625 0.375 0.65625 0.875 0.625 0.8125 0.65625 0.8125 0.65625 0.3125 0.625 0.375 0.625 0.3125 0.65625 0.8125 0.625 0.75 0.65625 0.75 0.65625 0.3125 0.625 0.25 0.65625 0.25 0.65625 0.6875 0.625 0.75 0.625 0.6875001 0.65625 0.1875 0.625 0.25 0.625 0.1875 0.65625 0.6875 0.625 0.625 0.65625 0.625 0.65625 0.125 0.625 0.1875 0.625 0.125 0.65625 0.5625 0.625 0.625 0.625 0.5625 0.65625 0.06249994 0.625 0.125 0.625 0.06249994 0.65625 0.5 0.625 0.5625 0.625 0.5 0.65625 0.9375001 0.640625 1 0.625 0.9375001 0.640625 0 0.65625 0.06249994 0.625 0.06249994 0.65625 0.5 0.625 0.4375 0.65625 0.4375 0.65625 0.9375001 0.625 0.875 0.65625 0.875 0.625 0.1875 0.59375 0.125 0.625 0.125 0.625 0.5625 0.59375 0.625 0.59375 0.5625 0.625 0.125 0.59375 0.06249994 0.625 0.06249994 0.625 0.5 0.59375 0.5625 0.59375 0.5 0.625 0.9375001 0.609375 1 0.59375 0.9375001 0.609375 0 0.625 0.06249994 0.59375 0.06249994 0.625 0.5 0.59375 0.4375 0.625 0.4375 0.625 0.9375001 0.59375 0.875 0.625 0.875 0.625 0.4375 0.59375 0.375 0.625 0.375 0.625 0.8125 0.59375 0.875 0.59375 0.8125 0.625 0.3125 0.59375 0.375 0.59375 0.3125 0.625 0.8125 0.59375 0.75 0.625 0.75 0.625 0.3125 0.59375 0.25 0.625 0.25 0.625 0.6875001 0.59375 0.75 0.59375 0.6875 0.625 0.1875 0.59375 0.25 0.59375 0.1875 0.625 0.6875001 0.59375 0.625 0.625 0.625 0.59375 0.3125 0.5625 0.375 0.5625 0.3125 0.59375 0.8125 0.5625 0.75 0.59375 0.75 0.59375 0.3125 0.5625 0.25 0.59375 0.25 0.59375 0.6875 0.5625 0.75 0.5625 0.6875 0.59375 0.1875 0.5625 0.25 0.5625 0.1875 0.59375 0.6875 0.5625 0.625 0.59375 0.625 0.59375 0.125 0.5625 0.1875 0.5625 0.125 0.59375 0.5625 0.5625 0.625 0.5625 0.5625 0.59375 0.06249994 0.5625 0.125 0.5625 0.06249994 0.59375 0.5 0.5625 0.5625 0.5625 0.5 0.59375 0.9375001 0.578125 1 0.5625 0.9375001 0.578125 0 0.59375 0.06249994 0.5625 0.06249994 0.59375 0.5 0.5625 0.4375 0.59375 0.4375 0.59375 0.9375001 0.5625 0.875 0.59375 0.875 0.59375 0.4375 0.5625 0.375 0.59375 0.375 0.59375 0.875 0.5625 0.8125 0.59375 0.8125 0.5625 0.06249994 0.53125 0.125 0.53125 0.06249994 0.5625 0.5 0.53125 0.5625 0.53125 0.5 0.5625 0.9375001 0.546875 1 0.53125 0.9375001 0.546875 0 0.5625 0.06249994 0.53125 0.06249994 0.5625 0.5 0.53125 0.4375 0.5625 0.4375 0.5625 0.9375001 0.53125 0.875 0.5625 0.875 0.5625 0.4375 0.53125 0.375 0.5625 0.375 0.5625 0.8125 0.53125 0.875 0.53125 0.8125 0.5625 0.3125 0.53125 0.375 0.53125 0.3125 0.5625 0.8125 0.53125 0.75 0.5625 0.75 0.5625 0.3125 0.53125 0.25 0.5625 0.25 0.5625 0.6875 0.53125 0.75 0.53125 0.6875001 0.5625 0.1875 0.53125 0.25 0.53125 0.1875 0.5625 0.6875 0.53125 0.6250001 0.5625 0.625 0.5625 0.1875 0.53125 0.125 0.5625 0.125 0.5625 0.5625 0.53125 0.6250001 0.53125 0.5625 0.53125 0.8125 0.5 0.75 0.53125 0.75 0.53125 0.3125 0.5 0.25 0.53125 0.25 0.53125 0.6875001 0.5 0.75 0.5 0.6875001 0.53125 0.1875 0.5 0.25 0.5 0.1875 0.53125 0.6875001 0.5 0.625 0.53125 0.6250001 0.53125 0.1875 0.5 0.125 0.53125 0.125 0.53125 0.5625 0.5 0.625 0.5 0.5625 0.53125 0.125 0.5 0.06249994 0.53125 0.06249994 0.53125 0.5 0.5 0.5625 0.5 0.5 0.53125 0.9375001 0.515625 1 0.5 0.9375001 0.515625 0 0.53125 0.06249994 0.5 0.06249994 0.53125 0.5 0.5 0.4375 0.53125 0.4375 0.53125 0.875 0.5 0.9375001 0.5 0.875 0.53125 0.4375 0.5 0.375 0.53125 0.375 0.53125 0.875 0.5 0.8125 0.53125 0.8125 0.53125 0.3125 0.5 0.375 0.5 0.3125 0.5 0.5 0.46875 0.5625 0.46875 0.5 0.5 0.9375001 0.484375 1 0.46875 0.9375001 0.484375 0 0.5 0.06249994 0.46875 0.06249994 0.5 0.5 0.46875 0.4375 0.5 0.4375 0.5 0.9375001 0.46875 0.875 0.5 0.875 0.5 0.4375 0.46875 0.375 0.5 0.375 0.5 0.8125 0.46875 0.875 0.46875 0.8125 0.5 0.3125 0.46875 0.375 0.46875 0.3125 0.5 0.8125 0.46875 0.75 0.5 0.75 0.5 0.3125 0.46875 0.25 0.5 0.25 0.5 0.6875001 0.46875 0.75 0.46875 0.6875001 0.5 0.1875 0.46875 0.25 0.46875 0.1875 0.5 0.6875001 0.46875 0.6250001 0.5 0.625 0.5 0.1875 0.46875 0.125 0.5 0.125 0.5 0.5625 0.46875 0.6250001 0.46875 0.5625 0.5 0.06249994 0.46875 0.125 0.46875 0.06249994 0.46875 0.3125 0.4375 0.25 0.46875 0.25 0.46875 0.6875001 0.4375 0.75 0.4375 0.6875001 0.46875 0.1875 0.4375 0.25 0.4375 0.1875 0.46875 0.6875001 0.4375 0.6250001 0.46875 0.6250001 0.46875 0.125 0.4375 0.1875 0.4375 0.125 0.46875 0.5625 0.4375 0.6250001 0.4375 0.5625 0.46875 0.125 0.4375 0.06249994 0.46875 0.06249994 0.46875 0.5 0.4375 0.5625 0.4375 0.5 0.46875 0.9375001 0.453125 1 0.4375 0.9375001 0.453125 0 0.46875 0.06249994 0.4375 0.06249994 0.46875 0.5 0.4375 0.4375 0.46875 0.4375 0.46875 0.875 0.4375 0.9375001 0.4375 0.875 0.46875 0.4375 0.4375 0.375 0.46875 0.375 0.46875 0.875 0.4375 0.8125001 0.46875 0.8125 0.46875 0.3125 0.4375 0.375 0.4375 0.3125 0.46875 0.8125 0.4375 0.75 0.46875 0.75 0.4375 0.9375001 0.421875 1 0.40625 0.9375001 0.421875 0 0.4375 0.06249994 0.40625 0.06249994 0.4375 0.5 0.40625 0.4375 0.4375 0.4375 0.4375 0.9375001 0.40625 0.875 0.4375 0.875 0.4375 0.4375 0.40625 0.375 0.4375 0.375 0.4375 0.875 0.40625 0.8125001 0.4375 0.8125001 0.4375 0.3125 0.40625 0.375 0.40625 0.3125 0.4375 0.8125001 0.40625 0.75 0.4375 0.75 0.4375 0.3125 0.40625 0.25 0.4375 0.25 0.4375 0.6875001 0.40625 0.75 0.40625 0.6875001 0.4375 0.1875 0.40625 0.25 0.40625 0.1875 0.4375 0.6875001 0.40625 0.6250001 0.4375 0.6250001 0.4375 0.1875 0.40625 0.125 0.4375 0.125 0.4375 0.5625 0.40625 0.6250001 0.40625 0.5625 0.4375 0.06249994 0.40625 0.125 0.40625 0.06249994 0.4375 0.5 0.40625 0.5625 0.40625 0.5 0.40625 0.6875001 0.375 0.75 0.375 0.6875001 0.40625 0.1875 0.375 0.25 0.375 0.1875 0.40625 0.6875001 0.375 0.6250001 0.40625 0.6250001 0.40625 0.1875 0.375 0.125 0.40625 0.125 0.40625 0.5625 0.375 0.6250001 0.375 0.5625 0.40625 0.06249994 0.375 0.125 0.375 0.06249994 0.40625 0.5 0.375 0.5625 0.375 0.5 0.40625 0.9375001 0.390625 1 0.375 0.9375001 0.390625 0 0.40625 0.06249994 0.375 0.06249994 0.40625 0.5 0.375 0.4375 0.40625 0.4375 0.40625 0.9375001 0.375 0.875 0.40625 0.875 0.40625 0.4375 0.375 0.375 0.40625 0.375 0.40625 0.875 0.375 0.8125001 0.40625 0.8125001 0.40625 0.3125 0.375 0.375 0.375 0.3125 0.40625 0.8125001 0.375 0.75 0.40625 0.75 0.40625 0.3125 0.375 0.25 0.40625 0.25 0.375 0.5 0.34375 0.4375 0.375 0.4375 0.375 0.875 0.34375 0.9375001 0.34375 0.875 0.375 0.4375 0.34375 0.375 0.375 0.375 0.375 0.8125001 0.34375 0.875 0.34375 0.8125001 0.375 0.3125 0.34375 0.375 0.34375 0.3125 0.375 0.8125001 0.34375 0.75 0.375 0.75 0.375 0.3125 0.34375 0.25 0.375 0.25 0.375 0.6875001 0.34375 0.75 0.34375 0.6875001 0.375 0.1875 0.34375 0.25 0.34375 0.1875 0.375 0.6875001 0.34375 0.6250001 0.375 0.6250001 0.375 0.1875 0.34375 0.125 0.375 0.125 0.375 0.5625 0.34375 0.6250001 0.34375 0.5625 0.375 0.125 0.34375 0.06249994 0.375 0.06249994 0.375 0.5 0.34375 0.5625 0.34375 0.5 0.375 0.9375001 0.359375 1 0.34375 0.9375001 0.359375 0 0.375 0.06249994 0.34375 0.06249994 0.34375 0.1875 0.3125 0.25 0.3125 0.1875 0.34375 0.6875001 0.3125 0.6250001 0.34375 0.6250001 0.34375 0.125 0.3125 0.1875 0.3125 0.125 0.34375 0.5625 0.3125 0.6250001 0.3125 0.5625 0.34375 0.06249994 0.3125 0.125 0.3125 0.06249994 0.34375 0.5 0.3125 0.5625 0.3125 0.5 0.34375 0.9375001 0.328125 1 0.3125 0.9375001 0.328125 0 0.34375 0.06249994 0.3125 0.06249994 0.34375 0.5 0.3125 0.4375 0.34375 0.4375 0.34375 0.9375001 0.3125 0.875 0.34375 0.875 0.34375 0.4375 0.3125 0.375 0.34375 0.375 0.34375 0.875 0.3125 0.8125001 0.34375 0.8125001 0.34375 0.3125 0.3125 0.375 0.3125 0.3125 0.34375 0.8125001 0.3125 0.75 0.34375 0.75 0.34375 0.3125 0.3125 0.25 0.34375 0.25 0.34375 0.6875001 0.3125 0.75 0.3125 0.6875001 0.3125 0.4375 0.28125 0.375 0.3125 0.375 0.3125 0.875 0.28125 0.8125001 0.3125 0.8125001 0.3125 0.3125 0.28125 0.375 0.28125 0.3125 0.3125 0.8125001 0.28125 0.75 0.3125 0.75 0.3125 0.3125 0.28125 0.25 0.3125 0.25 0.3125 0.6875001 0.28125 0.75 0.28125 0.6875001 0.3125 0.1875 0.28125 0.25 0.28125 0.1875 0.3125 0.6875001 0.28125 0.6250001 0.3125 0.6250001 0.3125 0.125 0.28125 0.1875 0.28125 0.125 0.3125 0.5625 0.28125 0.6250001 0.28125 0.5625 0.3125 0.06249994 0.28125 0.125 0.28125 0.06249994 0.3125 0.5 0.28125 0.5625 0.28125 0.5 0.3125 0.9375001 0.296875 1 0.28125 0.9375001 0.296875 0 0.3125 0.06249994 0.28125 0.06249994 0.3125 0.5 0.28125 0.4375 0.3125 0.4375 0.3125 0.9375001 0.28125 0.875 0.3125 0.875 0.28125 0.125 0.25 0.1875 0.25 0.125 0.28125 0.5625 0.25 0.6250001 0.25 0.5625 0.28125 0.125 0.25 0.06249994 0.28125 0.06249994 0.28125 0.5 0.25 0.5625 0.25 0.5 0.28125 0.9375001 0.265625 1 0.25 0.9375001 0.265625 0 0.28125 0.06249994 0.25 0.06249994 0.28125 0.5 0.25 0.4375 0.28125 0.4375 0.28125 0.875 0.25 0.9375001 0.25 0.875 0.28125 0.4375 0.25 0.375 0.28125 0.375 0.28125 0.875 0.25 0.8125001 0.28125 0.8125001 0.28125 0.3125 0.25 0.375 0.25 0.3125 0.28125 0.8125001 0.25 0.75 0.28125 0.75 0.28125 0.3125 0.25 0.25 0.28125 0.25 0.28125 0.6875001 0.25 0.75 0.25 0.6875001 0.28125 0.1875 0.25 0.25 0.25 0.1875 0.28125 0.6875001 0.25 0.6250001 0.28125 0.6250001 0.25 0.8125001 0.21875 0.875 0.21875 0.8125001 0.25 0.3125 0.21875 0.375 0.21875 0.3125 0.25 0.8125001 0.21875 0.75 0.25 0.75 0.25 0.3125 0.21875 0.25 0.25 0.25 0.25 0.6875001 0.21875 0.75 0.21875 0.6875001 0.25 0.1875 0.21875 0.25 0.21875 0.1875 0.25 0.6875001 0.21875 0.6250001 0.25 0.6250001 0.25 0.1875 0.21875 0.125 0.25 0.125 0.25 0.5625 0.21875 0.6250001 0.21875 0.5625 0.25 0.125 0.21875 0.06249994 0.25 0.06249994 0.25 0.5 0.21875 0.5625 0.2187499 0.5 0.25 0.9375001 0.234375 1 0.21875 0.9375001 0.234375 0 0.25 0.06249994 0.21875 0.06249994 0.25 0.5 0.21875 0.4375 0.25 0.4375 0.25 0.875 0.21875 0.9375001 0.21875 0.875 0.25 0.4375 0.21875 0.375 0.25 0.375 0.21875 0.5625 0.1875 0.6250001 0.1875 0.5625 0.21875 0.125 0.1875 0.06249994 0.21875 0.06249994 0.2187499 0.5 0.1875 0.5625 0.1875 0.5 0.21875 0.9375001 0.203125 1 0.1875 0.9375001 0.203125 0 0.21875 0.06249994 0.1875 0.06249994 0.2187499 0.5 0.1875 0.4375 0.21875 0.4375 0.21875 0.9375001 0.1875 0.875 0.21875 0.875 0.21875 0.4375 0.1875 0.375 0.21875 0.375 0.21875 0.875 0.1875 0.8125001 0.21875 0.8125001 0.21875 0.3125 0.1875 0.375 0.1875 0.3125 0.21875 0.8125001 0.1875 0.75 0.21875 0.75 0.21875 0.3125 0.1875 0.25 0.21875 0.25 0.21875 0.6875001 0.1875 0.75 0.1875 0.6875001 0.21875 0.1875 0.1875 0.25 0.1875 0.1875 0.21875 0.6875001 0.1875 0.6250001 0.21875 0.6250001 0.21875 0.125 0.1875 0.1875 0.1875 0.125 0.1875 0.3125 0.15625 0.375 0.15625 0.3125 0.1875 0.8125001 0.15625 0.75 0.1875 0.75 0.1875 0.3125 0.15625 0.25 0.1875 0.25 0.1875 0.6875001 0.15625 0.75 0.15625 0.6875001 0.1875 0.1875 0.15625 0.25 0.15625 0.1874999 0.1875 0.6875001 0.15625 0.6250001 0.1875 0.6250001 0.1875 0.1875 0.15625 0.125 0.1875 0.125 0.1875 0.5625 0.15625 0.6250001 0.15625 0.5625 0.1875 0.06249994 0.15625 0.125 0.15625 0.06249994 0.1875 0.5 0.15625 0.5625 0.1562499 0.5 0.1875 0.9375001 0.171875 1 0.15625 0.9375001 0.171875 0 0.1875 0.06249994 0.15625 0.06249994 0.1875 0.5 0.15625 0.4375 0.1875 0.4375 0.1875 0.9375001 0.15625 0.875 0.1875 0.875 0.1875 0.4375 0.15625 0.375 0.1875 0.375 0.1875 0.8125001 0.15625 0.875 0.15625 0.8125001 0.15625 0.06249994 0.125 0.125 0.125 0.06249994 0.1562499 0.5 0.125 0.5625 0.1249999 0.5 0.15625 0.9375001 0.140625 1 0.125 0.9375001 0.140625 0 0.15625 0.06249994 0.125 0.06249994 0.1562499 0.5 0.125 0.4375 0.15625 0.4375 0.15625 0.9375001 0.125 0.875 0.15625 0.875 0.15625 0.4375 0.125 0.375 0.15625 0.375 0.15625 0.8125001 0.125 0.875 0.125 0.8125001 0.15625 0.3125 0.125 0.375 0.125 0.3125 0.15625 0.8125001 0.125 0.75 0.15625 0.75 0.15625 0.3125 0.125 0.25 0.15625 0.25 0.15625 0.6875001 0.125 0.75 0.125 0.6875001 0.15625 0.1874999 0.125 0.25 0.125 0.1874999 0.15625 0.6875001 0.125 0.6250001 0.15625 0.6250001 0.15625 0.1874999 0.125 0.125 0.15625 0.125 0.15625 0.5625 0.125 0.6250001 0.125 0.5625 0.125 0.8125001 0.09375 0.7500001 0.125 0.75 0.125 0.3125 0.09375 0.25 0.125 0.25 0.125 0.6875001 0.09375 0.7500001 0.09375 0.6875001 0.125 0.1874999 0.09375 0.25 0.09374994 0.1874999 0.125 0.6875001 0.09375 0.6250001 0.125 0.6250001 0.125 0.1874999 0.09375 0.125 0.125 0.125 0.125 0.5625 0.09375 0.6250001 0.09374994 0.5625 0.125 0.125 0.09375 0.06249994 0.125 0.06249994 0.1249999 0.5 0.09374994 0.5625 0.09374988 0.5 0.125 0.9375001 0.109375 1 0.09375 0.9375001 0.109375 0 0.125 0.06249994 0.09375 0.06249994 0.1249999 0.5 0.09374994 0.4375 0.125 0.4375 0.125 0.875 0.09375 0.9375001 0.09375 0.875 0.125 0.4375 0.09375 0.375 0.125 0.375 0.125 0.8125001 0.09375 0.875 0.09374994 0.8125001 0.125 0.3125 0.09375 0.375 0.09375 0.3125 0.09374988 0.5 0.0625 0.5625 0.06249994 0.5 0.09375 0.9375001 0.078125 1 0.0625 0.9375001 0.078125 0 0.09375 0.06249994 0.0625 0.06249994 0.09374988 0.5 0.0625 0.4375 0.09374994 0.4375 0.09375 0.9375001 0.0625 0.875 0.09375 0.875 0.09374994 0.4375 0.0625 0.375 0.09375 0.375 0.09375 0.875 0.0625 0.8125001 0.09374994 0.8125001 0.09375 0.3125 0.0625 0.375 0.0625 0.3124999 0.09374994 0.8125001 0.0625 0.75 0.09375 0.7500001 0.09375 0.3125 0.0625 0.25 0.09375 0.25 0.09375 0.6875001 0.0625 0.75 0.0625 0.6875001 0.09374994 0.1874999 0.0625 0.25 0.0625 0.1874999 0.09375 0.6875001 0.0625 0.6250001 0.09375 0.6250001 0.09374994 0.1874999 0.0625 0.125 0.09375 0.125 0.09374994 0.5625 0.0625 0.6250001 0.0625 0.5625 0.09375 0.06249994 0.0625 0.125 0.0625 0.06249994 0.0625 0.3124999 0.03125 0.25 0.0625 0.25 0.0625 0.6875001 0.03125 0.75 0.03124994 0.6875001 0.0625 0.1874999 0.03125 0.25 0.03124994 0.1874999 0.0625 0.6875001 0.03125 0.6250001 0.0625 0.6250001 0.0625 0.1874999 0.03124994 0.125 0.0625 0.125 0.0625 0.5625 0.03125 0.6250001 0.03124994 0.5625 0.0625 0.06249994 0.03124994 0.125 0.03125 0.06249994 0.06249994 0.5 0.03124994 0.5625 0.03124994 0.5 0.0625 0.9375001 0.046875 1 0.03125 0.9375001 0.046875 0 0.0625 0.06249994 0.03125 0.06249994 0.06249994 0.5 0.03124994 0.4375 0.0625 0.4375 0.0625 0.9375001 0.03124994 0.8750001 0.0625 0.875 0.0625 0.4375 0.03125 0.375 0.0625 0.375 0.0625 0.8125001 0.03124994 0.8750001 0.03124994 0.8125001 0.0625 0.3124999 0.03125 0.375 0.03124994 0.3125 0.0625 0.8125001 0.03125 0.75 0.0625 0.75 0.015625 0 0.03125 0.06249994 0 0.06249994 0.03124994 0.5 0 0.4375 0.03124994 0.4375 0.03125 0.9375001 0 0.8750001 0.03124994 0.8750001 0.03124994 0.4375 0 0.375 0.03125 0.375 0.03124994 0.8125001 0 0.8750001 0 0.8125001 0.03124994 0.3125 0 0.375 0 0.3125 0.03124994 0.8125001 0 0.7500001 0.03125 0.75 0.03124994 0.3125 0 0.25 0.03125 0.25 0.03124994 0.6875001 0 0.7500001 0 0.6875001 0.03124994 0.1874999 0 0.25 0 0.1874999 0.03124994 0.6875001 0 0.6250001 0.03125 0.6250001 0.03124994 0.1874999 0 0.125 0.03124994 0.125 0.03124994 0.5625 0 0.6250001 0 0.5625 0.03125 0.06249994 0 0.125 0 0.06249994 0.03124994 0.5 0 0.5625 0 0.5 0.03125 0.9375001 0.015625 1 0 0.9375001 1 0.1874999 0.96875 0.25 0.96875 0.1874999 1 0.6875001 0.96875 0.6250001 1 0.6250001 1 0.1874999 0.96875 0.125 1 0.125 1 0.5625 0.96875 0.6250001 0.96875 0.5625001 1 0.125 0.96875 0.06249994 1 0.06249994 1 0.5 0.96875 0.5625001 0.9687499 0.5 1 0.9375001 0.984375 1 0.96875 0.9375001 0.984375 0 1 0.06249994 0.96875 0.06249994 1 0.5 0.96875 0.4375 1 0.4375 1 0.8750001 0.96875 0.9375001 0.96875 0.8750001 1 0.4375 0.96875 0.375 1 0.375 1 0.8125001 0.96875 0.8750001 0.96875 0.8125001 1 0.3125 0.96875 0.375 0.96875 0.3124999 1 0.8125001 0.96875 0.7500001 1 0.7500001 1 0.3125 0.96875 0.25 1 0.25 1 0.6875001 0.96875 0.7500001 0.96875 0.6875001 0.96875 0.9375001 0.9375 0.8750001 0.96875 0.8750001 0.96875 0.4375 0.9375 0.375 0.96875 0.375 0.96875 0.8125001 0.9375 0.8750001 0.9375 0.8125001 0.96875 0.3124999 0.9375 0.375 0.9375 0.3124999 0.96875 0.8125001 0.9375 0.7500001 0.96875 0.7500001 0.96875 0.3124999 0.9375 0.25 0.96875 0.25 0.96875 0.6875001 0.9375 0.7500001 0.9375 0.6875001 0.96875 0.1874999 0.9375 0.25 0.9375 0.1874999 0.96875 0.6875001 0.9375 0.6250001 0.96875 0.6250001 0.96875 0.1874999 0.9375 0.125 0.96875 0.125 0.96875 0.5625001 0.9375 0.6250001 0.9375 0.5625001 0.96875 0.125 0.9375 0.06249994 0.96875 0.06249994 0.9687499 0.5 0.9375 0.5625001 0.9374999 0.5 0.96875 0.9375001 0.953125 1 0.9375 0.9375001 0.953125 0 0.96875 0.06249994 0.9375 0.06249994 0.9687499 0.5 0.9375 0.4375 0.96875 0.4375 0.9375 0.6875001 0.90625 0.6250001 0.9375 0.6250001 0.9375 0.1874999 0.90625 0.125 0.9375 0.125 0.9375 0.5625001 0.90625 0.6250001 0.90625 0.5625001 0.9375 0.06249994 0.90625 0.125 0.90625 0.06249994 0.9374999 0.5 0.90625 0.5625001 0.90625 0.5 0.9375 0.9375001 0.921875 1 0.90625 0.9375001 0.921875 0 0.9375 0.06249994 0.90625 0.06249994 0.9374999 0.5 0.90625 0.4375 0.9375 0.4375 0.9375 0.9375001 0.90625 0.8750001 0.9375 0.8750001 0.9375 0.4375 0.90625 0.375 0.9375 0.375 0.9375 0.8125001 0.90625 0.8750001 0.90625 0.8125001 0.9375 0.3124999 0.90625 0.375 0.90625 0.3124999 0.9375 0.8125001 0.90625 0.7500001 0.9375 0.7500001 0.9375 0.3124999 0.90625 0.25 0.9375 0.25 0.9375 0.6875001 0.90625 0.7500001 0.90625 0.6875001 0.9375 0.1874999 0.90625 0.25 0.90625 0.1874999 0.90625 0.4375 0.875 0.375 0.90625 0.375 0.90625 0.8125001 0.875 0.8750001 0.8749999 0.8125001 0.90625 0.3124999 0.875 0.375 0.875 0.3124999 0.90625 0.8125001 0.875 0.7500001 0.90625 0.7500001 0.90625 0.3124999 0.875 0.25 0.90625 0.25 0.90625 0.6875001 0.875 0.7500001 0.875 0.6875001 0.90625 0.1874999 0.875 0.25 0.8749999 0.1874999 0.90625 0.6875001 0.875 0.6250001 0.90625 0.6250001 0.90625 0.1874999 0.875 0.125 0.90625 0.125 0.90625 0.5625001 0.875 0.6250001 0.875 0.5625001 0.90625 0.06249994 0.875 0.125 0.875 0.06249994 0.90625 0.5 0.875 0.5625001 0.8749999 0.5 0.90625 0.9375001 0.890625 1 0.875 0.9375001 0.890625 0 0.90625 0.06249994 0.875 0.06249994 0.90625 0.5 0.875 0.4375 0.90625 0.4375 0.90625 0.9375001 0.875 0.8750001 0.90625 0.8750001 0.8749999 0.1874999 0.84375 0.125 0.875 0.125 0.875 0.5625001 0.84375 0.6250001 0.84375 0.5625001 0.875 0.06249994 0.84375 0.125 0.84375 0.06249994 0.8749999 0.5 0.84375 0.5625001 0.8437499 0.5 0.875 0.9375001 0.859375 1 0.84375 0.9375001 0.859375 0 0.875 0.06249994 0.84375 0.06249994 0.8749999 0.5 0.84375 0.4375 0.875 0.4375 0.875 0.9375001 0.84375 0.8750001 0.875 0.8750001 0.875 0.4375 0.84375 0.375 0.875 0.375 0.8749999 0.8125001 0.84375 0.8750001 0.84375 0.8125002 0.875 0.3124999 0.84375 0.375 0.84375 0.3124999 0.8749999 0.8125001 0.84375 0.7500001 0.875 0.7500001 0.875 0.3124999 0.84375 0.25 0.875 0.25 0.875 0.6875001 0.84375 0.7500001 0.84375 0.6875001 0.8749999 0.1874999 0.84375 0.25 0.84375 0.1874998 0.875 0.6875001 0.84375 0.6250001 0.875 0.6250001 0.84375 0.8125002 0.8125 0.8750001 0.8125 0.8125002 0.84375 0.3124999 0.8125 0.375 0.8125 0.3124999 0.84375 0.8125002 0.8125 0.7500001 0.84375 0.7500001 0.84375 0.3124999 0.8125 0.25 0.84375 0.25 0.84375 0.6875001 0.8125 0.7500001 0.8125 0.6875001 0.84375 0.1874998 0.8125 0.25 0.8125 0.1874998 0.84375 0.6875001 0.8125 0.6250001 0.84375 0.6250001 0.84375 0.1874998 0.8125 0.125 0.84375 0.125 0.84375 0.5625001 0.8125 0.6250001 0.8125 0.5625001 0.84375 0.125 0.8125 0.06249988 0.84375 0.06249994 0.8437499 0.5 0.8125 0.5625001 0.8124999 0.5 0.84375 0.9375001 0.828125 1 0.8125 0.9375001 0.828125 0 0.84375 0.06249994 0.8125 0.06249988 0.8437499 0.5 0.8125 0.4375 0.84375 0.4375 0.84375 0.9375001 0.8125 0.8750001 0.84375 0.8750001 0.84375 0.4375 0.8125 0.375 0.84375 0.375 0.8125 0.5625001 0.78125 0.6250001 0.78125 0.5625001 0.8125 0.125 0.78125 0.06249988 0.8125 0.06249988 0.8124999 0.5 0.78125 0.5625001 0.7812499 0.5 0.8125 0.9375001 0.796875 1 0.78125 0.9375001 0.796875 0 0.8125 0.06249988 0.78125 0.06249988 0.8124999 0.5 0.78125 0.4375 0.8125 0.4375 0.8125 0.9375001 0.78125 0.8750001 0.8125 0.8750001 0.8125 0.4375 0.78125 0.375 0.8125 0.375 0.8125 0.8125002 0.78125 0.8750001 0.78125 0.8125002 0.8125 0.3124999 0.78125 0.375 0.78125 0.3124999 0.8125 0.8125002 0.78125 0.75 0.8125 0.7500001 0.8125 0.3124999 0.78125 0.25 0.8125 0.25 0.8125 0.6875001 0.78125 0.75 0.78125 0.6875001 0.8125 0.1874998 0.78125 0.25 0.78125 0.1874998 0.8125 0.6875001 0.78125 0.6250001 0.8125 0.6250001 0.8125 0.1874998 0.78125 0.125 0.8125 0.125 0.78125 0.375 0.75 0.3125001 0.78125 0.3124999 0.78125 0.75 0.75 0.8125 0.75 0.7500001 0.78125 0.3124999 0.75 0.25 0.78125 0.25 0.78125 0.6875001 0.75 0.7500001 0.75 0.6875 0.78125 0.1874998 0.75 0.25 0.75 0.1874998 0.78125 0.6250001 0.75 0.6875 0.75 0.6250001 0.78125 0.125 0.75 0.1874998 0.75 0.125 0.78125 0.5625001 0.75 0.6250001 0.75 0.5625 0.78125 0.06249988 0.75 0.125 0.75 0.06249988 0.7812499 0.5 0.75 0.5625 0.75 0.5 0.78125 0.9375001 0.765625 1 0.75 0.9375001 0.765625 0 0.78125 0.06249988 0.75 0.06249988 0.7812499 0.5 0.75 0.4375 0.78125 0.4375 0.78125 0.9375001 0.75 0.8750001 0.78125 0.8750001 0.78125 0.4375 0.75 0.375 0.78125 0.375 0.78125 0.8125002 0.75 0.8750001 0.75 0.8125 0.75 0.375 0.71875 0.375 0.71875 0.3125 0.75 0.7500001 0.75 0.8125 0.71875 0.8125 0.75 0.25 0.75 0.3125001 0.71875 0.3125 0.75 0.7500001 0.71875 0.75 0.71875 0.6875 0.75 0.25 0.71875 0.25 0.71875 0.1875 0.75 0.6250001 0.75 0.6875 0.71875 0.6875 0.75 0.1874998 0.71875 0.1875 0.71875 0.125 0.75 0.5625 0.75 0.6250001 0.71875 0.625 0.75 0.125 0.71875 0.125 0.71875 0.06249994 0.75 0.5625 0.71875 0.5625 0.71875 0.5 0.75 0.5 0.71875 0.5 0.71875 0.4375 0.75 0.8750001 0.75 0.9375001 0.71875 0.9375001 0.75 0.4375 0.71875 0.4375 0.71875 0.375 0.75 0.8125 0.75 0.8750001 0.71875 0.875 0.71875 0.9375001 0.6875 0.9375001 0.6875 0.875 0.71875 0.4375 0.6875 0.4375 0.6875 0.375 0.71875 0.875 0.6875 0.875 0.6875 0.8125 0.71875 0.3125 0.71875 0.375 0.6875 0.375 0.71875 0.8125 0.6875 0.8125 0.6875 0.75 0.71875 0.25 0.71875 0.3125 0.6875 0.3125 0.71875 0.75 0.6875 0.75 0.6875 0.6875 0.71875 0.1875 0.71875 0.25 0.6875 0.25 0.71875 0.6875 0.6875 0.6875 0.6875 0.625 0.71875 0.125 0.71875 0.1875 0.6875 0.1875 0.71875 0.5625 0.71875 0.625 0.6875 0.625 0.71875 0.06249994 0.71875 0.125 0.6875 0.125 0.71875 0.5 0.71875 0.5625 0.6875 0.5625 0.71875 0.5 0.6875 0.5 0.6875 0.4375 0.6875 0.6875 0.65625 0.6875 0.65625 0.625 0.6875 0.1875 0.65625 0.1875 0.65625 0.125 0.6875 0.5625 0.6875 0.625 0.65625 0.625 0.6875 0.06249994 0.6875 0.125 0.65625 0.125 0.6875 0.5 0.6875 0.5625 0.65625 0.5625 0.6875 0.5 0.65625 0.5 0.65625 0.4375 0.6875 0.9375001 0.65625 0.9375001 0.65625 0.875 0.6875 0.4375 0.65625 0.4375 0.65625 0.375 0.6875 0.875 0.65625 0.875 0.65625 0.8125 0.6875 0.3125 0.6875 0.375 0.65625 0.375 0.6875 0.8125 0.65625 0.8125 0.65625 0.75 0.6875 0.25 0.6875 0.3125 0.65625 0.3125 0.6875 0.75 0.65625 0.75 0.65625 0.6875 0.6875 0.1875 0.6875 0.25 0.65625 0.25 0.65625 0.4375 0.625 0.4375 0.625 0.375 0.65625 0.875 0.625 0.875 0.625 0.8125 0.65625 0.3125 0.65625 0.375 0.625 0.375 0.65625 0.8125 0.625 0.8125 0.625 0.75 0.65625 0.3125 0.625 0.3125 0.625 0.25 0.65625 0.6875 0.65625 0.75 0.625 0.75 0.65625 0.1875 0.65625 0.25 0.625 0.25 0.65625 0.6875 0.625 0.6875001 0.625 0.625 0.65625 0.125 0.65625 0.1875 0.625 0.1875 0.65625 0.5625 0.65625 0.625 0.625 0.625 0.65625 0.06249994 0.65625 0.125 0.625 0.125 0.65625 0.5 0.65625 0.5625 0.625 0.5625 0.65625 0.5 0.625 0.5 0.625 0.4375 0.65625 0.9375001 0.625 0.9375001 0.625 0.875 0.625 0.1875 0.59375 0.1875 0.59375 0.125 0.625 0.5625 0.625 0.625 0.59375 0.625 0.625 0.125 0.59375 0.125 0.59375 0.06249994 0.625 0.5 0.625 0.5625 0.59375 0.5625 0.625 0.5 0.59375 0.5 0.59375 0.4375 0.625 0.9375001 0.59375 0.9375001 0.59375 0.875 0.625 0.4375 0.59375 0.4375 0.59375 0.375 0.625 0.8125 0.625 0.875 0.59375 0.875 0.625 0.3125 0.625 0.375 0.59375 0.375 0.625 0.8125 0.59375 0.8125 0.59375 0.75 0.625 0.3125 0.59375 0.3125 0.59375 0.25 0.625 0.6875001 0.625 0.75 0.59375 0.75 0.625 0.1875 0.625 0.25 0.59375 0.25 0.625 0.6875001 0.59375 0.6875 0.59375 0.625 0.59375 0.3125 0.59375 0.375 0.5625 0.375 0.59375 0.8125 0.5625 0.8125 0.5625 0.75 0.59375 0.3125 0.5625 0.3125 0.5625 0.25 0.59375 0.6875 0.59375 0.75 0.5625 0.75 0.59375 0.1875 0.59375 0.25 0.5625 0.25 0.59375 0.6875 0.5625 0.6875 0.5625 0.625 0.59375 0.125 0.59375 0.1875 0.5625 0.1875 0.59375 0.5625 0.59375 0.625 0.5625 0.625 0.59375 0.06249994 0.59375 0.125 0.5625 0.125 0.59375 0.5 0.59375 0.5625 0.5625 0.5625 0.59375 0.5 0.5625 0.5 0.5625 0.4375 0.59375 0.9375001 0.5625 0.9375001 0.5625 0.875 0.59375 0.4375 0.5625 0.4375 0.5625 0.375 0.59375 0.875 0.5625 0.875 0.5625 0.8125 0.5625 0.06249994 0.5625 0.125 0.53125 0.125 0.5625 0.5 0.5625 0.5625 0.53125 0.5625 0.5625 0.5 0.53125 0.5 0.53125 0.4375 0.5625 0.9375001 0.53125 0.9375001 0.53125 0.875 0.5625 0.4375 0.53125 0.4375 0.53125 0.375 0.5625 0.8125 0.5625 0.875 0.53125 0.875 0.5625 0.3125 0.5625 0.375 0.53125 0.375 0.5625 0.8125 0.53125 0.8125 0.53125 0.75 0.5625 0.3125 0.53125 0.3125 0.53125 0.25 0.5625 0.6875 0.5625 0.75 0.53125 0.75 0.5625 0.1875 0.5625 0.25 0.53125 0.25 0.5625 0.6875 0.53125 0.6875001 0.53125 0.6250001 0.5625 0.1875 0.53125 0.1875 0.53125 0.125 0.5625 0.5625 0.5625 0.625 0.53125 0.6250001 0.53125 0.8125 0.5 0.8125 0.5 0.75 0.53125 0.3125 0.5 0.3125 0.5 0.25 0.53125 0.6875001 0.53125 0.75 0.5 0.75 0.53125 0.1875 0.53125 0.25 0.5 0.25 0.53125 0.6875001 0.5 0.6875001 0.5 0.625 0.53125 0.1875 0.5 0.1875 0.5 0.125 0.53125 0.5625 0.53125 0.6250001 0.5 0.625 0.53125 0.125 0.5 0.125 0.5 0.06249994 0.53125 0.5 0.53125 0.5625 0.5 0.5625 0.53125 0.5 0.5 0.5 0.5 0.4375 0.53125 0.875 0.53125 0.9375001 0.5 0.9375001 0.53125 0.4375 0.5 0.4375 0.5 0.375 0.53125 0.875 0.5 0.875 0.5 0.8125 0.53125 0.3125 0.53125 0.375 0.5 0.375 0.5 0.5 0.5 0.5625 0.46875 0.5625 0.5 0.5 0.46875 0.5 0.46875 0.4375 0.5 0.9375001 0.46875 0.9375001 0.46875 0.875 0.5 0.4375 0.46875 0.4375 0.46875 0.375 0.5 0.8125 0.5 0.875 0.46875 0.875 0.5 0.3125 0.5 0.375 0.46875 0.375 0.5 0.8125 0.46875 0.8125 0.46875 0.75 0.5 0.3125 0.46875 0.3125 0.46875 0.25 0.5 0.6875001 0.5 0.75 0.46875 0.75 0.5 0.1875 0.5 0.25 0.46875 0.25 0.5 0.6875001 0.46875 0.6875001 0.46875 0.6250001 0.5 0.1875 0.46875 0.1875 0.46875 0.125 0.5 0.5625 0.5 0.625 0.46875 0.6250001 0.5 0.06249994 0.5 0.125 0.46875 0.125 0.46875 0.3125 0.4375 0.3125 0.4375 0.25 0.46875 0.6875001 0.46875 0.75 0.4375 0.75 0.46875 0.1875 0.46875 0.25 0.4375 0.25 0.46875 0.6875001 0.4375 0.6875001 0.4375 0.6250001 0.46875 0.125 0.46875 0.1875 0.4375 0.1875 0.46875 0.5625 0.46875 0.6250001 0.4375 0.6250001 0.46875 0.125 0.4375 0.125 0.4375 0.06249994 0.46875 0.5 0.46875 0.5625 0.4375 0.5625 0.46875 0.5 0.4375 0.5 0.4375 0.4375 0.46875 0.875 0.46875 0.9375001 0.4375 0.9375001 0.46875 0.4375 0.4375 0.4375 0.4375 0.375 0.46875 0.875 0.4375 0.875 0.4375 0.8125001 0.46875 0.3125 0.46875 0.375 0.4375 0.375 0.46875 0.8125 0.4375 0.8125001 0.4375 0.75 0.4375 0.5 0.40625 0.5 0.40625 0.4375 0.4375 0.9375001 0.40625 0.9375001 0.40625 0.875 0.4375 0.4375 0.40625 0.4375 0.40625 0.375 0.4375 0.875 0.40625 0.875 0.40625 0.8125001 0.4375 0.3125 0.4375 0.375 0.40625 0.375 0.4375 0.8125001 0.40625 0.8125001 0.40625 0.75 0.4375 0.3125 0.40625 0.3125 0.40625 0.25 0.4375 0.6875001 0.4375 0.75 0.40625 0.75 0.4375 0.1875 0.4375 0.25 0.40625 0.25 0.4375 0.6875001 0.40625 0.6875001 0.40625 0.6250001 0.4375 0.1875 0.40625 0.1875 0.40625 0.125 0.4375 0.5625 0.4375 0.6250001 0.40625 0.6250001 0.4375 0.06249994 0.4375 0.125 0.40625 0.125 0.4375 0.5 0.4375 0.5625 0.40625 0.5625 0.40625 0.6875001 0.40625 0.75 0.375 0.75 0.40625 0.1875 0.40625 0.25 0.375 0.25 0.40625 0.6875001 0.375 0.6875001 0.375 0.6250001 0.40625 0.1875 0.375 0.1875 0.375 0.125 0.40625 0.5625 0.40625 0.6250001 0.375 0.6250001 0.40625 0.06249994 0.40625 0.125 0.375 0.125 0.40625 0.5 0.40625 0.5625 0.375 0.5625 0.40625 0.5 0.375 0.5 0.375 0.4375 0.40625 0.9375001 0.375 0.9375001 0.375 0.875 0.40625 0.4375 0.375 0.4375 0.375 0.375 0.40625 0.875 0.375 0.875 0.375 0.8125001 0.40625 0.3125 0.40625 0.375 0.375 0.375 0.40625 0.8125001 0.375 0.8125001 0.375 0.75 0.40625 0.3125 0.375 0.3125 0.375 0.25 0.375 0.5 0.34375 0.5 0.34375 0.4375 0.375 0.875 0.375 0.9375001 0.34375 0.9375001 0.375 0.4375 0.34375 0.4375 0.34375 0.375 0.375 0.8125001 0.375 0.875 0.34375 0.875 0.375 0.3125 0.375 0.375 0.34375 0.375 0.375 0.8125001 0.34375 0.8125001 0.34375 0.75 0.375 0.3125 0.34375 0.3125 0.34375 0.25 0.375 0.6875001 0.375 0.75 0.34375 0.75 0.375 0.1875 0.375 0.25 0.34375 0.25 0.375 0.6875001 0.34375 0.6875001 0.34375 0.6250001 0.375 0.1875 0.34375 0.1875 0.34375 0.125 0.375 0.5625 0.375 0.6250001 0.34375 0.6250001 0.375 0.125 0.34375 0.125 0.34375 0.06249994 0.375 0.5 0.375 0.5625 0.34375 0.5625 0.34375 0.1875 0.34375 0.25 0.3125 0.25 0.34375 0.6875001 0.3125 0.6875001 0.3125 0.6250001 0.34375 0.125 0.34375 0.1875 0.3125 0.1875 0.34375 0.5625 0.34375 0.6250001 0.3125 0.6250001 0.34375 0.06249994 0.34375 0.125 0.3125 0.125 0.34375 0.5 0.34375 0.5625 0.3125 0.5625 0.34375 0.5 0.3125 0.5 0.3125 0.4375 0.34375 0.9375001 0.3125 0.9375001 0.3125 0.875 0.34375 0.4375 0.3125 0.4375 0.3125 0.375 0.34375 0.875 0.3125 0.875 0.3125 0.8125001 0.34375 0.3125 0.34375 0.375 0.3125 0.375 0.34375 0.8125001 0.3125 0.8125001 0.3125 0.75 0.34375 0.3125 0.3125 0.3125 0.3125 0.25 0.34375 0.6875001 0.34375 0.75 0.3125 0.75 0.3125 0.4375 0.28125 0.4375 0.28125 0.375 0.3125 0.875 0.28125 0.875 0.28125 0.8125001 0.3125 0.3125 0.3125 0.375 0.28125 0.375 0.3125 0.8125001 0.28125 0.8125001 0.28125 0.75 0.3125 0.3125 0.28125 0.3125 0.28125 0.25 0.3125 0.6875001 0.3125 0.75 0.28125 0.75 0.3125 0.1875 0.3125 0.25 0.28125 0.25 0.3125 0.6875001 0.28125 0.6875001 0.28125 0.6250001 0.3125 0.125 0.3125 0.1875 0.28125 0.1875 0.3125 0.5625 0.3125 0.6250001 0.28125 0.6250001 0.3125 0.06249994 0.3125 0.125 0.28125 0.125 0.3125 0.5 0.3125 0.5625 0.28125 0.5625 0.3125 0.5 0.28125 0.5 0.28125 0.4375 0.3125 0.9375001 0.28125 0.9375001 0.28125 0.875 0.28125 0.125 0.28125 0.1875 0.25 0.1875 0.28125 0.5625 0.28125 0.6250001 0.25 0.6250001 0.28125 0.125 0.25 0.125 0.25 0.06249994 0.28125 0.5 0.28125 0.5625 0.25 0.5625 0.28125 0.5 0.25 0.5 0.25 0.4375 0.28125 0.875 0.28125 0.9375001 0.25 0.9375001 0.28125 0.4375 0.25 0.4375 0.25 0.375 0.28125 0.875 0.25 0.875 0.25 0.8125001 0.28125 0.3125 0.28125 0.375 0.25 0.375 0.28125 0.8125001 0.25 0.8125001 0.25 0.75 0.28125 0.3125 0.25 0.3125 0.25 0.25 0.28125 0.6875001 0.28125 0.75 0.25 0.75 0.28125 0.1875 0.28125 0.25 0.25 0.25 0.28125 0.6875001 0.25 0.6875001 0.25 0.6250001 0.25 0.8125001 0.25 0.875 0.21875 0.875 0.25 0.3125 0.25 0.375 0.21875 0.375 0.25 0.8125001 0.21875 0.8125001 0.21875 0.75 0.25 0.3125 0.21875 0.3125 0.21875 0.25 0.25 0.6875001 0.25 0.75 0.21875 0.75 0.25 0.1875 0.25 0.25 0.21875 0.25 0.25 0.6875001 0.21875 0.6875001 0.21875 0.6250001 0.25 0.1875 0.21875 0.1875 0.21875 0.125 0.25 0.5625 0.25 0.6250001 0.21875 0.6250001 0.25 0.125 0.21875 0.125 0.21875 0.06249994 0.25 0.5 0.25 0.5625 0.21875 0.5625 0.25 0.5 0.2187499 0.5 0.21875 0.4375 0.25 0.875 0.25 0.9375001 0.21875 0.9375001 0.25 0.4375 0.21875 0.4375 0.21875 0.375 0.21875 0.5625 0.21875 0.6250001 0.1875 0.6250001 0.21875 0.125 0.1875 0.125 0.1875 0.06249994 0.2187499 0.5 0.21875 0.5625 0.1875 0.5625 0.2187499 0.5 0.1875 0.5 0.1875 0.4375 0.21875 0.9375001 0.1875 0.9375001 0.1875 0.875 0.21875 0.4375 0.1875 0.4375 0.1875 0.375 0.21875 0.875 0.1875 0.875 0.1875 0.8125001 0.21875 0.3125 0.21875 0.375 0.1875 0.375 0.21875 0.8125001 0.1875 0.8125001 0.1875 0.75 0.21875 0.3125 0.1875 0.3125 0.1875 0.25 0.21875 0.6875001 0.21875 0.75 0.1875 0.75 0.21875 0.1875 0.21875 0.25 0.1875 0.25 0.21875 0.6875001 0.1875 0.6875001 0.1875 0.6250001 0.21875 0.125 0.21875 0.1875 0.1875 0.1875 0.1875 0.3125 0.1875 0.375 0.15625 0.375 0.1875 0.8125001 0.15625 0.8125001 0.15625 0.75 0.1875 0.3125 0.15625 0.3125 0.15625 0.25 0.1875 0.6875001 0.1875 0.75 0.15625 0.75 0.1875 0.1875 0.1875 0.25 0.15625 0.25 0.1875 0.6875001 0.15625 0.6875001 0.15625 0.6250001 0.1875 0.1875 0.15625 0.1874999 0.15625 0.125 0.1875 0.5625 0.1875 0.6250001 0.15625 0.6250001 0.1875 0.06249994 0.1875 0.125 0.15625 0.125 0.1875 0.5 0.1875 0.5625 0.15625 0.5625 0.1875 0.5 0.1562499 0.5 0.15625 0.4375 0.1875 0.9375001 0.15625 0.9375001 0.15625 0.875 0.1875 0.4375 0.15625 0.4375 0.15625 0.375 0.1875 0.8125001 0.1875 0.875 0.15625 0.875 0.15625 0.06249994 0.15625 0.125 0.125 0.125 0.1562499 0.5 0.15625 0.5625 0.125 0.5625 0.1562499 0.5 0.1249999 0.5 0.125 0.4375 0.15625 0.9375001 0.125 0.9375001 0.125 0.875 0.15625 0.4375 0.125 0.4375 0.125 0.375 0.15625 0.8125001 0.15625 0.875 0.125 0.875 0.15625 0.3125 0.15625 0.375 0.125 0.375 0.15625 0.8125001 0.125 0.8125001 0.125 0.75 0.15625 0.3125 0.125 0.3125 0.125 0.25 0.15625 0.6875001 0.15625 0.75 0.125 0.75 0.15625 0.1874999 0.15625 0.25 0.125 0.25 0.15625 0.6875001 0.125 0.6875001 0.125 0.6250001 0.15625 0.1874999 0.125 0.1874999 0.125 0.125 0.15625 0.5625 0.15625 0.6250001 0.125 0.6250001 0.125 0.8125001 0.09374994 0.8125001 0.09375 0.7500001 0.125 0.3125 0.09375 0.3125 0.09375 0.25 0.125 0.6875001 0.125 0.75 0.09375 0.7500001 0.125 0.1874999 0.125 0.25 0.09375 0.25 0.125 0.6875001 0.09375 0.6875001 0.09375 0.6250001 0.125 0.1874999 0.09374994 0.1874999 0.09375 0.125 0.125 0.5625 0.125 0.6250001 0.09375 0.6250001 0.125 0.125 0.09375 0.125 0.09375 0.06249994 0.1249999 0.5 0.125 0.5625 0.09374994 0.5625 0.1249999 0.5 0.09374988 0.5 0.09374994 0.4375 0.125 0.875 0.125 0.9375001 0.09375 0.9375001 0.125 0.4375 0.09374994 0.4375 0.09375 0.375 0.125 0.8125001 0.125 0.875 0.09375 0.875 0.125 0.3125 0.125 0.375 0.09375 0.375 0.09374988 0.5 0.09374994 0.5625 0.0625 0.5625 0.09374988 0.5 0.06249994 0.5 0.0625 0.4375 0.09375 0.9375001 0.0625 0.9375001 0.0625 0.875 0.09374994 0.4375 0.0625 0.4375 0.0625 0.375 0.09375 0.875 0.0625 0.875 0.0625 0.8125001 0.09375 0.3125 0.09375 0.375 0.0625 0.375 0.09374994 0.8125001 0.0625 0.8125001 0.0625 0.75 0.09375 0.3125 0.0625 0.3124999 0.0625 0.25 0.09375 0.6875001 0.09375 0.7500001 0.0625 0.75 0.09374994 0.1874999 0.09375 0.25 0.0625 0.25 0.09375 0.6875001 0.0625 0.6875001 0.0625 0.6250001 0.09374994 0.1874999 0.0625 0.1874999 0.0625 0.125 0.09374994 0.5625 0.09375 0.6250001 0.0625 0.6250001 0.09375 0.06249994 0.09375 0.125 0.0625 0.125 0.0625 0.3124999 0.03124994 0.3125 0.03125 0.25 0.0625 0.6875001 0.0625 0.75 0.03125 0.75 0.0625 0.1874999 0.0625 0.25 0.03125 0.25 0.0625 0.6875001 0.03124994 0.6875001 0.03125 0.6250001 0.0625 0.1874999 0.03124994 0.1874999 0.03124994 0.125 0.0625 0.5625 0.0625 0.6250001 0.03125 0.6250001 0.0625 0.06249994 0.0625 0.125 0.03124994 0.125 0.06249994 0.5 0.0625 0.5625 0.03124994 0.5625 0.06249994 0.5 0.03124994 0.5 0.03124994 0.4375 0.0625 0.9375001 0.03125 0.9375001 0.03124994 0.8750001 0.0625 0.4375 0.03124994 0.4375 0.03125 0.375 0.0625 0.8125001 0.0625 0.875 0.03124994 0.8750001 0.0625 0.3124999 0.0625 0.375 0.03125 0.375 0.0625 0.8125001 0.03124994 0.8125001 0.03125 0.75 0.03124994 0.5 0 0.5 0 0.4375 0.03125 0.9375001 0 0.9375001 0 0.8750001 0.03124994 0.4375 0 0.4375 0 0.375 0.03124994 0.8125001 0.03124994 0.8750001 0 0.8750001 0.03124994 0.3125 0.03125 0.375 0 0.375 0.03124994 0.8125001 0 0.8125001 0 0.7500001 0.03124994 0.3125 0 0.3125 0 0.25 0.03124994 0.6875001 0.03125 0.75 0 0.7500001 0.03124994 0.1874999 0.03125 0.25 0 0.25 0.03124994 0.6875001 0 0.6875001 0 0.6250001 0.03124994 0.1874999 0 0.1874999 0 0.125 0.03124994 0.5625 0.03125 0.6250001 0 0.6250001 0.03125 0.06249994 0.03124994 0.125 0 0.125 0.03124994 0.5 0.03124994 0.5625 0 0.5625 1 0.1874999 1 0.25 0.96875 0.25 1 0.6875001 0.96875 0.6875001 0.96875 0.6250001 1 0.1874999 0.96875 0.1874999 0.96875 0.125 1 0.5625 1 0.6250001 0.96875 0.6250001 1 0.125 0.96875 0.125 0.96875 0.06249994 1 0.5 1 0.5625 0.96875 0.5625001 1 0.5 0.9687499 0.5 0.96875 0.4375 1 0.8750001 1 0.9375001 0.96875 0.9375001 1 0.4375 0.96875 0.4375 0.96875 0.375 1 0.8125001 1 0.8750001 0.96875 0.8750001 1 0.3125 1 0.375 0.96875 0.375 1 0.8125001 0.96875 0.8125001 0.96875 0.7500001 1 0.3125 0.96875 0.3124999 0.96875 0.25 1 0.6875001 1 0.7500001 0.96875 0.7500001 0.96875 0.9375001 0.9375 0.9375001 0.9375 0.8750001 0.96875 0.4375 0.9375 0.4375 0.9375 0.375 0.96875 0.8125001 0.96875 0.8750001 0.9375 0.8750001 0.96875 0.3124999 0.96875 0.375 0.9375 0.375 0.96875 0.8125001 0.9375 0.8125001 0.9375 0.7500001 0.96875 0.3124999 0.9375 0.3124999 0.9375 0.25 0.96875 0.6875001 0.96875 0.7500001 0.9375 0.7500001 0.96875 0.1874999 0.96875 0.25 0.9375 0.25 0.96875 0.6875001 0.9375 0.6875001 0.9375 0.6250001 0.96875 0.1874999 0.9375 0.1874999 0.9375 0.125 0.96875 0.5625001 0.96875 0.6250001 0.9375 0.6250001 0.96875 0.125 0.9375 0.125 0.9375 0.06249994 0.9687499 0.5 0.96875 0.5625001 0.9375 0.5625001 0.9687499 0.5 0.9374999 0.5 0.9375 0.4375 0.9375 0.6875001 0.90625 0.6875001 0.90625 0.6250001 0.9375 0.1874999 0.90625 0.1874999 0.90625 0.125 0.9375 0.5625001 0.9375 0.6250001 0.90625 0.6250001 0.9375 0.06249994 0.9375 0.125 0.90625 0.125 0.9374999 0.5 0.9375 0.5625001 0.90625 0.5625001 0.9374999 0.5 0.90625 0.5 0.90625 0.4375 0.9375 0.9375001 0.90625 0.9375001 0.90625 0.8750001 0.9375 0.4375 0.90625 0.4375 0.90625 0.375 0.9375 0.8125001 0.9375 0.8750001 0.90625 0.8750001 0.9375 0.3124999 0.9375 0.375 0.90625 0.375 0.9375 0.8125001 0.90625 0.8125001 0.90625 0.7500001 0.9375 0.3124999 0.90625 0.3124999 0.90625 0.25 0.9375 0.6875001 0.9375 0.7500001 0.90625 0.7500001 0.9375 0.1874999 0.9375 0.25 0.90625 0.25 0.90625 0.4375 0.875 0.4375 0.875 0.375 0.90625 0.8125001 0.90625 0.8750001 0.875 0.8750001 0.90625 0.3124999 0.90625 0.375 0.875 0.375 0.90625 0.8125001 0.8749999 0.8125001 0.875 0.7500001 0.90625 0.3124999 0.875 0.3124999 0.875 0.25 0.90625 0.6875001 0.90625 0.7500001 0.875 0.7500001 0.90625 0.1874999 0.90625 0.25 0.875 0.25 0.90625 0.6875001 0.875 0.6875001 0.875 0.6250001 0.90625 0.1874999 0.8749999 0.1874999 0.875 0.125 0.90625 0.5625001 0.90625 0.6250001 0.875 0.6250001 0.90625 0.06249994 0.90625 0.125 0.875 0.125 0.90625 0.5 0.90625 0.5625001 0.875 0.5625001 0.90625 0.5 0.8749999 0.5 0.875 0.4375 0.90625 0.9375001 0.875 0.9375001 0.875 0.8750001 0.8749999 0.1874999 0.84375 0.1874998 0.84375 0.125 0.875 0.5625001 0.875 0.6250001 0.84375 0.6250001 0.875 0.06249994 0.875 0.125 0.84375 0.125 0.8749999 0.5 0.875 0.5625001 0.84375 0.5625001 0.8749999 0.5 0.8437499 0.5 0.84375 0.4375 0.875 0.9375001 0.84375 0.9375001 0.84375 0.8750001 0.875 0.4375 0.84375 0.4375 0.84375 0.375 0.8749999 0.8125001 0.875 0.8750001 0.84375 0.8750001 0.875 0.3124999 0.875 0.375 0.84375 0.375 0.8749999 0.8125001 0.84375 0.8125002 0.84375 0.7500001 0.875 0.3124999 0.84375 0.3124999 0.84375 0.25 0.875 0.6875001 0.875 0.7500001 0.84375 0.7500001 0.8749999 0.1874999 0.875 0.25 0.84375 0.25 0.875 0.6875001 0.84375 0.6875001 0.84375 0.6250001 0.84375 0.8125002 0.84375 0.8750001 0.8125 0.8750001 0.84375 0.3124999 0.84375 0.375 0.8125 0.375 0.84375 0.8125002 0.8125 0.8125002 0.8125 0.7500001 0.84375 0.3124999 0.8125 0.3124999 0.8125 0.25 0.84375 0.6875001 0.84375 0.7500001 0.8125 0.7500001 0.84375 0.1874998 0.84375 0.25 0.8125 0.25 0.84375 0.6875001 0.8125 0.6875001 0.8125 0.6250001 0.84375 0.1874998 0.8125 0.1874998 0.8125 0.125 0.84375 0.5625001 0.84375 0.6250001 0.8125 0.6250001 0.84375 0.125 0.8125 0.125 0.8125 0.06249988 0.8437499 0.5 0.84375 0.5625001 0.8125 0.5625001 0.8437499 0.5 0.8124999 0.5 0.8125 0.4375 0.84375 0.9375001 0.8125 0.9375001 0.8125 0.8750001 0.84375 0.4375 0.8125 0.4375 0.8125 0.375 0.8125 0.5625001 0.8125 0.6250001 0.78125 0.6250001 0.8125 0.125 0.78125 0.125 0.78125 0.06249988 0.8124999 0.5 0.8125 0.5625001 0.78125 0.5625001 0.8124999 0.5 0.7812499 0.5 0.78125 0.4375 0.8125 0.9375001 0.78125 0.9375001 0.78125 0.8750001 0.8125 0.4375 0.78125 0.4375 0.78125 0.375 0.8125 0.8125002 0.8125 0.8750001 0.78125 0.8750001 0.8125 0.3124999 0.8125 0.375 0.78125 0.375 0.8125 0.8125002 0.78125 0.8125002 0.78125 0.75 0.8125 0.3124999 0.78125 0.3124999 0.78125 0.25 0.8125 0.6875001 0.8125 0.7500001 0.78125 0.75 0.8125 0.1874998 0.8125 0.25 0.78125 0.25 0.8125 0.6875001 0.78125 0.6875001 0.78125 0.6250001 0.8125 0.1874998 0.78125 0.1874998 0.78125 0.125 0.78125 0.375 0.75 0.375 0.75 0.3125001 0.78125 0.75 0.78125 0.8125002 0.75 0.8125 0.78125 0.3124999 0.75 0.3125001 0.75 0.25 0.78125 0.6875001 0.78125 0.75 0.75 0.7500001 0.78125 0.1874998 0.78125 0.25 0.75 0.25 0.78125 0.6250001 0.78125 0.6875001 0.75 0.6875 0.78125 0.125 0.78125 0.1874998 0.75 0.1874998 0.78125 0.5625001 0.78125 0.6250001 0.75 0.6250001 0.78125 0.06249988 0.78125 0.125 0.75 0.125 0.7812499 0.5 0.78125 0.5625001 0.75 0.5625 0.7812499 0.5 0.75 0.5 0.75 0.4375 0.78125 0.9375001 0.75 0.9375001 0.75 0.8750001 0.78125 0.4375 0.75 0.4375 0.75 0.375 0.78125 0.8125002 0.78125 0.8750001 0.75 0.8750001</float_array>
          <technique_common>
            <accessor source="#Sfera_004-mesh-map-array" count="2880" stride="2">
              <param name="S" type="float"/>
              <param name="T" type="float"/>
            </accessor>
          </technique_common>
        </source>
        <vertices id="Sfera_004-mesh-vertices">
          <input semantic="POSITION" source="#Sfera_004-mesh-positions"/>
        </vertices>
        <triangles material="black_pupil_001-material" count="960">
          <input semantic="VERTEX" source="#Sfera_004-mesh-vertices" offset="0"/>
          <input semantic="NORMAL" source="#Sfera_004-mesh-normals" offset="1"/>
          <input semantic="TEXCOORD" source="#Sfera_004-mesh-map" offset="2" set="0"/>
          <p>477 0 0 16 1 1 5 2 2 475 3 3 8 4 4 9 5 5 478 6 6 16 1 7 17 7 8 475 3 9 10 8 10 1 9 11 478 6 12 18 10 13 479 11 14 476 12 15 10 8 16 11 13 17 479 11 18 19 14 19 480 15 20 2 16 21 11 13 22 12 17 23 480 15 24 20 18 25 481 19 26 2 16 27 13 20 28 3 21 29 473 22 30 81 23 31 6 24 32 307 25 33 481 19 34 20 18 35 3 21 36 14 26 37 4 27 38 474 28 39 6 24 40 7 29 41 4 27 42 15 30 43 477 0 44 0 31 45 7 29 46 8 4 47 6 24 48 22 32 49 7 29 50 14 26 51 30 33 52 15 30 53 7 29 54 23 34 55 8 4 56 16 1 57 30 33 58 31 35 59 8 4 60 24 36 61 9 5 62 17 7 63 31 35 64 32 37 65 9 5 66 25 38 67 10 8 68 18 10 69 32 37 70 33 39 71 10 8 72 26 40 73 11 13 74 19 14 75 33 39 76 34 41 77 12 17 78 26 40 79 27 42 80 20 18 81 34 41 82 35 43 83 13 20 84 27 42 85 28 44 86 6 24 87 81 23 88 21 45 89 307 25 90 20 18 91 35 43 92 13 20 93 29 46 94 14 26 95 25 38 96 41 47 97 26 40 98 33 39 99 49 48 100 34 41 101 27 42 102 41 47 103 42 49 104 35 43 105 49 48 106 50 50 107 28 44 108 42 49 109 43 51 110 21 45 111 81 23 112 36 52 113 307 25 114 35 43 115 50 50 116 28 44 117 44 53 118 29 46 119 21 45 120 37 54 121 22 32 122 29 46 123 45 55 124 30 33 125 22 32 126 38 56 127 23 34 128 31 35 129 45 55 130 46 57 131 23 34 132 39 58 133 24 36 134 32 37 135 46 57 136 47 59 137 24 36 138 40 60 139 25 38 140 33 39 141 47 59 142 48 61 143 44 53 144 60 62 145 45 55 146 37 54 147 53 63 148 38 56 149 46 57 150 60 62 151 61 64 152 38 56 153 54 65 154 39 58 155 46 57 156 62 66 157 47 59 158 40 60 159 54 65 160 55 67 161 48 61 162 62 66 163 63 68 164 40 60 165 56 69 166 41 47 167 49 48 168 63 68 169 64 70 170 42 49 171 56 69 172 57 71 173 50 50 174 64 70 175 65 72 176 43 51 177 57 71 178 58 73 179 36 52 180 81 23 181 51 74 182 307 25 183 50 50 184 65 72 185 43 51 186 59 75 187 44 53 188 36 52 189 52 76 190 37 54 191 63 68 192 79 77 193 64 70 194 57 71 195 71 78 196 72 79 197 64 70 198 80 80 199 65 72 200 58 73 201 72 79 202 73 81 203 51 74 204 81 23 205 66 82 206 307 25 207 65 72 208 80 80 209 58 73 210 74 83 211 59 75 212 51 74 213 67 84 214 52 76 215 59 75 216 75 85 217 60 62 218 53 63 219 67 84 220 68 86 221 61 64 222 75 85 223 76 87 224 53 63 225 69 88 226 54 65 227 61 64 228 77 89 229 62 66 230 55 67 231 69 88 232 70 90 233 63 68 234 77 89 235 78 91 236 55 67 237 71 78 238 56 69 239 76 87 240 91 92 241 92 93 242 68 86 243 85 94 244 69 88 245 76 87 246 93 95 247 77 89 248 70 90 249 85 94 250 86 96 251 78 91 252 93 95 253 94 97 254 70 90 255 87 98 256 71 78 257 79 77 258 94 97 259 95 99 260 72 79 261 87 98 262 88 100 263 80 80 264 95 99 265 96 101 266 73 81 267 88 100 268 89 102 269 66 82 270 81 23 271 82 103 272 307 25 273 80 80 274 96 101 275 73 81 276 90 104 277 74 83 278 66 82 279 83 105 280 67 84 281 74 83 282 91 92 283 75 85 284 67 84 285 84 106 286 68 86 287 96 101 288 110 107 289 111 108 290 89 102 291 103 109 292 104 110 293 82 103 294 81 23 295 97 111 296 307 25 297 96 101 298 111 108 299 89 102 300 105 112 301 90 104 302 82 103 303 98 113 304 83 105 305 90 104 306 106 114 307 91 92 308 84 106 309 98 113 310 99 115 311 92 93 312 106 114 313 107 116 314 84 106 315 100 117 316 85 94 317 92 93 318 108 118 319 93 95 320 86 96 321 100 117 322 101 119 323 94 97 324 108 118 325 109 120 326 86 96 327 102 121 328 87 98 329 94 97 330 110 107 331 95 99 332 88 100 333 102 121 334 103 109 335 99 115 336 115 122 337 100 117 338 107 116 339 123 123 340 108 118 341 101 119 342 115 122 343 116 124 344 109 120 345 123 123 346 124 125 347 101 119 348 117 126 349 102 121 350 109 120 351 125 127 352 110 107 353 103 109 354 117 126 355 118 128 356 110 107 357 126 129 358 111 108 359 104 110 360 118 128 361 119 130 362 97 111 363 81 23 364 112 131 365 307 25 366 111 108 367 126 129 368 104 110 369 120 132 370 105 112 371 98 113 372 112 131 373 113 133 374 105 112 375 121 134 376 106 114 377 98 113 378 114 135 379 99 115 380 107 116 381 121 134 382 122 136 383 119 130 384 133 137 385 134 138 386 112 131 387 81 23 388 127 139 389 307 25 390 126 129 391 141 140 392 119 130 393 135 141 394 120 132 395 112 131 396 128 142 397 113 133 398 120 132 399 136 143 400 121 134 401 114 135 402 128 142 403 129 144 404 122 136 405 136 143 406 137 145 407 114 135 408 130 146 409 115 122 410 122 136 411 138 147 412 123 123 413 116 124 414 130 146 415 131 148 416 124 125 417 138 147 418 139 149 419 116 124 420 132 150 421 117 126 422 124 125 423 140 151 424 125 127 425 118 128 426 132 150 427 133 137 428 126 129 429 140 151 430 141 140 431 137 145 432 153 152 433 138 147 434 131 148 435 145 153 436 146 154 437 139 149 438 153 152 439 154 155 440 131 148 441 147 156 442 132 150 443 140 151 444 154 155 445 155 157 446 133 137 447 147 156 448 148 158 449 140 151 450 156 159 451 141 140 452 134 138 453 148 158 454 149 160 455 127 139 456 81 23 457 142 161 458 307 25 459 141 140 460 156 159 461 134 138 462 150 162 463 135 141 464 128 142 465 142 161 466 143 163 467 135 141 468 151 164 469 136 143 470 128 142 471 144 165 472 129 144 473 137 145 474 151 164 475 152 166 476 129 144 477 145 153 478 130 146 479 142 161 480 81 23 481 157 167 482 307 25 483 156 159 484 171 168 485 149 160 486 165 169 487 150 162 488 142 161 489 158 170 490 143 163 491 150 162 492 166 171 493 151 164 494 143 163 495 159 172 496 144 165 497 152 166 498 166 171 499 167 173 500 144 165 501 160 174 502 145 153 503 152 166 504 168 175 505 153 152 506 146 154 507 160 174 508 161 176 509 154 155 510 168 175 511 169 177 512 146 154 513 162 178 514 147 156 515 154 155 516 170 179 517 155 157 518 148 158 519 162 178 520 163 180 521 156 159 522 170 179 523 171 168 524 149 160 525 163 180 526 164 181 527 161 176 528 175 182 529 176 183 530 169 177 531 183 184 532 184 185 533 161 176 534 177 186 535 162 178 536 169 177 537 185 187 538 170 179 539 163 180 540 177 186 541 178 188 542 171 168 543 185 187 544 186 189 545 164 181 546 178 188 547 179 190 548 157 167 549 81 23 550 172 191 551 307 25 552 171 168 553 186 189 554 164 181 555 180 192 556 165 169 557 157 167 558 173 193 559 158 170 560 165 169 561 181 194 562 166 171 563 158 170 564 174 195 565 159 172 566 167 173 567 181 194 568 182 196 569 159 172 570 175 182 571 160 174 572 167 173 573 183 184 574 168 175 575 179 190 576 195 197 577 180 192 578 173 193 579 187 198 580 188 199 581 180 192 582 196 200 583 181 194 584 174 195 585 188 199 586 189 201 587 182 196 588 196 200 589 197 202 590 174 195 591 190 203 592 175 182 593 182 196 594 198 204 595 183 184 596 176 183 597 190 203 598 191 205 599 184 185 600 198 204 601 199 206 602 176 183 603 192 207 604 177 186 605 184 185 606 200 208 607 185 187 608 178 188 609 192 207 610 193 209 611 185 187 612 201 210 613 186 189 614 179 190 615 193 209 616 194 211 617 172 191 618 81 23 619 187 198 620 307 25 621 186 189 622 201 210 623 199 206 624 213 212 625 214 213 626 191 205 627 207 214 628 192 207 629 200 208 630 214 213 631 215 215 632 193 209 633 207 214 634 208 216 635 201 210 636 215 215 637 216 217 638 194 211 639 208 216 640 209 218 641 187 198 642 81 23 643 202 219 644 307 25 645 201 210 646 216 217 647 194 211 648 210 220 649 195 197 650 187 198 651 203 221 652 188 199 653 195 197 654 211 222 655 196 200 656 188 199 657 204 223 658 189 201 659 197 202 660 211 222 661 212 224 662 189 201 663 205 225 664 190 203 665 197 202 666 213 212 667 198 204 668 191 205 669 205 225 670 206 226 671 210 220 672 226 227 673 211 222 674 203 221 675 219 228 676 204 223 677 212 224 678 226 227 679 227 229 680 204 223 681 220 230 682 205 225 683 212 224 684 228 231 685 213 212 686 206 226 687 220 230 688 221 232 689 214 213 690 228 231 691 229 233 692 206 226 693 222 234 694 207 214 695 215 215 696 229 233 697 230 235 698 208 216 699 222 234 700 223 236 701 216 217 702 230 235 703 231 237 704 209 218 705 223 236 706 224 238 707 202 219 708 81 23 709 217 239 710 307 25 711 216 217 712 231 237 713 209 218 714 225 240 715 210 220 716 202 219 717 218 241 718 203 221 719 230 235 720 244 242 721 245 243 722 223 236 723 237 244 724 238 245 725 230 235 726 246 246 727 231 237 728 224 238 729 238 245 730 239 247 731 217 239 732 81 23 733 232 248 734 307 25 735 231 237 736 246 246 737 224 238 738 240 249 739 225 240 740 218 241 741 232 248 742 233 250 743 225 240 744 241 251 745 226 227 746 218 241 747 234 252 748 219 228 749 227 229 750 241 251 751 242 253 752 219 228 753 235 254 754 220 230 755 227 229 756 243 255 757 228 231 758 221 232 759 235 254 760 236 256 761 229 233 762 243 255 763 244 242 764 221 232 765 237 244 766 222 234 767 234 252 768 248 257 769 249 258 770 242 253 771 256 259 772 257 260 773 234 252 774 250 261 775 235 254 776 242 253 777 258 262 778 243 255 779 236 256 780 250 261 781 251 263 782 244 242 783 258 262 784 259 264 785 236 256 786 252 265 787 237 244 788 244 242 789 260 266 790 245 243 791 238 245 792 252 265 793 253 267 794 245 243 795 261 268 796 246 246 797 239 247 798 253 267 799 254 269 800 232 248 801 81 23 802 247 270 803 307 25 804 246 246 805 261 268 806 239 247 807 255 271 808 240 249 809 233 250 810 247 270 811 248 257 812 240 249 813 256 259 814 241 251 815 253 267 816 267 272 817 268 273 818 260 266 819 276 274 820 261 268 821 254 269 822 268 273 823 269 275 824 247 270 825 81 23 826 262 276 827 307 25 828 261 268 829 276 274 830 254 269 831 270 277 832 255 271 833 247 270 834 263 278 835 248 257 836 255 271 837 271 279 838 256 259 839 248 257 840 264 280 841 249 258 842 257 260 843 271 279 844 272 281 845 249 258 846 265 282 847 250 261 848 257 260 849 273 283 850 258 262 851 251 263 852 265 282 853 266 284 854 259 264 855 273 283 856 274 285 857 251 263 858 267 272 859 252 265 860 260 266 861 274 285 862 275 286 863 272 281 864 286 287 865 287 288 866 264 280 867 280 289 868 265 282 869 272 281 870 288 290 871 273 283 872 266 284 873 280 289 874 281 291 875 274 285 876 288 290 877 289 292 878 266 284 879 282 293 880 267 272 881 274 285 882 290 294 883 275 286 884 268 273 885 282 293 886 283 295 887 276 274 888 290 294 889 291 296 890 269 275 891 283 295 892 284 297 893 262 276 894 81 23 895 277 298 896 307 25 897 276 274 898 291 296 899 269 275 900 285 299 901 270 277 902 262 276 903 278 300 904 263 278 905 270 277 906 286 287 907 271 279 908 264 280 909 278 300 910 279 301 911 291 296 912 305 302 913 306 303 914 284 297 915 298 304 916 299 305 917 277 298 918 81 23 919 292 306 920 307 25 921 291 296 922 306 303 923 284 297 924 300 307 925 285 299 926 277 298 927 293 308 928 278 300 929 285 299 930 301 309 931 286 287 932 279 301 933 293 308 934 294 310 935 287 288 936 301 309 937 302 311 938 279 301 939 295 312 940 280 289 941 287 288 942 303 313 943 288 290 944 281 291 945 295 312 946 296 314 947 289 292 948 303 313 949 304 315 950 281 291 951 297 316 952 282 293 953 289 292 954 305 302 955 290 294 956 283 295 957 297 316 958 298 304 959 294 310 960 311 317 961 295 312 962 302 311 963 319 318 964 303 313 965 296 314 966 311 317 967 312 319 968 304 315 969 319 318 970 320 320 971 296 314 972 313 321 973 297 316 974 304 315 975 321 322 976 305 302 977 298 304 978 313 321 979 314 323 980 305 302 981 322 324 982 306 303 983 299 305 984 314 323 985 315 325 986 292 306 987 81 23 988 308 326 989 307 25 990 306 303 991 322 324 992 299 305 993 316 327 994 300 307 995 293 308 996 308 326 997 309 328 998 300 307 999 317 329 1000 301 309 1001 294 310 1002 309 328 1003 310 330 1004 302 311 1005 317 329 1006 318 331 1007 315 325 1008 329 332 1009 330 333 1010 308 326 1011 81 23 1012 323 334 1013 307 25 1014 322 324 1015 337 335 1016 315 325 1017 331 336 1018 316 327 1019 308 326 1020 324 337 1021 309 328 1022 316 327 1023 332 338 1024 317 329 1025 309 328 1026 325 339 1027 310 330 1028 318 331 1029 332 338 1030 333 340 1031 310 330 1032 326 341 1033 311 317 1034 318 331 1035 334 342 1036 319 318 1037 312 319 1038 326 341 1039 327 343 1040 320 320 1041 334 342 1042 335 344 1043 312 319 1044 328 345 1045 313 321 1046 320 320 1047 336 346 1048 321 322 1049 314 323 1050 328 345 1051 329 332 1052 322 324 1053 336 346 1054 337 335 1055 333 340 1056 349 347 1057 334 342 1058 327 343 1059 341 348 1060 342 349 1061 335 344 1062 349 347 1063 350 350 1064 327 343 1065 343 351 1066 328 345 1067 335 344 1068 351 352 1069 336 346 1070 329 332 1071 343 351 1072 344 353 1073 337 335 1074 351 352 1075 352 354 1076 330 333 1077 344 353 1078 345 355 1079 323 334 1080 81 23 1081 338 356 1082 307 25 1083 337 335 1084 352 354 1085 330 333 1086 346 357 1087 331 336 1088 323 334 1089 339 358 1090 324 337 1091 331 336 1092 347 359 1093 332 338 1094 325 339 1095 339 358 1096 340 360 1097 333 340 1098 347 359 1099 348 361 1100 325 339 1101 341 348 1102 326 341 1103 307 25 1104 352 354 1105 367 362 1106 345 355 1107 361 363 1108 346 357 1109 338 356 1110 354 364 1111 339 358 1112 346 357 1113 362 365 1114 347 359 1115 340 360 1116 354 364 1117 355 366 1118 348 361 1119 362 365 1120 363 367 1121 340 360 1122 356 368 1123 341 348 1124 348 361 1125 364 369 1126 349 347 1127 342 349 1128 356 368 1129 357 370 1130 350 350 1131 364 369 1132 365 371 1133 342 349 1134 358 372 1135 343 351 1136 350 350 1137 366 373 1138 351 352 1139 344 353 1140 358 372 1141 359 374 1142 352 354 1143 366 373 1144 367 362 1145 345 355 1146 359 374 1147 360 375 1148 338 356 1149 81 23 1150 353 376 1151 365 371 1152 379 377 1153 380 378 1154 357 370 1155 373 379 1156 358 372 1157 365 371 1158 381 380 1159 366 373 1160 359 374 1161 373 379 1162 374 381 1163 366 373 1164 382 382 1165 367 362 1166 360 375 1167 374 381 1168 375 383 1169 353 376 1170 81 23 1171 368 384 1172 307 25 1173 367 362 1174 382 382 1175 360 375 1176 376 385 1177 361 363 1178 354 364 1179 368 384 1180 369 386 1181 361 363 1182 377 387 1183 362 365 1184 355 366 1185 369 386 1186 370 388 1187 363 367 1188 377 387 1189 378 389 1190 355 366 1191 371 390 1192 356 368 1193 363 367 1194 379 377 1195 364 369 1196 357 370 1197 371 390 1198 372 391 1199 368 384 1200 384 392 1201 369 386 1202 376 385 1203 392 393 1204 377 387 1205 370 388 1206 384 392 1207 385 394 1208 378 389 1209 392 393 1210 393 395 1211 370 388 1212 386 396 1213 371 390 1214 378 389 1215 394 397 1216 379 377 1217 372 391 1218 386 396 1219 387 398 1220 380 378 1221 394 397 1222 395 399 1223 372 391 1224 388 400 1225 373 379 1226 380 378 1227 396 401 1228 381 380 1229 374 381 1230 388 400 1231 389 402 1232 381 380 1233 397 403 1234 382 382 1235 375 383 1236 389 402 1237 390 404 1238 368 384 1239 81 23 1240 383 405 1241 307 25 1242 382 382 1243 397 403 1244 375 383 1245 391 406 1246 376 385 1247 387 398 1248 403 407 1249 388 400 1250 395 399 1251 411 408 1252 396 401 1253 389 402 1254 403 407 1255 404 409 1256 397 403 1257 411 408 1258 412 410 1259 390 404 1260 404 409 1261 405 411 1262 383 405 1263 81 23 1264 398 412 1265 307 25 1266 397 403 1267 412 410 1268 390 404 1269 406 413 1270 391 406 1271 383 405 1272 399 414 1273 384 392 1274 391 406 1275 407 415 1276 392 393 1277 385 394 1278 399 414 1279 400 416 1280 393 395 1281 407 415 1282 408 417 1283 385 394 1284 401 418 1285 386 396 1286 393 395 1287 409 419 1288 394 397 1289 387 398 1290 401 418 1291 402 420 1292 395 399 1293 409 419 1294 410 421 1295 406 413 1296 422 422 1297 407 415 1298 400 416 1299 414 423 1300 415 424 1301 408 417 1302 422 422 1303 423 425 1304 400 416 1305 416 426 1306 401 418 1307 408 417 1308 424 427 1309 409 419 1310 402 420 1311 416 426 1312 417 428 1313 410 421 1314 424 427 1315 425 429 1316 402 420 1317 418 430 1318 403 407 1319 410 421 1320 426 431 1321 411 408 1322 404 409 1323 418 430 1324 419 432 1325 412 410 1326 426 431 1327 427 433 1328 405 411 1329 419 432 1330 420 434 1331 398 412 1332 81 23 1333 413 435 1334 307 25 1335 412 410 1336 427 433 1337 405 411 1338 421 436 1339 406 413 1340 398 412 1341 414 423 1342 399 414 1343 425 429 1344 441 437 1345 426 431 1346 419 432 1347 433 438 1348 434 439 1349 427 433 1350 441 437 1351 442 440 1352 420 434 1353 434 439 1354 435 441 1355 413 435 1356 81 23 1357 428 442 1358 307 25 1359 427 433 1360 442 440 1361 420 434 1362 436 443 1363 421 436 1364 413 435 1365 429 444 1366 414 423 1367 421 436 1368 437 445 1369 422 422 1370 415 424 1371 429 444 1372 430 446 1373 423 425 1374 437 445 1375 438 447 1376 415 424 1377 431 448 1378 416 426 1379 423 425 1380 439 449 1381 424 427 1382 417 428 1383 431 448 1384 432 450 1385 425 429 1386 439 449 1387 440 451 1388 417 428 1389 433 438 1390 418 430 1391 430 446 1392 444 452 1393 445 453 1394 438 447 1395 452 454 1396 453 455 1397 430 446 1398 446 456 1399 431 448 1400 438 447 1401 454 457 1402 439 449 1403 432 450 1404 446 456 1405 447 458 1406 440 451 1407 454 457 1408 455 459 1409 432 450 1410 448 460 1411 433 438 1412 440 451 1413 456 461 1414 441 437 1415 434 439 1416 448 460 1417 449 462 1418 441 437 1419 457 463 1420 442 440 1421 435 441 1422 449 462 1423 450 464 1424 428 442 1425 81 23 1426 443 465 1427 307 25 1428 442 440 1429 457 463 1430 435 441 1431 451 466 1432 436 443 1433 428 442 1434 444 452 1435 429 444 1436 436 443 1437 452 454 1438 437 445 1439 449 462 1440 463 467 1441 464 468 1442 456 461 1443 472 469 1444 457 463 1445 450 464 1446 464 468 1447 465 470 1448 443 465 1449 81 23 1450 458 471 1451 307 25 1452 457 463 1453 472 469 1454 450 464 1455 466 472 1456 451 466 1457 443 465 1458 459 473 1459 444 452 1460 451 466 1461 467 474 1462 452 454 1463 445 453 1464 459 473 1465 460 475 1466 453 455 1467 467 474 1468 468 476 1469 445 453 1470 461 477 1471 446 456 1472 453 455 1473 469 478 1474 454 457 1475 447 458 1476 461 477 1477 462 479 1478 455 459 1479 469 478 1480 470 480 1481 447 458 1482 463 467 1483 448 460 1484 455 459 1485 471 481 1486 456 461 1487 467 474 1488 5 2 1489 468 476 1490 461 477 1491 0 31 1492 475 3 1493 468 476 1494 478 6 1495 469 478 1496 462 479 1497 475 3 1498 1 9 1499 470 480 1500 478 6 1501 479 11 1502 463 467 1503 1 9 1504 476 12 1505 471 481 1506 479 11 1507 480 15 1508 464 468 1509 476 12 1510 2 16 1511 472 469 1512 480 15 1513 481 19 1514 465 470 1515 2 16 1516 3 21 1517 458 471 1518 81 23 1519 473 22 1520 307 25 1521 472 469 1522 481 19 1523 465 470 1524 4 27 1525 466 472 1526 458 471 1527 474 28 1528 459 473 1529 466 472 1530 477 0 1531 467 474 1532 460 475 1533 474 28 1534 0 31 1535 477 0 1536 15 30 1537 16 1 1538 475 3 1539 0 31 1540 8 4 1541 478 6 1542 5 2 1543 16 1 1544 475 3 1545 9 5 1546 10 8 1547 478 6 1548 17 7 1549 18 10 1550 476 12 1551 1 9 1552 10 8 1553 479 11 1554 18 10 1555 19 14 1556 2 16 1557 476 12 1558 11 13 1559 480 15 1560 19 14 1561 20 18 1562 2 16 1563 12 17 1564 13 20 1565 3 21 1566 13 20 1567 14 26 1568 474 28 1569 473 22 1570 6 24 1571 4 27 1572 14 26 1573 15 30 1574 0 31 1575 474 28 1576 7 29 1577 6 24 1578 21 45 1579 22 32 1580 14 26 1581 29 46 1582 30 33 1583 7 29 1584 22 32 1585 23 34 1586 16 1 1587 15 30 1588 30 33 1589 8 4 1590 23 34 1591 24 36 1592 17 7 1593 16 1 1594 31 35 1595 9 5 1596 24 36 1597 25 38 1598 18 10 1599 17 7 1600 32 37 1601 10 8 1602 25 38 1603 26 40 1604 19 14 1605 18 10 1606 33 39 1607 12 17 1608 11 13 1609 26 40 1610 20 18 1611 19 14 1612 34 41 1613 13 20 1614 12 17 1615 27 42 1616 13 20 1617 28 44 1618 29 46 1619 25 38 1620 40 60 1621 41 47 1622 33 39 1623 48 61 1624 49 48 1625 27 42 1626 26 40 1627 41 47 1628 35 43 1629 34 41 1630 49 48 1631 28 44 1632 27 42 1633 42 49 1634 28 44 1635 43 51 1636 44 53 1637 21 45 1638 36 52 1639 37 54 1640 29 46 1641 44 53 1642 45 55 1643 22 32 1644 37 54 1645 38 56 1646 31 35 1647 30 33 1648 45 55 1649 23 34 1650 38 56 1651 39 58 1652 32 37 1653 31 35 1654 46 57 1655 24 36 1656 39 58 1657 40 60 1658 33 39 1659 32 37 1660 47 59 1661 44 53 1662 59 75 1663 60 62 1664 37 54 1665 52 76 1666 53 63 1667 46 57 1668 45 55 1669 60 62 1670 38 56 1671 53 63 1672 54 65 1673 46 57 1674 61 64 1675 62 66 1676 40 60 1677 39 58 1678 54 65 1679 48 61 1680 47 59 1681 62 66 1682 40 60 1683 55 67 1684 56 69 1685 49 48 1686 48 61 1687 63 68 1688 42 49 1689 41 47 1690 56 69 1691 50 50 1692 49 48 1693 64 70 1694 43 51 1695 42 49 1696 57 71 1697 43 51 1698 58 73 1699 59 75 1700 36 52 1701 51 74 1702 52 76 1703 63 68 1704 78 91 1705 79 77 1706 57 71 1707 56 69 1708 71 78 1709 64 70 1710 79 77 1711 80 80 1712 58 73 1713 57 71 1714 72 79 1715 58 73 1716 73 81 1717 74 83 1718 51 74 1719 66 82 1720 67 84 1721 59 75 1722 74 83 1723 75 85 1724 53 63 1725 52 76 1726 67 84 1727 61 64 1728 60 62 1729 75 85 1730 53 63 1731 68 86 1732 69 88 1733 61 64 1734 76 87 1735 77 89 1736 55 67 1737 54 65 1738 69 88 1739 63 68 1740 62 66 1741 77 89 1742 55 67 1743 70 90 1744 71 78 1745 76 87 1746 75 85 1747 91 92 1748 68 86 1749 84 106 1750 85 94 1751 76 87 1752 92 93 1753 93 95 1754 70 90 1755 69 88 1756 85 94 1757 78 91 1758 77 89 1759 93 95 1760 70 90 1761 86 96 1762 87 98 1763 79 77 1764 78 91 1765 94 97 1766 72 79 1767 71 78 1768 87 98 1769 80 80 1770 79 77 1771 95 99 1772 73 81 1773 72 79 1774 88 100 1775 73 81 1776 89 102 1777 90 104 1778 66 82 1779 82 103 1780 83 105 1781 74 83 1782 90 104 1783 91 92 1784 67 84 1785 83 105 1786 84 106 1787 96 101 1788 95 99 1789 110 107 1790 89 102 1791 88 100 1792 103 109 1793 89 102 1794 104 110 1795 105 112 1796 82 103 1797 97 111 1798 98 113 1799 90 104 1800 105 112 1801 106 114 1802 84 106 1803 83 105 1804 98 113 1805 92 93 1806 91 92 1807 106 114 1808 84 106 1809 99 115 1810 100 117 1811 92 93 1812 107 116 1813 108 118 1814 86 96 1815 85 94 1816 100 117 1817 94 97 1818 93 95 1819 108 118 1820 86 96 1821 101 119 1822 102 121 1823 94 97 1824 109 120 1825 110 107 1826 88 100 1827 87 98 1828 102 121 1829 99 115 1830 114 135 1831 115 122 1832 107 116 1833 122 136 1834 123 123 1835 101 119 1836 100 117 1837 115 122 1838 109 120 1839 108 118 1840 123 123 1841 101 119 1842 116 124 1843 117 126 1844 109 120 1845 124 125 1846 125 127 1847 103 109 1848 102 121 1849 117 126 1850 110 107 1851 125 127 1852 126 129 1853 104 110 1854 103 109 1855 118 128 1856 104 110 1857 119 130 1858 120 132 1859 98 113 1860 97 111 1861 112 131 1862 105 112 1863 120 132 1864 121 134 1865 98 113 1866 113 133 1867 114 135 1868 107 116 1869 106 114 1870 121 134 1871 119 130 1872 118 128 1873 133 137 1874 119 130 1875 134 138 1876 135 141 1877 112 131 1878 127 139 1879 128 142 1880 120 132 1881 135 141 1882 136 143 1883 114 135 1884 113 133 1885 128 142 1886 122 136 1887 121 134 1888 136 143 1889 114 135 1890 129 144 1891 130 146 1892 122 136 1893 137 145 1894 138 147 1895 116 124 1896 115 122 1897 130 146 1898 124 125 1899 123 123 1900 138 147 1901 116 124 1902 131 148 1903 132 150 1904 124 125 1905 139 149 1906 140 151 1907 118 128 1908 117 126 1909 132 150 1910 126 129 1911 125 127 1912 140 151 1913 137 145 1914 152 166 1915 153 152 1916 131 148 1917 130 146 1918 145 153 1919 139 149 1920 138 147 1921 153 152 1922 131 148 1923 146 154 1924 147 156 1925 140 151 1926 139 149 1927 154 155 1928 133 137 1929 132 150 1930 147 156 1931 140 151 1932 155 157 1933 156 159 1934 134 138 1935 133 137 1936 148 158 1937 134 138 1938 149 160 1939 150 162 1940 128 142 1941 127 139 1942 142 161 1943 135 141 1944 150 162 1945 151 164 1946 128 142 1947 143 163 1948 144 165 1949 137 145 1950 136 143 1951 151 164 1952 129 144 1953 144 165 1954 145 153 1955 149 160 1956 164 181 1957 165 169 1958 142 161 1959 157 167 1960 158 170 1961 150 162 1962 165 169 1963 166 171 1964 143 163 1965 158 170 1966 159 172 1967 152 166 1968 151 164 1969 166 171 1970 144 165 1971 159 172 1972 160 174 1973 152 166 1974 167 173 1975 168 175 1976 146 154 1977 145 153 1978 160 174 1979 154 155 1980 153 152 1981 168 175 1982 146 154 1983 161 176 1984 162 178 1985 154 155 1986 169 177 1987 170 179 1988 148 158 1989 147 156 1990 162 178 1991 156 159 1992 155 157 1993 170 179 1994 149 160 1995 148 158 1996 163 180 1997 161 176 1998 160 174 1999 175 182 2000 169 177 2001 168 175 2002 183 184 2003 161 176 2004 176 183 2005 177 186 2006 169 177 2007 184 185 2008 185 187 2009 163 180 2010 162 178 2011 177 186 2012 171 168 2013 170 179 2014 185 187 2015 164 181 2016 163 180 2017 178 188 2018 164 181 2019 179 190 2020 180 192 2021 157 167 2022 172 191 2023 173 193 2024 165 169 2025 180 192 2026 181 194 2027 158 170 2028 173 193 2029 174 195 2030 167 173 2031 166 171 2032 181 194 2033 159 172 2034 174 195 2035 175 182 2036 167 173 2037 182 196 2038 183 184 2039 179 190 2040 194 211 2041 195 197 2042 173 193 2043 172 191 2044 187 198 2045 180 192 2046 195 197 2047 196 200 2048 174 195 2049 173 193 2050 188 199 2051 182 196 2052 181 194 2053 196 200 2054 174 195 2055 189 201 2056 190 203 2057 182 196 2058 197 202 2059 198 204 2060 176 183 2061 175 182 2062 190 203 2063 184 185 2064 183 184 2065 198 204 2066 176 183 2067 191 205 2068 192 207 2069 184 185 2070 199 206 2071 200 208 2072 178 188 2073 177 186 2074 192 207 2075 185 187 2076 200 208 2077 201 210 2078 179 190 2079 178 188 2080 193 209 2081 199 206 2082 198 204 2083 213 212 2084 191 205 2085 206 226 2086 207 214 2087 200 208 2088 199 206 2089 214 213 2090 193 209 2091 192 207 2092 207 214 2093 201 210 2094 200 208 2095 215 215 2096 194 211 2097 193 209 2098 208 216 2099 194 211 2100 209 218 2101 210 220 2102 187 198 2103 202 219 2104 203 221 2105 195 197 2106 210 220 2107 211 222 2108 188 199 2109 203 221 2110 204 223 2111 197 202 2112 196 200 2113 211 222 2114 189 201 2115 204 223 2116 205 225 2117 197 202 2118 212 224 2119 213 212 2120 191 205 2121 190 203 2122 205 225 2123 210 220 2124 225 240 2125 226 227 2126 203 221 2127 218 241 2128 219 228 2129 212 224 2130 211 222 2131 226 227 2132 204 223 2133 219 228 2134 220 230 2135 212 224 2136 227 229 2137 228 231 2138 206 226 2139 205 225 2140 220 230 2141 214 213 2142 213 212 2143 228 231 2144 206 226 2145 221 232 2146 222 234 2147 215 215 2148 214 213 2149 229 233 2150 208 216 2151 207 214 2152 222 234 2153 216 217 2154 215 215 2155 230 235 2156 209 218 2157 208 216 2158 223 236 2159 209 218 2160 224 238 2161 225 240 2162 202 219 2163 217 239 2164 218 241 2165 230 235 2166 229 233 2167 244 242 2168 223 236 2169 222 234 2170 237 244 2171 230 235 2172 245 243 2173 246 246 2174 224 238 2175 223 236 2176 238 245 2177 224 238 2178 239 247 2179 240 249 2180 218 241 2181 217 239 2182 232 248 2183 225 240 2184 240 249 2185 241 251 2186 218 241 2187 233 250 2188 234 252 2189 227 229 2190 226 227 2191 241 251 2192 219 228 2193 234 252 2194 235 254 2195 227 229 2196 242 253 2197 243 255 2198 221 232 2199 220 230 2200 235 254 2201 229 233 2202 228 231 2203 243 255 2204 221 232 2205 236 256 2206 237 244 2207 234 252 2208 233 250 2209 248 257 2210 242 253 2211 241 251 2212 256 259 2213 234 252 2214 249 258 2215 250 261 2216 242 253 2217 257 260 2218 258 262 2219 236 256 2220 235 254 2221 250 261 2222 244 242 2223 243 255 2224 258 262 2225 236 256 2226 251 263 2227 252 265 2228 244 242 2229 259 264 2230 260 266 2231 238 245 2232 237 244 2233 252 265 2234 245 243 2235 260 266 2236 261 268 2237 239 247 2238 238 245 2239 253 267 2240 239 247 2241 254 269 2242 255 271 2243 233 250 2244 232 248 2245 247 270 2246 240 249 2247 255 271 2248 256 259 2249 253 267 2250 252 265 2251 267 272 2252 260 266 2253 275 286 2254 276 274 2255 254 269 2256 253 267 2257 268 273 2258 254 269 2259 269 275 2260 270 277 2261 247 270 2262 262 276 2263 263 278 2264 255 271 2265 270 277 2266 271 279 2267 248 257 2268 263 278 2269 264 280 2270 257 260 2271 256 259 2272 271 279 2273 249 258 2274 264 280 2275 265 282 2276 257 260 2277 272 281 2278 273 283 2279 251 263 2280 250 261 2281 265 282 2282 259 264 2283 258 262 2284 273 283 2285 251 263 2286 266 284 2287 267 272 2288 260 266 2289 259 264 2290 274 285 2291 272 281 2292 271 279 2293 286 287 2294 264 280 2295 279 301 2296 280 289 2297 272 281 2298 287 288 2299 288 290 2300 266 284 2301 265 282 2302 280 289 2303 274 285 2304 273 283 2305 288 290 2306 266 284 2307 281 291 2308 282 293 2309 274 285 2310 289 292 2311 290 294 2312 268 273 2313 267 272 2314 282 293 2315 276 274 2316 275 286 2317 290 294 2318 269 275 2319 268 273 2320 283 295 2321 269 275 2322 284 297 2323 285 299 2324 262 276 2325 277 298 2326 278 300 2327 270 277 2328 285 299 2329 286 287 2330 264 280 2331 263 278 2332 278 300 2333 291 296 2334 290 294 2335 305 302 2336 284 297 2337 283 295 2338 298 304 2339 284 297 2340 299 305 2341 300 307 2342 277 298 2343 292 306 2344 293 308 2345 285 299 2346 300 307 2347 301 309 2348 279 301 2349 278 300 2350 293 308 2351 287 288 2352 286 287 2353 301 309 2354 279 301 2355 294 310 2356 295 312 2357 287 288 2358 302 311 2359 303 313 2360 281 291 2361 280 289 2362 295 312 2363 289 292 2364 288 290 2365 303 313 2366 281 291 2367 296 314 2368 297 316 2369 289 292 2370 304 315 2371 305 302 2372 283 295 2373 282 293 2374 297 316 2375 294 310 2376 310 330 2377 311 317 2378 302 311 2379 318 331 2380 319 318 2381 296 314 2382 295 312 2383 311 317 2384 304 315 2385 303 313 2386 319 318 2387 296 314 2388 312 319 2389 313 321 2390 304 315 2391 320 320 2392 321 322 2393 298 304 2394 297 316 2395 313 321 2396 305 302 2397 321 322 2398 322 324 2399 299 305 2400 298 304 2401 314 323 2402 299 305 2403 315 325 2404 316 327 2405 293 308 2406 292 306 2407 308 326 2408 300 307 2409 316 327 2410 317 329 2411 294 310 2412 293 308 2413 309 328 2414 302 311 2415 301 309 2416 317 329 2417 315 325 2418 314 323 2419 329 332 2420 315 325 2421 330 333 2422 331 336 2423 308 326 2424 323 334 2425 324 337 2426 316 327 2427 331 336 2428 332 338 2429 309 328 2430 324 337 2431 325 339 2432 318 331 2433 317 329 2434 332 338 2435 310 330 2436 325 339 2437 326 341 2438 318 331 2439 333 340 2440 334 342 2441 312 319 2442 311 317 2443 326 341 2444 320 320 2445 319 318 2446 334 342 2447 312 319 2448 327 343 2449 328 345 2450 320 320 2451 335 344 2452 336 346 2453 314 323 2454 313 321 2455 328 345 2456 322 324 2457 321 322 2458 336 346 2459 333 340 2460 348 361 2461 349 347 2462 327 343 2463 326 341 2464 341 348 2465 335 344 2466 334 342 2467 349 347 2468 327 343 2469 342 349 2470 343 351 2471 335 344 2472 350 350 2473 351 352 2474 329 332 2475 328 345 2476 343 351 2477 337 335 2478 336 346 2479 351 352 2480 330 333 2481 329 332 2482 344 353 2483 330 333 2484 345 355 2485 346 357 2486 323 334 2487 338 356 2488 339 358 2489 331 336 2490 346 357 2491 347 359 2492 325 339 2493 324 337 2494 339 358 2495 333 340 2496 332 338 2497 347 359 2498 325 339 2499 340 360 2500 341 348 2501 345 355 2502 360 375 2503 361 363 2504 338 356 2505 353 376 2506 354 364 2507 346 357 2508 361 363 2509 362 365 2510 340 360 2511 339 358 2512 354 364 2513 348 361 2514 347 359 2515 362 365 2516 340 360 2517 355 366 2518 356 368 2519 348 361 2520 363 367 2521 364 369 2522 342 349 2523 341 348 2524 356 368 2525 350 350 2526 349 347 2527 364 369 2528 342 349 2529 357 370 2530 358 372 2531 350 350 2532 365 371 2533 366 373 2534 344 353 2535 343 351 2536 358 372 2537 352 354 2538 351 352 2539 366 373 2540 345 355 2541 344 353 2542 359 374 2543 365 371 2544 364 369 2545 379 377 2546 357 370 2547 372 391 2548 373 379 2549 365 371 2550 380 378 2551 381 380 2552 359 374 2553 358 372 2554 373 379 2555 366 373 2556 381 380 2557 382 382 2558 360 375 2559 359 374 2560 374 381 2561 360 375 2562 375 383 2563 376 385 2564 354 364 2565 353 376 2566 368 384 2567 361 363 2568 376 385 2569 377 387 2570 355 366 2571 354 364 2572 369 386 2573 363 367 2574 362 365 2575 377 387 2576 355 366 2577 370 388 2578 371 390 2579 363 367 2580 378 389 2581 379 377 2582 357 370 2583 356 368 2584 371 390 2585 368 384 2586 383 405 2587 384 392 2588 376 385 2589 391 406 2590 392 393 2591 370 388 2592 369 386 2593 384 392 2594 378 389 2595 377 387 2596 392 393 2597 370 388 2598 385 394 2599 386 396 2600 378 389 2601 393 395 2602 394 397 2603 372 391 2604 371 390 2605 386 396 2606 380 378 2607 379 377 2608 394 397 2609 372 391 2610 387 398 2611 388 400 2612 380 378 2613 395 399 2614 396 401 2615 374 381 2616 373 379 2617 388 400 2618 381 380 2619 396 401 2620 397 403 2621 375 383 2622 374 381 2623 389 402 2624 375 383 2625 390 404 2626 391 406 2627 387 398 2628 402 420 2629 403 407 2630 395 399 2631 410 421 2632 411 408 2633 389 402 2634 388 400 2635 403 407 2636 397 403 2637 396 401 2638 411 408 2639 390 404 2640 389 402 2641 404 409 2642 390 404 2643 405 411 2644 406 413 2645 383 405 2646 398 412 2647 399 414 2648 391 406 2649 406 413 2650 407 415 2651 385 394 2652 384 392 2653 399 414 2654 393 395 2655 392 393 2656 407 415 2657 385 394 2658 400 416 2659 401 418 2660 393 395 2661 408 417 2662 409 419 2663 387 398 2664 386 396 2665 401 418 2666 395 399 2667 394 397 2668 409 419 2669 406 413 2670 421 436 2671 422 422 2672 400 416 2673 399 414 2674 414 423 2675 408 417 2676 407 415 2677 422 422 2678 400 416 2679 415 424 2680 416 426 2681 408 417 2682 423 425 2683 424 427 2684 402 420 2685 401 418 2686 416 426 2687 410 421 2688 409 419 2689 424 427 2690 402 420 2691 417 428 2692 418 430 2693 410 421 2694 425 429 2695 426 431 2696 404 409 2697 403 407 2698 418 430 2699 412 410 2700 411 408 2701 426 431 2702 405 411 2703 404 409 2704 419 432 2705 405 411 2706 420 434 2707 421 436 2708 398 412 2709 413 435 2710 414 423 2711 425 429 2712 440 451 2713 441 437 2714 419 432 2715 418 430 2716 433 438 2717 427 433 2718 426 431 2719 441 437 2720 420 434 2721 419 432 2722 434 439 2723 420 434 2724 435 441 2725 436 443 2726 413 435 2727 428 442 2728 429 444 2729 421 436 2730 436 443 2731 437 445 2732 415 424 2733 414 423 2734 429 444 2735 423 425 2736 422 422 2737 437 445 2738 415 424 2739 430 446 2740 431 448 2741 423 425 2742 438 447 2743 439 449 2744 417 428 2745 416 426 2746 431 448 2747 425 429 2748 424 427 2749 439 449 2750 417 428 2751 432 450 2752 433 438 2753 430 446 2754 429 444 2755 444 452 2756 438 447 2757 437 445 2758 452 454 2759 430 446 2760 445 453 2761 446 456 2762 438 447 2763 453 455 2764 454 457 2765 432 450 2766 431 448 2767 446 456 2768 440 451 2769 439 449 2770 454 457 2771 432 450 2772 447 458 2773 448 460 2774 440 451 2775 455 459 2776 456 461 2777 434 439 2778 433 438 2779 448 460 2780 441 437 2781 456 461 2782 457 463 2783 435 441 2784 434 439 2785 449 462 2786 435 441 2787 450 464 2788 451 466 2789 428 442 2790 443 465 2791 444 452 2792 436 443 2793 451 466 2794 452 454 2795 449 462 2796 448 460 2797 463 467 2798 456 461 2799 471 481 2800 472 469 2801 450 464 2802 449 462 2803 464 468 2804 450 464 2805 465 470 2806 466 472 2807 443 465 2808 458 471 2809 459 473 2810 451 466 2811 466 472 2812 467 474 2813 445 453 2814 444 452 2815 459 473 2816 453 455 2817 452 454 2818 467 474 2819 445 453 2820 460 475 2821 461 477 2822 453 455 2823 468 476 2824 469 478 2825 447 458 2826 446 456 2827 461 477 2828 455 459 2829 454 457 2830 469 478 2831 447 458 2832 462 479 2833 463 467 2834 455 459 2835 470 480 2836 471 481 2837 467 474 2838 477 0 2839 5 2 2840 461 477 2841 460 475 2842 0 31 2843 468 476 2844 5 2 2845 478 6 2846 462 479 2847 461 477 2848 475 3 2849 470 480 2850 469 478 2851 478 6 2852 463 467 2853 462 479 2854 1 9 2855 471 481 2856 470 480 2857 479 11 2858 464 468 2859 463 467 2860 476 12 2861 472 469 2862 471 481 2863 480 15 2864 465 470 2865 464 468 2866 2 16 2867 465 470 2868 3 21 2869 4 27 2870 458 471 2871 473 22 2872 474 28 2873 466 472 2874 4 27 2875 477 0 2876 460 475 2877 459 473 2878 474 28 2879</p>
        </triangles>
      </mesh>
    </geometry>
    <geometry id="Sfera_003-mesh" name="Sfera.003">
      <mesh>
        <source id="Sfera_003-mesh-positions">
          <float_array id="Sfera_003-mesh-positions-array" count="1071">0 0.1406281 0.2104649 0 0.2104649 0.1406281 0 0.2482603 0.04938203 0 0.253124 0 0 0.2482603 -0.04938203 0 0.2104649 -0.1406281 0.009633958 0.04843318 0.2482603 0.01889765 0.09500509 0.233856 0.02743518 0.137926 0.2104649 0.03491836 0.1755465 0.1789857 0.04105961 0.2064208 0.1406281 0.045623 0.2293626 0.09686636 0.04843318 0.24349 0.04938203 0.04938203 0.2482603 0 0.04843318 0.24349 -0.04938203 0.045623 0.2293626 -0.09686636 0.04105961 0.2064208 -0.1406281 0.03491836 0.1755465 -0.1789857 0.02743518 0.137926 -0.2104649 0.01889765 0.09500509 -0.233856 0.009633958 0.04843318 -0.2482603 0.01889765 0.045623 0.2482603 0.03706914 0.08949285 0.233856 0.05381602 0.1299234 0.2104649 0.06849485 0.1653612 0.1789857 0.08054143 0.1944442 0.1406281 0.08949279 0.2160548 0.09686636 0.09500509 0.2293626 0.04938203 0.09686636 0.233856 0 0.09500509 0.2293626 -0.04938203 0.08949279 0.2160548 -0.09686636 0.08054143 0.1944442 -0.1406281 0.06849485 0.1653612 -0.1789857 0.05381602 0.1299234 -0.2104649 0.03706914 0.08949285 -0.233856 0.01889765 0.045623 -0.2482603 0.02743518 0.04105961 0.2482603 0.05381602 0.08054143 0.233856 0.07812881 0.116928 0.2104649 0.09943908 0.1488211 0.1789857 0.116928 0.1749951 0.1406281 0.1299234 0.1944442 0.09686636 0.137926 0.2064208 0.04938203 0.1406281 0.2104648 0 0.137926 0.2064208 -0.04938203 0.1299234 0.1944442 -0.09686636 0.116928 0.1749951 -0.1406281 0.09943908 0.1488211 -0.1789857 0.07812881 0.116928 -0.2104649 0.05381602 0.08054143 -0.233856 0.02743518 0.04105961 -0.2482603 0.03491836 0.03491836 0.2482603 0.06849485 0.06849485 0.233856 0.09943908 0.09943908 0.2104649 0.1265619 0.1265619 0.1789857 0.1488211 0.1488211 0.1406281 0.1653612 0.1653612 0.09686636 0.1755465 0.1755465 0.04938203 0.1789857 0.1789856 0 0.1755465 0.1755465 -0.04938203 0.1653612 0.1653612 -0.09686636 0.1488211 0.1488211 -0.1406281 0.1265619 0.1265619 -0.1789857 0.09943908 0.09943908 -0.2104649 0.06849485 0.06849485 -0.233856 0.03491836 0.03491836 -0.2482603 0.04105961 0.02743518 0.2482603 0.08054143 0.05381602 0.233856 0.116928 0.07812875 0.2104649 0.1488211 0.09943908 0.1789857 0.1749951 0.116928 0.1406281 0.1944442 0.1299235 0.09686636 0.2064208 0.137926 0.04938203 0.2104648 0.140628 0 0.2064208 0.137926 -0.04938203 0.1944442 0.1299235 -0.09686636 0.1749951 0.116928 -0.1406281 0.1488211 0.09943908 -0.1789857 0.116928 0.07812875 -0.2104649 0.08054143 0.05381602 -0.233856 0.04105961 0.02743518 -0.2482603 0 0 0.253124 0.045623 0.01889765 0.2482603 0.08949279 0.03706914 0.233856 0.1299234 0.05381602 0.2104649 0.1653612 0.06849485 0.1789857 0.1944442 0.08054137 0.1406281 0.2160548 0.08949285 0.09686636 0.2293626 0.09500503 0.04938203 0.233856 0.0968663 0 0.2293626 0.09500503 -0.04938203 0.2160548 0.08949285 -0.09686636 0.1944442 0.08054137 -0.1406281 0.1653612 0.06849485 -0.1789857 0.1299234 0.05381602 -0.2104649 0.08949279 0.03706914 -0.233856 0.045623 0.01889765 -0.2482603 0.04843312 0.009633898 0.2482603 0.09500509 0.01889765 0.233856 0.137926 0.02743518 0.2104649 0.1755465 0.03491836 0.1789857 0.2064208 0.04105961 0.1406281 0.2293626 0.04562306 0.09686636 0.24349 0.04843312 0.04938203 0.2482602 0.04938197 0 0.24349 0.04843312 -0.04938203 0.2293626 0.04562306 -0.09686636 0.2064208 0.04105961 -0.1406281 0.1755465 0.03491836 -0.1789857 0.137926 0.02743518 -0.2104649 0.09500509 0.01889765 -0.233856 0.04843312 0.009633898 -0.2482603 0.04938203 0 0.2482603 0.0968663 0 0.233856 0.1406281 0 0.2104649 0.1789857 0 0.1789857 0.2104648 0 0.1406281 0.233856 0 0.09686636 0.2482602 0 0.04938203 0.2531239 0 0 0.2482602 0 -0.04938203 0.233856 0 -0.09686636 0.2104648 0 -0.1406281 0.1789857 0 -0.1789857 0.1406281 0 -0.2104649 0.0968663 0 -0.233856 0.04938203 0 -0.2482603 0.04843312 -0.009633958 0.2482603 0.09500509 -0.01889765 0.233856 0.137926 -0.02743518 0.2104649 0.1755465 -0.03491836 0.1789857 0.2064208 -0.04105967 0.1406281 0.2293626 -0.045623 0.09686636 0.24349 -0.04843318 0.04938203 0.2482602 -0.04938203 0 0.24349 -0.04843318 -0.04938203 0.2293626 -0.045623 -0.09686636 0.2064208 -0.04105967 -0.1406281 0.1755465 -0.03491836 -0.1789857 0.137926 -0.02743518 -0.2104649 0.09500509 -0.01889765 -0.233856 0.04843312 -0.009633958 -0.2482603 0.045623 -0.01889765 0.2482603 0.08949279 -0.03706914 0.233856 0.1299234 -0.05381602 0.2104649 0.1653612 -0.06849485 0.1789857 0.1944441 -0.08054143 0.1406281 0.2160548 -0.08949279 0.09686636 0.2293625 -0.09500509 0.04938203 0.2338559 -0.09686636 0 0.2293625 -0.09500509 -0.04938203 0.2160548 -0.08949279 -0.09686636 0.1944441 -0.08054143 -0.1406281 0.1653612 -0.06849485 -0.1789857 0.1299234 -0.05381602 -0.2104649 0.08949279 -0.03706914 -0.233856 0.045623 -0.01889765 -0.2482603 0.04105961 -0.02743518 0.2482603 0.08054143 -0.05381602 0.233856 0.116928 -0.07812881 0.2104649 0.1488211 -0.09943908 0.1789857 0.1749951 -0.116928 0.1406281 0.1944442 -0.1299234 0.09686636 0.2064208 -0.137926 0.04938203 0.2104648 -0.1406281 0 0.2064208 -0.137926 -0.04938203 0.1944442 -0.1299234 -0.09686636 0.1749951 -0.116928 -0.1406281 0.1488211 -0.09943908 -0.1789857 0.116928 -0.07812881 -0.2104649 0.08054143 -0.05381602 -0.233856 0.04105961 -0.02743518 -0.2482603 0.0349183 -0.0349183 0.2482603 0.06849479 -0.06849485 0.233856 0.09943902 -0.09943908 0.2104649 0.1265619 -0.1265619 0.1789857 0.1488211 -0.1488211 0.1406281 0.1653612 -0.1653612 0.09686636 0.1755465 -0.1755465 0.04938203 0.1789855 -0.1789856 0 0.1755465 -0.1755465 -0.04938203 0.1653612 -0.1653612 -0.09686636 0.1488211 -0.1488211 -0.1406281 0.1265619 -0.1265619 -0.1789857 0.09943902 -0.09943908 -0.2104649 0.06849479 -0.06849485 -0.233856 0.0349183 -0.0349183 -0.2482603 0.02743518 -0.04105961 0.2482603 0.05381602 -0.08054143 0.233856 0.07812875 -0.116928 0.2104649 0.09943908 -0.1488211 0.1789857 0.1169279 -0.1749951 0.1406281 0.1299234 -0.1944441 0.09686636 0.1379259 -0.2064208 0.04938203 0.140628 -0.2104648 0 0.1379259 -0.2064208 -0.04938203 0.1299234 -0.1944441 -0.09686636 0.1169279 -0.1749951 -0.1406281 0.09943908 -0.1488211 -0.1789857 0.07812875 -0.116928 -0.2104649 0.05381602 -0.08054143 -0.233856 0.02743518 -0.04105961 -0.2482603 0.01889765 -0.045623 0.2482603 0.03706908 -0.08949279 0.233856 0.05381602 -0.1299234 0.2104649 0.06849485 -0.1653612 0.1789857 0.08054137 -0.1944441 0.1406281 0.08949279 -0.2160547 0.09686636 0.09500503 -0.2293625 0.04938203 0.09686619 -0.233856 0 0.09500503 -0.2293625 -0.04938203 0.08949279 -0.2160547 -0.09686636 0.08054137 -0.1944441 -0.1406281 0.06849485 -0.1653612 -0.1789857 0.05381602 -0.1299234 -0.2104649 0.03706908 -0.08949279 -0.233856 0.01889765 -0.045623 -0.2482603 0.009633898 -0.04843312 0.2482603 0.01889765 -0.09500503 0.233856 0.02743512 -0.1379259 0.2104649 0.03491836 -0.1755465 0.1789857 0.04105961 -0.2064208 0.1406281 0.045623 -0.2293625 0.09686636 0.04843312 -0.2434899 0.04938203 0.04938191 -0.2482602 0 0.04843312 -0.2434899 -0.04938203 0.045623 -0.2293625 -0.09686636 0.04105961 -0.2064208 -0.1406281 0.03491836 -0.1755465 -0.1789857 0.02743512 -0.1379259 -0.2104649 0.01889765 -0.09500503 -0.233856 0.009633898 -0.04843312 -0.2482603 0 -0.04938197 0.2482603 0 -0.0968663 0.233856 0 -0.140628 0.2104649 0 -0.1789856 0.1789857 0 -0.2104648 0.1406281 0 -0.233856 0.09686636 0 -0.2482602 0.04938203 0 -0.2531238 0 0 -0.2482602 -0.04938203 0 -0.233856 -0.09686636 0 -0.2104648 -0.1406281 0 -0.1789856 -0.1789857 0 -0.140628 -0.2104649 0 -0.0968663 -0.233856 0 -0.04938197 -0.2482603 -0.009633898 -0.04843312 0.2482603 -0.01889765 -0.09500503 0.233856 -0.02743518 -0.1379259 0.2104649 -0.03491836 -0.1755465 0.1789857 -0.04105967 -0.2064208 0.1406281 -0.04105967 -0.2064208 -0.1406281 -0.03491836 -0.1755465 -0.1789857 -0.02743518 -0.1379259 -0.2104649 -0.01889765 -0.09500503 -0.233856 -0.009633898 -0.04843312 -0.2482603 -0.01889765 -0.045623 0.2482603 -0.03706914 -0.08949279 0.233856 -0.03706914 -0.08949279 -0.233856 -0.01889765 -0.045623 -0.2482603 -0.02743512 -0.04105961 0.2482603 -0.02743512 -0.04105961 -0.2482603 -0.0349183 -0.0349183 0.2482603 -0.0349183 -0.0349183 -0.2482603 0 0 -0.253124 -0.04105961 -0.02743512 0.2482603 -0.04105961 -0.02743512 -0.2482603 -0.04105961 0.02743512 0.2482603 -0.04105961 0.02743512 -0.2482603 -0.0349183 0.0349183 0.2482603 -0.0349183 0.0349183 -0.2482603 -0.02743512 0.04105961 0.2482603 -0.02743512 0.04105961 -0.2482603 -0.01889765 0.045623 0.2482603 -0.03706908 0.08949279 0.233856 -0.03706908 0.08949279 -0.233856 -0.01889765 0.045623 -0.2482603 -0.009633898 0.04843312 0.2482603 -0.01889765 0.09500503 0.233856 -0.02743506 0.1379259 0.2104649 -0.0349183 0.1755465 0.1789857 -0.04105955 0.2064207 0.1406281 -0.04105955 0.2064207 -0.1406281 -0.0349183 0.1755465 -0.1789857 -0.02743506 0.1379259 -0.2104649 -0.01889765 0.09500503 -0.233856 -0.009633898 0.04843312 -0.2482603 0 0.04938197 0.2482603 0 0.0968663 0.233856 0 0.1789856 0.1789857 0 0.2338559 0.09686636 0 0.2338559 -0.09686636 0 0.1789856 -0.1789857 0 0.1406279 -0.2104649 0 0.0968663 -0.233856 0 0.04938197 -0.2482603 -0.04491376 -0.2257968 0.1036681 -0.04491376 -0.2257968 -0.1036681 -0.04491376 -0.2438365 0.04938203 -0.04491376 -0.2294324 0.09686636 -0.04491376 -0.2487002 0 -0.04491376 -0.2438365 -0.04938203 -0.04491376 -0.2294324 -0.09686636 -0.04491376 -0.1084313 0.2228991 -0.04491376 -0.1084313 -0.2228991 -0.04491376 -0.2052516 -0.1406281 -0.04491376 -0.1725144 0.1789857 -0.04491376 -0.1326239 0.2104649 -0.04491376 -0.1725144 -0.1789857 -0.04491376 -0.2052516 0.1406281 -0.04491376 -0.1326239 -0.2104649 -0.04491376 -0.06721818 0.2387168 -0.04491376 -0.06721818 -0.2387168 -0.04491376 -0.08529978 -0.233856 -0.04491376 -0.08529978 0.233856 -0.04491376 -0.0449137 0.2439723 -0.04491376 -0.0449137 -0.2439723 -0.04491376 -0.0300104 0.2468541 -0.04491376 -0.0300104 -0.2468541 -0.04491376 -0.02022457 -0.2482603 -0.04491376 -0.02022457 0.2482603 -0.04491376 0.0300104 0.2468541 -0.04491376 0.0300104 -0.2468541 -0.04491376 0.02022457 -0.2482603 -0.04491376 0.02022457 0.2482603 -0.04491376 0.04491376 0.2439723 -0.04491376 0.04491376 -0.2439723 -0.04491376 0.06721818 0.2387168 -0.04491376 0.06721818 -0.2387168 -0.04491376 0.1084315 0.222899 -0.04491376 0.1084315 -0.222899 -0.04491376 0.08529973 -0.233856 -0.04491376 0.08529973 0.233856 -0.04491376 0.2257968 0.1036678 -0.04491376 0.2257968 -0.1036678 -0.04491376 0.2052515 -0.1406281 -0.04491376 0.1725144 0.1789857 -0.04491376 0.1326238 0.2104649 -0.04491376 0.1725144 -0.1789857 -0.04491376 0.2052515 0.1406281 -0.04491376 0.1326238 -0.2104649 -0.04491376 0.2294323 -0.09686636 -0.04491376 0.2294323 0.09686636 -0.04491376 -0.01860386 0.2483358 -0.04491376 -0.01860386 -0.2483358 -0.04491376 -0.008933842 0.2486137 -0.04491376 -0.008933842 -0.2486137 -0.04491376 0 0.2487003 -0.04491376 0 -0.2487003 -0.04491376 0.008933901 0.2486137 -0.04491376 0.008933901 -0.2486137 -0.04491376 0.01860386 0.2483358 -0.04491376 0.01860386 -0.2483358 -0.04491376 0.2487001 0 -0.04491376 0.2438365 0.04938203 -0.04491376 0.2438365 -0.04938203</float_array>
          <technique_common>
            <accessor source="#Sfera_003-mesh-positions-array" count="357" stride="3">
              <param name="X" type="float"/>
              <param name="Y" type="float"/>
              <param name="Z" type="float"/>
            </accessor>
          </technique_common>
        </source>
        <source id="Sfera_003-mesh-normals">
          <float_array id="Sfera_003-mesh-normals-array" count="1071">-9.75924e-7 0.3878868 -0.9217071 0.03920626 0.1971046 -0.9795983 0 0.2009658 -0.9795984 -1.08017e-6 0.9810155 0.1939296 0.1950905 0.9807853 0 -3.05006e-6 1 0 0 0.2009658 0.9795984 0 0 1 0.03920561 0.1971046 0.9795982 0 0 -1 -1.07896e-6 0.9810155 -0.1939296 0.1913874 0.9621649 -0.193932 -1.74925e-6 0.3878862 0.9217073 0.07567185 0.3804334 0.9217073 0.1804101 0.9069967 -0.3805379 -1.27751e-6 0.9247658 -0.380537 -2.63437e-6 0.5597752 0.8286446 0.1092066 0.5490185 0.8286452 0.1625764 0.8173279 -0.5527604 -2.70722e-6 0.8333395 -0.5527616 -9.76477e-7 0.7101427 0.7040578 0.1385424 0.6964954 0.7040598 -7.52158e-7 0.7101429 -0.7040576 0.1385424 0.6964954 -0.7040598 0.1625764 0.8173279 0.5527604 -2.72885e-6 0.8333395 0.5527616 0.109205 0.5490186 -0.8286454 -2.27516e-6 0.5597739 -0.8286454 -1.3103e-6 0.9247658 0.380537 0.1804101 0.9069967 0.3805381 0.07567185 0.3804337 -0.9217071 0.1913874 0.9621649 0.193932 0.3538904 0.8543726 0.380538 0.214218 0.5171641 -0.8286446 0.148437 0.3583587 -0.921708 0.3754178 0.9063401 0.1939305 0.07690691 0.1856681 -0.9795982 0.382686 0.9238786 0 0.07690626 0.1856681 0.9795983 0.3754178 0.9063401 -0.1939305 0.148437 0.3583588 0.9217079 0.3538904 0.8543726 -0.380538 0.214218 0.5171641 0.8286446 0.318907 0.7699044 -0.5527617 0.2717611 0.6560845 0.704059 0.2717611 0.6560845 -0.704059 0.318907 0.7699044 0.5527617 0.5137703 0.7689154 -0.3805384 0.3109959 0.4654349 0.8286446 0.46298 0.6928952 -0.552762 0.3945332 0.5904598 0.7040603 0.3945332 0.5904598 -0.7040603 0.46298 0.6928952 0.552762 0.3109959 0.4654349 -0.8286446 0.5137703 0.7689154 0.3805384 0.2154985 0.3225153 -0.9217073 0.5450225 0.8156847 0.1939306 0.1116513 0.1670971 -0.9795982 0.5555722 0.8314683 0 0.1116511 0.1670971 0.9795982 0.5450225 0.8156846 -0.1939306 0.2154985 0.3225153 0.9217073 0.3958226 0.3958215 -0.8286434 0.2742777 0.2742781 -0.9217067 0.6539061 0.6539094 0.3805384 0.6936823 0.6936829 0.1939305 0.1421046 0.1421045 -0.9795982 0.7071088 0.7071048 0 0.1421046 0.1421045 0.9795982 0.6936823 0.6936829 -0.1939305 0.2742777 0.2742781 0.9217067 0.6539061 0.6539094 -0.3805383 0.3958225 0.3958215 0.8286435 0.5892611 0.5892587 -0.5527619 0.5021452 0.5021463 0.7040592 0.5021452 0.5021464 -0.7040592 0.5892611 0.5892586 0.5527619 0.768913 0.5137739 -0.3805383 0.6928973 0.4629771 -0.5527619 0.5904605 0.3945341 0.7040591 0.5904605 0.394534 -0.7040591 0.6928973 0.4629771 0.5527619 0.465435 0.310993 -0.8286457 0.768913 0.5137739 0.3805383 0.3225139 0.2154971 -0.9217081 0.8156841 0.5450234 0.1939303 0.1670969 0.1116506 -0.9795984 0.8314712 0.5555679 0 0.1670968 0.1116506 0.9795983 0.8156843 0.5450233 -0.1939304 0.322514 0.2154971 0.9217081 0.465435 0.310993 0.8286457 0.3583602 0.148437 -0.9217075 0.1856682 0.07690644 -0.9795984 0.9063397 0.375419 0.1939302 0.9238806 0.382681 0 0.1856682 0.07690644 0.9795984 0.9063397 0.375419 -0.1939302 0.3583604 0.1484369 0.9217073 0.8543709 0.3538944 -0.3805382 0.5171653 0.214215 0.8286448 0.7699057 0.3189036 -0.5527619 0.6560849 0.2717601 0.7040591 0.6560849 0.2717601 -0.7040591 0.7699057 0.3189036 0.5527619 0.5171666 0.2142165 -0.8286435 0.8543709 0.3538944 0.3805382 0.6964963 0.1385424 0.704059 0.6964963 0.1385424 -0.7040589 0.8173274 0.1625745 0.5527619 0.5490192 0.1092067 -0.8286446 0.9069957 0.1804147 0.3805382 0.3804348 0.07567322 -0.9217066 0.9621652 0.1913874 0.1939303 0.1971045 0.03920638 -0.9795982 0.980786 0.1950872 0 0.1971045 0.03920644 0.9795982 0.9621652 0.1913874 -0.1939303 0.3804349 0.07567304 0.9217065 0.9069957 0.1804147 -0.3805382 0.5490195 0.1092049 0.8286447 0.8173274 0.1625746 -0.5527619 0.9810155 7.46616e-7 0.1939301 1 -3.35835e-6 0 0.2009661 0 0.9795982 0.2009661 0 -0.9795983 0.9810155 7.43004e-7 -0.1939301 0.3878844 0 0.9217081 0.9247652 2.28848e-6 -0.3805383 0.5597751 -1.8249e-6 0.8286446 0.8333393 -1.70027e-6 -0.5527619 0.7101414 3.70684e-7 0.7040591 0.7101414 3.69484e-7 -0.7040591 0.8333393 -1.70148e-6 0.5527619 0.559775 0 -0.8286447 0.9247652 2.28848e-6 0.3805383 0.3878843 0 -0.9217081 0.6964964 -0.1385412 -0.7040591 0.6964964 -0.1385412 0.7040591 0.8173264 -0.1625784 0.5527619 0.5490193 -0.1092066 -0.8286445 0.9069965 -0.1804106 0.3805383 0.3804348 -0.0756731 -0.9217066 0.9621655 -0.1913861 0.19393 0.197105 -0.03920644 -0.9795982 0.9807848 -0.1950932 0 0.197105 -0.03920644 0.9795982 0.9621655 -0.1913861 -0.19393 0.3804346 -0.07567316 0.9217066 0.9069965 -0.1804106 -0.3805383 0.5490208 -0.1092078 0.8286435 0.8173264 -0.1625784 -0.552762 0.1856679 -0.07690632 0.9795984 0.1856679 -0.07690632 -0.9795984 0.9063403 -0.3754178 -0.1939299 0.3583586 -0.1484371 0.921708 0.8543725 -0.3538904 -0.3805382 0.5171626 -0.2142171 0.8286459 0.7699045 -0.3189067 -0.552762 0.6560854 -0.2717587 0.7040591 0.6560854 -0.2717587 -0.7040591 0.7699044 -0.3189067 0.5527619 0.5171626 -0.2142171 -0.8286459 0.8543725 -0.3538904 0.3805382 0.3583586 -0.1484371 -0.921708 0.9063403 -0.3754179 0.1939299 0.9238785 -0.382686 0 0.5904616 -0.3945327 0.704059 0.6928952 -0.46298 0.552762 0.5904616 -0.3945327 -0.704059 0.4654369 -0.3109961 -0.8286435 0.7689154 -0.5137704 0.3805382 0.322515 -0.2154985 -0.9217073 0.815685 -0.5450224 0.1939299 0.167097 -0.1116507 -0.9795982 0.831468 -0.5555727 0 0.1670973 -0.1116507 0.9795982 0.8156849 -0.5450224 -0.1939299 0.322515 -0.2154986 0.9217073 0.7689155 -0.5137703 -0.3805382 0.4654369 -0.3109961 0.8286435 0.6928952 -0.46298 -0.552762 0.693683 -0.6936824 -0.1939298 0.2742783 -0.2742782 0.9217066 0.6539093 -0.6539061 -0.3805383 0.3958207 -0.3958209 0.8286446 0.5892586 -0.5892611 -0.552762 0.5021463 -0.5021453 0.7040592 0.5021463 -0.5021452 -0.7040593 0.5892586 -0.5892611 0.552762 0.3958207 -0.3958209 -0.8286446 0.6539093 -0.6539061 0.3805383 0.2742782 -0.2742782 -0.9217066 0.6936829 -0.6936824 0.1939298 0.1421039 -0.1421046 -0.9795984 0.7071046 -0.707109 0 0.1421044 -0.1421046 0.9795983 0.394534 -0.5904607 -0.704059 0.3109926 -0.4654352 -0.8286457 0.5137739 -0.7689129 0.3805382 0.2154973 -0.3225144 -0.9217078 0.5450235 -0.8156843 0.1939297 0.111651 -0.1670968 -0.9795982 0.5555679 -0.8314712 0 0.1116508 -0.1670969 0.9795984 0.5450234 -0.8156843 -0.1939297 0.2154973 -0.3225144 0.9217079 0.5137739 -0.7689129 -0.3805382 0.3109926 -0.4654352 0.8286457 0.462977 -0.6928973 -0.5527618 0.394534 -0.5904607 0.704059 0.4629771 -0.6928973 0.5527619 0.3538944 -0.854371 -0.3805379 0.214215 -0.5171654 0.8286446 0.3189035 -0.7699058 -0.5527619 0.2717601 -0.6560848 0.7040591 0.2717601 -0.6560848 -0.7040591 0.3189035 -0.7699058 0.5527618 0.214215 -0.5171654 -0.8286446 0.3538944 -0.854371 0.3805379 0.1484368 -0.3583607 -0.9217072 0.3754188 -0.9063399 0.1939297 0.07690739 -0.1856684 -0.9795982 0.3826807 -0.9238808 0 0.07690674 -0.1856684 0.9795983 0.3754188 -0.90634 -0.1939297 0.1484368 -0.3583606 0.9217072 0.1092061 -0.549021 -0.8286436 0.07567322 -0.3804348 -0.9217066 0.1804147 -0.9069958 0.3805381 0.1913871 -0.9621654 0.1939299 0.03920656 -0.1971048 -0.9795982 0.1950875 -0.9807859 0 0.03920584 -0.1971048 0.9795982 0.1913871 -0.9621654 -0.1939299 0.07567322 -0.3804348 0.9217066 0.1804147 -0.9069958 -0.3805381 0.1092061 -0.549021 0.8286436 0.1625746 -0.8173272 -0.5527619 0.1385423 -0.6964962 0.704059 0.1385423 -0.6964962 -0.704059 0.1625746 -0.8173272 0.5527619 0 -0.3878846 0.921708 0 -0.5597751 0.8286446 1.62671e-6 -0.9247664 -0.3805356 -1.67865e-6 -0.8333393 -0.5527617 6.21405e-7 -0.7101414 0.7040591 6.21405e-7 -0.7101414 -0.7040592 -1.70869e-6 -0.8333393 0.5527617 0 -0.5597751 -0.8286447 1.59904e-6 -0.9247664 0.3805356 8.35482e-7 -0.3878864 -0.9217072 -2.27596e-7 -0.9810159 0.1939274 -1.02051e-6 -0.200966 -0.9795982 -6.84214e-7 -1 0 -3.7229e-7 -0.2009657 0.9795983 -2.288e-7 -0.9810159 -0.1939274 -0.03920704 -0.1971044 -0.9795982 -0.03920602 -0.1971048 0.9795982 -0.07567459 -0.3804365 0.9217058 -0.1092064 -0.5490167 0.8286463 -0.1385422 -0.6964967 0.7040585 -0.1385423 -0.6964967 -0.7040585 -0.1625762 -0.8173259 0.5527635 -0.1092064 -0.5490167 -0.8286463 -0.07567346 -0.3804349 -0.9217065 -0.737042 -0.5958894 0.3188809 -0.7687743 -0.5213481 0.3703813 -0.07690662 -0.1856681 -0.9795984 -0.07690596 -0.1856681 0.9795984 -0.1484367 -0.3583579 0.9217083 -0.1116526 -0.1670983 0.9795978 -0.1116528 -0.1670982 -0.9795978 -0.7539752 -0.2981902 0.5853239 -0.7465482 -0.2130276 0.6303055 -0.1421039 -0.1421043 0.9795984 -0.1421039 -0.1421043 -0.9795984 -0.7689437 -0.1405309 0.62368 -0.7537966 -0.1670119 0.6355295 -0.1670963 -0.1116517 0.9795984 -0.1670964 -0.1116516 -0.9795982 -0.7539632 -0.2981964 -0.5853361 -0.7539726 0.298192 0.5853264 -0.7812758 -0.1094636 0.6145126 -0.7364647 -0.04172509 0.675188 -0.7362109 -0.02700811 0.6762132 -0.7382143 -0.01376414 0.6744259 -0.7388925 0 0.6738234 -0.7382142 0.01376426 0.674426 -0.7362104 0.02700901 0.6762136 -0.73646 0.04172557 -0.6751931 -0.7812773 0.1094635 -0.6145109 -0.1670997 0.1116514 -0.9795977 -0.1670992 0.1116514 0.9795978 -0.7364599 0.04172402 0.6751934 -0.7812774 0.1094635 0.6145109 -0.1421046 0.1421046 0.9795982 -0.1421042 0.1421046 -0.9795982 -0.7689424 0.1405314 0.6236816 -0.1116524 0.1670983 0.9795979 -0.1116524 0.1670984 -0.9795978 -0.7537932 0.1670129 0.6355333 -0.07690626 0.1856682 0.9795984 -0.07690674 0.1856682 -0.9795982 -0.1484368 0.3583582 0.9217082 -0.7465473 0.2130284 0.6303063 -0.7465474 0.2130286 -0.6303061 -0.7539648 0.2981961 -0.5853344 -0.148437 0.3583582 -0.9217082 -0.7687759 0.521347 -0.3703795 -0.737038 0.5958933 -0.318883 -0.1625792 0.8173253 -0.5527634 -0.7566421 0.4470118 0.4771512 -0.1092091 0.5490172 0.8286456 -0.1385421 0.6964955 0.7040597 -0.1385411 0.6964949 -0.7040606 -0.7566421 0.4470118 -0.4771512 -0.7687759 0.5213471 0.3703795 -0.1625791 0.8173252 0.5527635 -0.109207 0.5490189 -0.8286448 -0.7416511 0.3540619 -0.5697314 -0.7370422 0.5958892 0.3188808 -0.07567417 0.3804368 -0.9217056 -0.03920656 0.1971048 -0.9795982 -0.03920584 0.1971048 0.9795982 -0.07567435 0.3804367 0.9217056 -0.7205774 0.6933745 0 -0.7199302 0.6805469 -0.1362221 -0.7179804 0.6424486 -0.267888 -0.7199302 0.6805469 0.136222 -0.7382147 0.01376402 -0.6744255 -0.7362102 0.02700781 -0.6762139 -0.7388926 5.61948e-7 -0.6738233 -0.7382144 -0.01376414 -0.6744258 -0.7362109 -0.02700889 -0.6762131 -0.7537972 0.1670117 -0.6355289 -0.7689425 0.1405313 -0.6236813 -0.7812759 -0.1094636 -0.6145126 -0.7364647 -0.04172354 -0.6751881 -0.1484367 -0.358358 -0.9217083 -0.7465477 -0.2130281 -0.6303059 -0.7537927 -0.1670131 -0.6355338 -0.7689434 -0.1405308 -0.6236804 -0.7566433 -0.4470111 -0.4771501 -0.7416511 -0.3540617 -0.5697314 -0.7566431 -0.4470112 0.47715 -0.7687747 -0.5213479 -0.3703809 -0.7199296 -0.6805475 -0.1362221 -0.7179793 -0.6424503 -0.2678867 -0.7205758 -0.6933762 0 -0.7199296 -0.6805476 0.1362221 -0.7370376 -0.5958937 -0.318883 -0.1625769 -0.8173257 -0.5527634 -0.7179813 -0.6424478 0.2678877 -0.7416508 -0.3540619 0.5697318 -0.7416511 0.3540619 0.5697314 -0.7179809 0.6424479 0.2678882</float_array>
          <technique_common>
            <accessor source="#Sfera_003-mesh-normals-array" count="357" stride="3">
              <param name="X" type="float"/>
              <param name="Y" type="float"/>
              <param name="Z" type="float"/>
            </accessor>
          </technique_common>
        </source>
        <source id="Sfera_003-mesh-map">
          <float_array id="Sfera_003-mesh-map-array" count="4260">0.75 0.125 0.71875 0.06249994 0.75 0.06249988 0.75 0.5625 0.71875 0.5 0.75 0.5 0.75 0.9375001 0.734375 1 0.71875 0.9375001 0.734375 0 0.75 0.06249988 0.71875 0.06249994 0.75 0.4375 0.71875 0.5 0.71875 0.4375 0.75 0.8750001 0.71875 0.9375001 0.71875 0.875 0.75 0.4375 0.71875 0.375 0.75 0.375 0.75 0.8125 0.71875 0.875 0.71875 0.8125 0.75 0.375 0.71875 0.3125 0.75 0.3125001 0.75 0.7500001 0.71875 0.8125 0.71875 0.75 0.75 0.25 0.71875 0.3125 0.71875 0.25 0.75 0.7500001 0.71875 0.6875 0.75 0.6875 0.75 0.25 0.71875 0.1875 0.75 0.1874998 0.75 0.6250001 0.71875 0.6875 0.71875 0.625 0.75 0.1874998 0.71875 0.125 0.75 0.125 0.75 0.5625 0.71875 0.625 0.71875 0.5625 0.71875 0.6875 0.6875 0.625 0.71875 0.625 0.71875 0.125 0.6875 0.1875 0.6875 0.125 0.71875 0.5625 0.6875 0.625 0.6875 0.5625 0.71875 0.125 0.6875 0.06249994 0.71875 0.06249994 0.71875 0.5 0.6875 0.5625 0.6875 0.5 0.71875 0.9375001 0.703125 1 0.6875 0.9375001 0.703125 0 0.71875 0.06249994 0.6875 0.06249994 0.71875 0.5 0.6875 0.4375 0.71875 0.4375 0.71875 0.875 0.6875 0.9375001 0.6875 0.875 0.71875 0.4375 0.6875 0.375 0.71875 0.375 0.71875 0.875 0.6875 0.8125 0.71875 0.8125 0.71875 0.3125 0.6875 0.375 0.6875 0.3125 0.71875 0.8125 0.6875 0.75 0.71875 0.75 0.71875 0.25 0.6875 0.3125 0.6875 0.25 0.71875 0.75 0.6875 0.6875 0.71875 0.6875 0.71875 0.1875 0.6875 0.25 0.6875 0.1875 0.6875 0.4375 0.65625 0.375 0.6875 0.375 0.6875 0.875 0.65625 0.8125 0.6875 0.8125 0.6875 0.3125 0.65625 0.375 0.65625 0.3125 0.6875 0.8125 0.65625 0.75 0.6875 0.75 0.6875 0.25 0.65625 0.3125 0.65625 0.25 0.6875 0.75 0.65625 0.6875 0.6875 0.6875 0.6875 0.1875 0.65625 0.25 0.65625 0.1875 0.6875 0.6875 0.65625 0.625 0.6875 0.625 0.6875 0.125 0.65625 0.1875 0.65625 0.125 0.6875 0.5625 0.65625 0.625 0.65625 0.5625 0.6875 0.06249994 0.65625 0.125 0.65625 0.06249994 0.6875 0.5 0.65625 0.5625 0.65625 0.5 0.6875 0.9375001 0.671875 1 0.65625 0.9375001 0.671875 0 0.6875 0.06249994 0.65625 0.06249994 0.6875 0.5 0.65625 0.4375 0.6875 0.4375 0.6875 0.9375001 0.65625 0.875 0.6875 0.875 0.65625 0.125 0.625 0.1875 0.625 0.125 0.65625 0.5625 0.625 0.625 0.625 0.5625 0.65625 0.06249994 0.625 0.125 0.625 0.06249994 0.65625 0.5 0.625 0.5625 0.625 0.5 0.65625 0.9375001 0.640625 1 0.625 0.9375001 0.640625 0 0.65625 0.06249994 0.625 0.06249994 0.65625 0.5 0.625 0.4375 0.65625 0.4375 0.65625 0.9375001 0.625 0.875 0.65625 0.875 0.65625 0.4375 0.625 0.375 0.65625 0.375 0.65625 0.875 0.625 0.8125 0.65625 0.8125 0.65625 0.3125 0.625 0.375 0.625 0.3125 0.65625 0.8125 0.625 0.75 0.65625 0.75 0.65625 0.3125 0.625 0.25 0.65625 0.25 0.65625 0.6875 0.625 0.75 0.625 0.6875001 0.65625 0.1875 0.625 0.25 0.625 0.1875 0.65625 0.6875 0.625 0.625 0.65625 0.625 0.625 0.3125 0.59375 0.375 0.59375 0.3125 0.625 0.8125 0.59375 0.75 0.625 0.75 0.625 0.3125 0.59375 0.25 0.625 0.25 0.625 0.6875001 0.59375 0.75 0.59375 0.6875 0.625 0.1875 0.59375 0.25 0.59375 0.1875 0.625 0.6875001 0.59375 0.625 0.625 0.625 0.625 0.1875 0.59375 0.125 0.625 0.125 0.625 0.5625 0.59375 0.625 0.59375 0.5625 0.625 0.125 0.59375 0.06249994 0.625 0.06249994 0.625 0.5 0.59375 0.5625 0.59375 0.5 0.625 0.9375001 0.609375 1 0.59375 0.9375001 0.609375 0 0.625 0.06249994 0.59375 0.06249994 0.625 0.5 0.59375 0.4375 0.625 0.4375 0.625 0.875 0.59375 0.9375001 0.59375 0.875 0.625 0.4375 0.59375 0.375 0.625 0.375 0.625 0.8125 0.59375 0.875 0.59375 0.8125 0.59375 0.06249994 0.5625 0.125 0.5625 0.06249994 0.59375 0.5 0.5625 0.5625 0.5625 0.5 0.59375 0.9375001 0.578125 1 0.5625 0.9375001 0.578125 0 0.59375 0.06249994 0.5625 0.06249994 0.59375 0.5 0.5625 0.4375 0.59375 0.4375 0.59375 0.9375001 0.5625 0.875 0.59375 0.875 0.59375 0.4375 0.5625 0.375 0.59375 0.375 0.59375 0.875 0.5625 0.8125 0.59375 0.8125 0.59375 0.3125 0.5625 0.375 0.5625 0.3125 0.59375 0.8125 0.5625 0.75 0.59375 0.75 0.59375 0.3125 0.5625 0.25 0.59375 0.25 0.59375 0.6875 0.5625 0.75 0.5625 0.6875 0.59375 0.1875 0.5625 0.25 0.5625 0.1875 0.59375 0.6875 0.5625 0.625 0.59375 0.625 0.59375 0.125 0.5625 0.1875 0.5625 0.125 0.59375 0.5625 0.5625 0.625 0.5625 0.5625 0.5625 0.8125 0.53125 0.75 0.5625 0.75 0.5625 0.3125 0.53125 0.25 0.5625 0.25 0.5625 0.6875 0.53125 0.75 0.53125 0.6875001 0.5625 0.1875 0.53125 0.25 0.53125 0.1875 0.5625 0.6875 0.53125 0.6250001 0.5625 0.625 0.5625 0.1875 0.53125 0.125 0.5625 0.125 0.5625 0.5625 0.53125 0.6250001 0.53125 0.5625 0.5625 0.06249994 0.53125 0.125 0.53125 0.06249994 0.5625 0.5 0.53125 0.5625 0.53125 0.5 0.5625 0.9375001 0.546875 1 0.53125 0.9375001 0.546875 0 0.5625 0.06249994 0.53125 0.06249994 0.5625 0.5 0.53125 0.4375 0.5625 0.4375 0.5625 0.9375001 0.53125 0.875 0.5625 0.875 0.5625 0.4375 0.53125 0.375 0.5625 0.375 0.5625 0.875 0.53125 0.8125 0.5625 0.8125 0.5625 0.3125 0.53125 0.375 0.53125 0.3125 0.53125 0.5 0.5 0.5625 0.5 0.5 0.53125 0.9375001 0.515625 1 0.5 0.9375001 0.515625 0 0.53125 0.06249994 0.5 0.06249994 0.53125 0.5 0.5 0.4375 0.53125 0.4375 0.53125 0.875 0.5 0.9375001 0.5 0.875 0.53125 0.4375 0.5 0.375 0.53125 0.375 0.53125 0.875 0.5 0.8125 0.53125 0.8125 0.53125 0.3125 0.5 0.375 0.5 0.3125 0.53125 0.8125 0.5 0.75 0.53125 0.75 0.53125 0.3125 0.5 0.25 0.53125 0.25 0.53125 0.6875001 0.5 0.75 0.5 0.6875001 0.53125 0.1875 0.5 0.25 0.5 0.1875 0.53125 0.6875001 0.5 0.625 0.53125 0.6250001 0.53125 0.1875 0.5 0.125 0.53125 0.125 0.53125 0.5625 0.5 0.625 0.5 0.5625 0.53125 0.125 0.5 0.06249994 0.53125 0.06249994 0.5 0.3125 0.46875 0.25 0.5 0.25 0.5 0.6875001 0.46875 0.75 0.46875 0.6875001 0.5 0.1875 0.46875 0.25 0.46875 0.1875 0.5 0.6875001 0.46875 0.6250001 0.5 0.625 0.5 0.1875 0.46875 0.125 0.5 0.125 0.5 0.5625 0.46875 0.6250001 0.46875 0.5625 0.5 0.06249994 0.46875 0.125 0.46875 0.06249994 0.5 0.5 0.46875 0.5625 0.46875 0.5 0.5 0.9375001 0.484375 1 0.46875 0.9375001 0.484375 0 0.5 0.06249994 0.46875 0.06249994 0.5 0.5 0.46875 0.4375 0.5 0.4375 0.5 0.9375001 0.46875 0.875 0.5 0.875 0.5 0.4375 0.46875 0.375 0.5 0.375 0.5 0.875 0.46875 0.8125 0.5 0.8125 0.5 0.3125 0.46875 0.375 0.46875 0.3125 0.5 0.8125 0.46875 0.75 0.5 0.75 0.46875 0.9375001 0.453125 1 0.4375 0.9375001 0.453125 0 0.46875 0.06249994 0.4375 0.06249994 0.46875 0.5 0.4375 0.4375 0.46875 0.4375 0.46875 0.875 0.4375 0.9375001 0.4375 0.875 0.46875 0.4375 0.4375 0.375 0.46875 0.375 0.46875 0.8125 0.4375 0.875 0.4375 0.8125001 0.46875 0.3125 0.4375 0.375 0.4375 0.3125 0.46875 0.8125 0.4375 0.75 0.46875 0.75 0.46875 0.3125 0.4375 0.25 0.46875 0.25 0.46875 0.6875001 0.4375 0.75 0.4375 0.6875001 0.46875 0.1875 0.4375 0.25 0.4375 0.1875 0.46875 0.6875001 0.4375 0.6250001 0.46875 0.6250001 0.46875 0.1875 0.4375 0.125 0.46875 0.125 0.46875 0.5625 0.4375 0.6250001 0.4375 0.5625 0.46875 0.125 0.4375 0.06249994 0.46875 0.06249994 0.46875 0.5 0.4375 0.5625 0.4375 0.5 0.4375 0.6875001 0.40625 0.75 0.40625 0.6875001 0.4375 0.1875 0.40625 0.25 0.40625 0.1875 0.4375 0.6875001 0.40625 0.6250001 0.4375 0.6250001 0.4375 0.125 0.40625 0.1875 0.40625 0.125 0.4375 0.5625 0.40625 0.6250001 0.40625 0.5625 0.4375 0.06249994 0.40625 0.125 0.40625 0.06249994 0.4375 0.5 0.40625 0.5625 0.40625 0.5 0.4375 0.9375001 0.421875 1 0.40625 0.9375001 0.421875 0 0.4375 0.06249994 0.40625 0.06249994 0.4375 0.5 0.40625 0.4375 0.4375 0.4375 0.4375 0.9375001 0.40625 0.875 0.4375 0.875 0.4375 0.4375 0.40625 0.375 0.4375 0.375 0.4375 0.875 0.40625 0.8125001 0.4375 0.8125001 0.4375 0.3125 0.40625 0.375 0.40625 0.3125 0.4375 0.8125001 0.40625 0.75 0.4375 0.75 0.4375 0.3125 0.40625 0.25 0.4375 0.25 0.40625 0.5 0.375 0.4375 0.40625 0.4375 0.40625 0.9375001 0.375 0.875 0.40625 0.875 0.40625 0.4375 0.375 0.375 0.40625 0.375 0.40625 0.8125001 0.375 0.875 0.375 0.8125001 0.40625 0.3125 0.375 0.375 0.375 0.3125 0.40625 0.8125001 0.375 0.75 0.40625 0.75 0.40625 0.3125 0.375 0.25 0.40625 0.25 0.40625 0.6875001 0.375 0.75 0.375 0.6875001 0.40625 0.1875 0.375 0.25 0.375 0.1875 0.40625 0.6875001 0.375 0.6250001 0.40625 0.6250001 0.40625 0.1875 0.375 0.125 0.40625 0.125 0.40625 0.5625 0.375 0.6250001 0.375 0.5625 0.40625 0.06249994 0.375 0.125 0.375 0.06249994 0.40625 0.5 0.375 0.5625 0.375 0.5 0.40625 0.9375001 0.390625 1 0.375 0.9375001 0.390625 0 0.40625 0.06249994 0.375 0.06249994 0.375 0.1875 0.34375 0.25 0.34375 0.1875 0.375 0.6875001 0.34375 0.6250001 0.375 0.6250001 0.375 0.1875 0.34375 0.125 0.375 0.125 0.375 0.5625 0.34375 0.6250001 0.34375 0.5625 0.375 0.125 0.34375 0.06249994 0.375 0.06249994 0.375 0.5 0.34375 0.5625 0.34375 0.5 0.375 0.9375001 0.359375 1 0.34375 0.9375001 0.359375 0 0.375 0.06249994 0.34375 0.06249994 0.375 0.5 0.34375 0.4375 0.375 0.4375 0.375 0.875 0.34375 0.9375001 0.34375 0.875 0.375 0.4375 0.34375 0.375 0.375 0.375 0.375 0.8125001 0.34375 0.875 0.34375 0.8125001 0.375 0.3125 0.34375 0.375 0.34375 0.3125 0.375 0.8125001 0.34375 0.75 0.375 0.75 0.375 0.3125 0.34375 0.25 0.375 0.25 0.375 0.6875001 0.34375 0.75 0.34375 0.6875001 0.34375 0.4375 0.3125 0.375 0.34375 0.375 0.34375 0.875 0.3125 0.8125001 0.34375 0.8125001 0.34375 0.3125 0.3125 0.375 0.3125 0.3125 0.34375 0.8125001 0.3125 0.75 0.34375 0.75 0.34375 0.3125 0.3125 0.25 0.34375 0.25 0.34375 0.6875001 0.3125 0.75 0.3125 0.6875001 0.34375 0.1875 0.3125 0.25 0.3125 0.1875 0.34375 0.6875001 0.3125 0.6250001 0.34375 0.6250001 0.34375 0.125 0.3125 0.1875 0.3125 0.125 0.34375 0.5625 0.3125 0.6250001 0.3125 0.5625 0.34375 0.06249994 0.3125 0.125 0.3125 0.06249994 0.34375 0.5 0.3125 0.5625 0.3125 0.5 0.34375 0.9375001 0.328125 1 0.3125 0.9375001 0.328125 0 0.34375 0.06249994 0.3125 0.06249994 0.34375 0.5 0.3125 0.4375 0.34375 0.4375 0.34375 0.9375001 0.3125 0.875 0.34375 0.875 0.3125 0.125 0.28125 0.1875 0.28125 0.125 0.3125 0.5625 0.28125 0.6250001 0.28125 0.5625 0.3125 0.06249994 0.28125 0.125 0.28125 0.06249994 0.3125 0.5 0.28125 0.5625 0.28125 0.5 0.3125 0.9375001 0.296875 1 0.28125 0.9375001 0.296875 0 0.3125 0.06249994 0.28125 0.06249994 0.3125 0.5 0.28125 0.4375 0.3125 0.4375 0.3125 0.9375001 0.28125 0.875 0.3125 0.875 0.3125 0.4375 0.28125 0.375 0.3125 0.375 0.3125 0.875 0.28125 0.8125001 0.3125 0.8125001 0.3125 0.3125 0.28125 0.375 0.28125 0.3125 0.3125 0.8125001 0.28125 0.75 0.3125 0.75 0.3125 0.3125 0.28125 0.25 0.3125 0.25 0.3125 0.6875001 0.28125 0.75 0.28125 0.6875001 0.3125 0.1875 0.28125 0.25 0.28125 0.1875 0.3125 0.6875001 0.28125 0.6250001 0.3125 0.6250001 0.28125 0.8125001 0.25 0.875 0.25 0.8125001 0.28125 0.3125 0.25 0.375 0.25 0.3125 0.28125 0.8125001 0.25 0.75 0.28125 0.75 0.28125 0.3125 0.25 0.25 0.28125 0.25 0.28125 0.6875001 0.25 0.75 0.25 0.6875001 0.28125 0.1875 0.25 0.25 0.25 0.1875 0.28125 0.6875001 0.25 0.6250001 0.28125 0.6250001 0.28125 0.1875 0.25 0.125 0.28125 0.125 0.28125 0.5625 0.25 0.6250001 0.25 0.5625 0.28125 0.125 0.25 0.06249994 0.28125 0.06249994 0.28125 0.5 0.25 0.5625 0.25 0.5 0.28125 0.9375001 0.265625 1 0.25 0.9375001 0.265625 0 0.28125 0.06249994 0.25 0.06249994 0.28125 0.5 0.25 0.4375 0.28125 0.4375 0.28125 0.875 0.25 0.9375001 0.25 0.875 0.28125 0.4375 0.25 0.375 0.28125 0.375 0.25 0.125 0.21875 0.06249994 0.25 0.06249994 0.25 0.9375001 0.234375 1 0.21875 0.9375001 0.234375 0 0.25 0.06249994 0.21875 0.06249994 0.25 0.9375001 0.21875 0.875 0.25 0.875 0.25 0.8125001 0.21875 0.875 0.21875 0.8125001 0.25 0.8125001 0.21875 0.75 0.25 0.75 0.25 0.3125 0.21875 0.25 0.25 0.25 0.25 0.6875001 0.21875 0.75 0.21875 0.6875001 0.25 0.1875 0.21875 0.25 0.21875 0.1875 0.25 0.1875 0.21875 0.125 0.25 0.125 0.21875 0.6347142 0.21875 0.6875001 0.2156994 0.6875001 0.21875 0.125 0.1875 0.06249994 0.21875 0.06249994 0.21875 0.9375001 0.203125 1 0.1875 0.9375001 0.203125 0 0.21875 0.06249994 0.1875 0.06249994 0.21875 0.875 0.1875 0.9375001 0.1875 0.875 0.1875 0.9375001 0.171875 1 0.15625 0.9375001 0.171875 0 0.1875 0.06249994 0.15625 0.06249994 0.1875 0.8457236 0.1875 0.875 0.1728618 0.875 0.15625 0.9375001 0.140625 1 0.125 0.9375001 0.140625 0 0.15625 0.06249994 0.125 0.06249994 0.15625 0.9375001 0.125 0.9188944 0.15625 0.8960908 0.125 0.9375001 0.109375 1 0.09375 0.9375001 0.109375 0 0.125 0.06249994 0.09375 0.06249994 0.1875 0.1542763 0.1875 0.8457236 0.8125 0.8457235 0.125 0.9375001 0.09375 0.9313989 0.125 0.9188944 0.09375 0.9313989 0.09375 0.9375001 0.06735694 0.9375001 0.06225705 0.9384717 0.046875 1 0.03238534 0.9420416 0.03011459 0.9420416 0.015625 1 0.001413762 0.9431552 0.9985862 0.9431552 0.984375 1 0.9698854 0.9420416 0.9676146 0.9420416 0.953125 1 0.9377429 0.9384717 0.9326431 0.06249994 0.90625 0.06860107 0.90625 0.06249994 0.9372571 0.9384717 0.90625 0.9375001 0.9326431 0.9375001 0.90625 0.9313989 0.9326431 0.9375001 0.90625 0.9375001 0.90625 0.9375001 0.890625 1 0.875 0.9375001 0.890625 0 0.90625 0.06249994 0.875 0.06249994 0.90625 0.9313989 0.875 0.9375001 0.875 0.9188944 0.875 0.9375001 0.859375 1 0.84375 0.9375001 0.859375 0 0.875 0.06249994 0.84375 0.06249994 0.875 0.9188944 0.84375 0.9375001 0.84375 0.8960908 0.84375 0.9375001 0.828125 1 0.8125 0.9375001 0.828125 0 0.84375 0.06249994 0.8125 0.06249988 0.8125 0.8750001 0.84375 0.8960908 0.8125 0.9375001 0.8125 0.8457235 0.8271383 0.8750001 0.8125 0.8750001 0.8271383 0.125 0.8125 0.1542765 0.8125 0.125 0.7843006 0.3124999 0.78125 0.3652861 0.78125 0.3124999 0.7905529 0.7500001 0.78125 0.8125002 0.78125 0.75 0.7843006 0.3124999 0.78125 0.25 0.7905529 0.25 0.7843006 0.6875001 0.78125 0.75 0.78125 0.6875001 0.7905529 0.25 0.78125 0.1874998 0.8019547 0.1874998 0.78125 0.6347139 0.7843006 0.6875001 0.78125 0.6875001 0.8125 0.06249988 0.78125 0.125 0.78125 0.06249988 0.8125 0.9375001 0.796875 1 0.78125 0.9375001 0.796875 0 0.8125 0.06249988 0.78125 0.06249988 0.8125 0.9375001 0.78125 0.8750001 0.8125 0.8750001 0.78125 0.8125002 0.8125 0.8457235 0.78125 0.8750001 0.78125 0.125 0.75 0.06249988 0.78125 0.06249988 0.7784224 0.5 0.75 0.5625 0.75 0.5 0.78125 0.9375001 0.765625 1 0.75 0.9375001 0.765625 0 0.78125 0.06249988 0.75 0.06249988 0.7784224 0.5 0.75 0.4375 0.7789793 0.4375 0.78125 0.8750001 0.75 0.9375001 0.75 0.8750001 0.7789793 0.4375 0.75 0.375 0.7807642 0.375 0.78125 0.8125002 0.75 0.8750001 0.75 0.8125 0.78125 0.75 0.75 0.8125 0.75 0.7500001 0.78125 0.3124999 0.75 0.25 0.78125 0.25 0.78125 0.6875001 0.75 0.7500001 0.75 0.6875 0.78125 0.1874998 0.75 0.25 0.75 0.1874998 0.75 0.6250001 0.78125 0.6347139 0.75 0.6875 0.78125 0.1874998 0.75 0.125 0.78125 0.125 0.7789793 0.5625 0.75 0.6250001 0.75 0.5625 0.953125 0 0.9676146 0.05795842 0.9377429 0.06152832 0.984375 0 0.9985862 0.05684471 0.9698854 0.05795842 0.015625 0 0.03011459 0.05795836 0.001413762 0.05684471 0.046875 0 0.06225705 0.06152826 0.03238534 0.05795836 0.78125 0.3652861 0.75 0.375 0.75 0.3125001 0.8125 0.1542765 0.78125 0.1874998 0.78125 0.125 0.84375 0.1039093 0.8125 0.125 0.8125 0.06249988 0.875 0.08110564 0.84375 0.06249994 0.875 0.06249994 0.9372571 0.06152832 0.90625 0.06249994 0.921875 0 0.90625 0.06860107 0.875 0.06249994 0.90625 0.06249994 0.09375 0.9375001 0.06274288 0.9384717 0.06735694 0.9375001 0.09375 0.06249994 0.06274288 0.06152826 0.078125 0 0.09375 0.06249994 0.09375 0.06860107 0.06735694 0.06249994 0.125 0.06249994 0.09375 0.06860107 0.09375 0.06249994 0.1875 0.125 0.1728618 0.125 0.15625 0.1039092 0.15625 0.06249994 0.125 0.08110564 0.125 0.06249994 0.1875 0.9375001 0.15625 0.9375001 0.15625 0.8960908 0.21875 0.1875 0.2094472 0.25 0.1980453 0.1875 0.21875 0.8125001 0.2094472 0.75 0.21875 0.75 0.21875 0.75 0.2156994 0.6875001 0.21875 0.6875001 0.21875 0.25 0.2156994 0.3125 0.2094472 0.25 0.21875 0.1875 0.1980453 0.1875 0.1875 0.1542763 0.1875 0.125 0.1875 0.1542763 0.1728618 0.125 0.21875 0.875 0.1875 0.875 0.1875 0.8457236 0.25 0.375 0.2210208 0.4375 0.2192358 0.375 0.25 0.4375 0.2215776 0.5 0.2210208 0.4375 0.25 0.6250001 0.2210208 0.5625 0.25 0.5625 0.25 0.5625 0.2215776 0.5 0.25 0.5 0.25 0.375 0.2192358 0.375 0.21875 0.3652858 0.21875 0.3125 0.21875 0.3652858 0.2156994 0.3125 0.25 0.6875001 0.21875 0.6875001 0.21875 0.6347142 0.75 0.125 0.71875 0.125 0.71875 0.06249994 0.75 0.5625 0.71875 0.5625 0.71875 0.5 0.75 0.4375 0.75 0.5 0.71875 0.5 0.75 0.8750001 0.75 0.9375001 0.71875 0.9375001 0.75 0.4375 0.71875 0.4375 0.71875 0.375 0.75 0.8125 0.75 0.8750001 0.71875 0.875 0.75 0.375 0.71875 0.375 0.71875 0.3125 0.75 0.7500001 0.75 0.8125 0.71875 0.8125 0.75 0.25 0.75 0.3125001 0.71875 0.3125 0.75 0.7500001 0.71875 0.75 0.71875 0.6875 0.75 0.25 0.71875 0.25 0.71875 0.1875 0.75 0.6250001 0.75 0.6875 0.71875 0.6875 0.75 0.1874998 0.71875 0.1875 0.71875 0.125 0.75 0.5625 0.75 0.6250001 0.71875 0.625 0.71875 0.6875 0.6875 0.6875 0.6875 0.625 0.71875 0.125 0.71875 0.1875 0.6875 0.1875 0.71875 0.5625 0.71875 0.625 0.6875 0.625 0.71875 0.125 0.6875 0.125 0.6875 0.06249994 0.71875 0.5 0.71875 0.5625 0.6875 0.5625 0.71875 0.5 0.6875 0.5 0.6875 0.4375 0.71875 0.875 0.71875 0.9375001 0.6875 0.9375001 0.71875 0.4375 0.6875 0.4375 0.6875 0.375 0.71875 0.875 0.6875 0.875 0.6875 0.8125 0.71875 0.3125 0.71875 0.375 0.6875 0.375 0.71875 0.8125 0.6875 0.8125 0.6875 0.75 0.71875 0.25 0.71875 0.3125 0.6875 0.3125 0.71875 0.75 0.6875 0.75 0.6875 0.6875 0.71875 0.1875 0.71875 0.25 0.6875 0.25 0.6875 0.4375 0.65625 0.4375 0.65625 0.375 0.6875 0.875 0.65625 0.875 0.65625 0.8125 0.6875 0.3125 0.6875 0.375 0.65625 0.375 0.6875 0.8125 0.65625 0.8125 0.65625 0.75 0.6875 0.25 0.6875 0.3125 0.65625 0.3125 0.6875 0.75 0.65625 0.75 0.65625 0.6875 0.6875 0.1875 0.6875 0.25 0.65625 0.25 0.6875 0.6875 0.65625 0.6875 0.65625 0.625 0.6875 0.125 0.6875 0.1875 0.65625 0.1875 0.6875 0.5625 0.6875 0.625 0.65625 0.625 0.6875 0.06249994 0.6875 0.125 0.65625 0.125 0.6875 0.5 0.6875 0.5625 0.65625 0.5625 0.6875 0.5 0.65625 0.5 0.65625 0.4375 0.6875 0.9375001 0.65625 0.9375001 0.65625 0.875 0.65625 0.125 0.65625 0.1875 0.625 0.1875 0.65625 0.5625 0.65625 0.625 0.625 0.625 0.65625 0.06249994 0.65625 0.125 0.625 0.125 0.65625 0.5 0.65625 0.5625 0.625 0.5625 0.65625 0.5 0.625 0.5 0.625 0.4375 0.65625 0.9375001 0.625 0.9375001 0.625 0.875 0.65625 0.4375 0.625 0.4375 0.625 0.375 0.65625 0.875 0.625 0.875 0.625 0.8125 0.65625 0.3125 0.65625 0.375 0.625 0.375 0.65625 0.8125 0.625 0.8125 0.625 0.75 0.65625 0.3125 0.625 0.3125 0.625 0.25 0.65625 0.6875 0.65625 0.75 0.625 0.75 0.65625 0.1875 0.65625 0.25 0.625 0.25 0.65625 0.6875 0.625 0.6875001 0.625 0.625 0.625 0.3125 0.625 0.375 0.59375 0.375 0.625 0.8125 0.59375 0.8125 0.59375 0.75 0.625 0.3125 0.59375 0.3125 0.59375 0.25 0.625 0.6875001 0.625 0.75 0.59375 0.75 0.625 0.1875 0.625 0.25 0.59375 0.25 0.625 0.6875001 0.59375 0.6875 0.59375 0.625 0.625 0.1875 0.59375 0.1875 0.59375 0.125 0.625 0.5625 0.625 0.625 0.59375 0.625 0.625 0.125 0.59375 0.125 0.59375 0.06249994 0.625 0.5 0.625 0.5625 0.59375 0.5625 0.625 0.5 0.59375 0.5 0.59375 0.4375 0.625 0.875 0.625 0.9375001 0.59375 0.9375001 0.625 0.4375 0.59375 0.4375 0.59375 0.375 0.625 0.8125 0.625 0.875 0.59375 0.875 0.59375 0.06249994 0.59375 0.125 0.5625 0.125 0.59375 0.5 0.59375 0.5625 0.5625 0.5625 0.59375 0.5 0.5625 0.5 0.5625 0.4375 0.59375 0.9375001 0.5625 0.9375001 0.5625 0.875 0.59375 0.4375 0.5625 0.4375 0.5625 0.375 0.59375 0.875 0.5625 0.875 0.5625 0.8125 0.59375 0.3125 0.59375 0.375 0.5625 0.375 0.59375 0.8125 0.5625 0.8125 0.5625 0.75 0.59375 0.3125 0.5625 0.3125 0.5625 0.25 0.59375 0.6875 0.59375 0.75 0.5625 0.75 0.59375 0.1875 0.59375 0.25 0.5625 0.25 0.59375 0.6875 0.5625 0.6875 0.5625 0.625 0.59375 0.125 0.59375 0.1875 0.5625 0.1875 0.59375 0.5625 0.59375 0.625 0.5625 0.625 0.5625 0.8125 0.53125 0.8125 0.53125 0.75 0.5625 0.3125 0.53125 0.3125 0.53125 0.25 0.5625 0.6875 0.5625 0.75 0.53125 0.75 0.5625 0.1875 0.5625 0.25 0.53125 0.25 0.5625 0.6875 0.53125 0.6875001 0.53125 0.6250001 0.5625 0.1875 0.53125 0.1875 0.53125 0.125 0.5625 0.5625 0.5625 0.625 0.53125 0.6250001 0.5625 0.06249994 0.5625 0.125 0.53125 0.125 0.5625 0.5 0.5625 0.5625 0.53125 0.5625 0.5625 0.5 0.53125 0.5 0.53125 0.4375 0.5625 0.9375001 0.53125 0.9375001 0.53125 0.875 0.5625 0.4375 0.53125 0.4375 0.53125 0.375 0.5625 0.875 0.53125 0.875 0.53125 0.8125 0.5625 0.3125 0.5625 0.375 0.53125 0.375 0.53125 0.5 0.53125 0.5625 0.5 0.5625 0.53125 0.5 0.5 0.5 0.5 0.4375 0.53125 0.875 0.53125 0.9375001 0.5 0.9375001 0.53125 0.4375 0.5 0.4375 0.5 0.375 0.53125 0.875 0.5 0.875 0.5 0.8125 0.53125 0.3125 0.53125 0.375 0.5 0.375 0.53125 0.8125 0.5 0.8125 0.5 0.75 0.53125 0.3125 0.5 0.3125 0.5 0.25 0.53125 0.6875001 0.53125 0.75 0.5 0.75 0.53125 0.1875 0.53125 0.25 0.5 0.25 0.53125 0.6875001 0.5 0.6875001 0.5 0.625 0.53125 0.1875 0.5 0.1875 0.5 0.125 0.53125 0.5625 0.53125 0.6250001 0.5 0.625 0.53125 0.125 0.5 0.125 0.5 0.06249994 0.5 0.3125 0.46875 0.3125 0.46875 0.25 0.5 0.6875001 0.5 0.75 0.46875 0.75 0.5 0.1875 0.5 0.25 0.46875 0.25 0.5 0.6875001 0.46875 0.6875001 0.46875 0.6250001 0.5 0.1875 0.46875 0.1875 0.46875 0.125 0.5 0.5625 0.5 0.625 0.46875 0.6250001 0.5 0.06249994 0.5 0.125 0.46875 0.125 0.5 0.5 0.5 0.5625 0.46875 0.5625 0.5 0.5 0.46875 0.5 0.46875 0.4375 0.5 0.9375001 0.46875 0.9375001 0.46875 0.875 0.5 0.4375 0.46875 0.4375 0.46875 0.375 0.5 0.875 0.46875 0.875 0.46875 0.8125 0.5 0.3125 0.5 0.375 0.46875 0.375 0.5 0.8125 0.46875 0.8125 0.46875 0.75 0.46875 0.5 0.4375 0.5 0.4375 0.4375 0.46875 0.875 0.46875 0.9375001 0.4375 0.9375001 0.46875 0.4375 0.4375 0.4375 0.4375 0.375 0.46875 0.8125 0.46875 0.875 0.4375 0.875 0.46875 0.3125 0.46875 0.375 0.4375 0.375 0.46875 0.8125 0.4375 0.8125001 0.4375 0.75 0.46875 0.3125 0.4375 0.3125 0.4375 0.25 0.46875 0.6875001 0.46875 0.75 0.4375 0.75 0.46875 0.1875 0.46875 0.25 0.4375 0.25 0.46875 0.6875001 0.4375 0.6875001 0.4375 0.6250001 0.46875 0.1875 0.4375 0.1875 0.4375 0.125 0.46875 0.5625 0.46875 0.6250001 0.4375 0.6250001 0.46875 0.125 0.4375 0.125 0.4375 0.06249994 0.46875 0.5 0.46875 0.5625 0.4375 0.5625 0.4375 0.6875001 0.4375 0.75 0.40625 0.75 0.4375 0.1875 0.4375 0.25 0.40625 0.25 0.4375 0.6875001 0.40625 0.6875001 0.40625 0.6250001 0.4375 0.125 0.4375 0.1875 0.40625 0.1875 0.4375 0.5625 0.4375 0.6250001 0.40625 0.6250001 0.4375 0.06249994 0.4375 0.125 0.40625 0.125 0.4375 0.5 0.4375 0.5625 0.40625 0.5625 0.4375 0.5 0.40625 0.5 0.40625 0.4375 0.4375 0.9375001 0.40625 0.9375001 0.40625 0.875 0.4375 0.4375 0.40625 0.4375 0.40625 0.375 0.4375 0.875 0.40625 0.875 0.40625 0.8125001 0.4375 0.3125 0.4375 0.375 0.40625 0.375 0.4375 0.8125001 0.40625 0.8125001 0.40625 0.75 0.4375 0.3125 0.40625 0.3125 0.40625 0.25 0.40625 0.5 0.375 0.5 0.375 0.4375 0.40625 0.9375001 0.375 0.9375001 0.375 0.875 0.40625 0.4375 0.375 0.4375 0.375 0.375 0.40625 0.8125001 0.40625 0.875 0.375 0.875 0.40625 0.3125 0.40625 0.375 0.375 0.375 0.40625 0.8125001 0.375 0.8125001 0.375 0.75 0.40625 0.3125 0.375 0.3125 0.375 0.25 0.40625 0.6875001 0.40625 0.75 0.375 0.75 0.40625 0.1875 0.40625 0.25 0.375 0.25 0.40625 0.6875001 0.375 0.6875001 0.375 0.6250001 0.40625 0.1875 0.375 0.1875 0.375 0.125 0.40625 0.5625 0.40625 0.6250001 0.375 0.6250001 0.40625 0.06249994 0.40625 0.125 0.375 0.125 0.40625 0.5 0.40625 0.5625 0.375 0.5625 0.375 0.1875 0.375 0.25 0.34375 0.25 0.375 0.6875001 0.34375 0.6875001 0.34375 0.6250001 0.375 0.1875 0.34375 0.1875 0.34375 0.125 0.375 0.5625 0.375 0.6250001 0.34375 0.6250001 0.375 0.125 0.34375 0.125 0.34375 0.06249994 0.375 0.5 0.375 0.5625 0.34375 0.5625 0.375 0.5 0.34375 0.5 0.34375 0.4375 0.375 0.875 0.375 0.9375001 0.34375 0.9375001 0.375 0.4375 0.34375 0.4375 0.34375 0.375 0.375 0.8125001 0.375 0.875 0.34375 0.875 0.375 0.3125 0.375 0.375 0.34375 0.375 0.375 0.8125001 0.34375 0.8125001 0.34375 0.75 0.375 0.3125 0.34375 0.3125 0.34375 0.25 0.375 0.6875001 0.375 0.75 0.34375 0.75 0.34375 0.4375 0.3125 0.4375 0.3125 0.375 0.34375 0.875 0.3125 0.875 0.3125 0.8125001 0.34375 0.3125 0.34375 0.375 0.3125 0.375 0.34375 0.8125001 0.3125 0.8125001 0.3125 0.75 0.34375 0.3125 0.3125 0.3125 0.3125 0.25 0.34375 0.6875001 0.34375 0.75 0.3125 0.75 0.34375 0.1875 0.34375 0.25 0.3125 0.25 0.34375 0.6875001 0.3125 0.6875001 0.3125 0.6250001 0.34375 0.125 0.34375 0.1875 0.3125 0.1875 0.34375 0.5625 0.34375 0.6250001 0.3125 0.6250001 0.34375 0.06249994 0.34375 0.125 0.3125 0.125 0.34375 0.5 0.34375 0.5625 0.3125 0.5625 0.34375 0.5 0.3125 0.5 0.3125 0.4375 0.34375 0.9375001 0.3125 0.9375001 0.3125 0.875 0.3125 0.125 0.3125 0.1875 0.28125 0.1875 0.3125 0.5625 0.3125 0.6250001 0.28125 0.6250001 0.3125 0.06249994 0.3125 0.125 0.28125 0.125 0.3125 0.5 0.3125 0.5625 0.28125 0.5625 0.3125 0.5 0.28125 0.5 0.28125 0.4375 0.3125 0.9375001 0.28125 0.9375001 0.28125 0.875 0.3125 0.4375 0.28125 0.4375 0.28125 0.375 0.3125 0.875 0.28125 0.875 0.28125 0.8125001 0.3125 0.3125 0.3125 0.375 0.28125 0.375 0.3125 0.8125001 0.28125 0.8125001 0.28125 0.75 0.3125 0.3125 0.28125 0.3125 0.28125 0.25 0.3125 0.6875001 0.3125 0.75 0.28125 0.75 0.3125 0.1875 0.3125 0.25 0.28125 0.25 0.3125 0.6875001 0.28125 0.6875001 0.28125 0.6250001 0.28125 0.8125001 0.28125 0.875 0.25 0.875 0.28125 0.3125 0.28125 0.375 0.25 0.375 0.28125 0.8125001 0.25 0.8125001 0.25 0.75 0.28125 0.3125 0.25 0.3125 0.25 0.25 0.28125 0.6875001 0.28125 0.75 0.25 0.75 0.28125 0.1875 0.28125 0.25 0.25 0.25 0.28125 0.6875001 0.25 0.6875001 0.25 0.6250001 0.28125 0.1875 0.25 0.1875 0.25 0.125 0.28125 0.5625 0.28125 0.6250001 0.25 0.6250001 0.28125 0.125 0.25 0.125 0.25 0.06249994 0.28125 0.5 0.28125 0.5625 0.25 0.5625 0.28125 0.5 0.25 0.5 0.25 0.4375 0.28125 0.875 0.28125 0.9375001 0.25 0.9375001 0.28125 0.4375 0.25 0.4375 0.25 0.375 0.25 0.125 0.21875 0.125 0.21875 0.06249994 0.25 0.9375001 0.21875 0.9375001 0.21875 0.875 0.25 0.8125001 0.25 0.875 0.21875 0.875 0.25 0.8125001 0.21875 0.8125001 0.21875 0.75 0.25 0.3125 0.21875 0.3125 0.21875 0.25 0.25 0.6875001 0.25 0.75 0.21875 0.75 0.25 0.1875 0.25 0.25 0.21875 0.25 0.25 0.1875 0.21875 0.1875 0.21875 0.125 0.21875 0.125 0.1875 0.125 0.1875 0.06249994 0.21875 0.875 0.21875 0.9375001 0.1875 0.9375001 0.15625 0.9375001 0.125 0.9375001 0.125 0.9188944 0.2094472 0.25 0.2156994 0.3125 0.21875 0.3652858 0.21875 0.3652858 0.2192358 0.375 0.2210208 0.4375 0.2210208 0.4375 0.2215776 0.5 0.21875 0.3652858 0.2215776 0.5 0.2210208 0.5625 0.21875 0.6347142 0.2210208 0.5625 0.2192358 0.6250001 0.21875 0.6347142 0.21875 0.6347142 0.2156994 0.6875001 0.2094472 0.75 0.2094472 0.75 0.1980453 0.8125001 0.1875 0.8457236 0.1875 0.8457236 0.1728618 0.875 0.15625 0.8960908 0.15625 0.8960908 0.125 0.9188944 0.875 0.9188944 0.125 0.9188944 0.09375 0.9313989 0.03011459 0.9420416 0.875 0.9188944 0.9985862 0.9431552 0.9676146 0.9420416 0.09375 0.9313989 0.06735694 0.9375001 0.06225705 0.9384717 0.06225705 0.9384717 0.03011459 0.9420416 0.09375 0.9313989 0.03011459 0.9420416 0.9985862 0.9431552 0.125 0.9188944 0.9676146 0.9420416 0.9372571 0.9384717 0.90625 0.9313989 0.9372571 0.9384717 0.9326431 0.9375001 0.90625 0.9313989 0.90625 0.9313989 0.875 0.9188944 0.9676146 0.9420416 0.875 0.9188944 0.84375 0.8960908 0.15625 0.8960908 0.15625 0.8960908 0.84375 0.8960908 0.1875 0.8457236 0.84375 0.8960908 0.8271383 0.8750001 0.8125 0.8457235 0.8125 0.8457235 0.8019547 0.8125001 0.7905529 0.7500001 0.7905529 0.7500001 0.7843006 0.6875001 0.78125 0.6347139 0.78125 0.6347139 0.7807642 0.6250001 0.7789793 0.5625 0.7789793 0.5625 0.7784224 0.5 0.78125 0.6347139 0.7784224 0.5 0.7789793 0.4375 0.78125 0.3652861 0.78125 0.6347139 0.7784224 0.5 0.78125 0.3652861 0.7789793 0.4375 0.7807642 0.375 0.78125 0.3652861 0.78125 0.3652861 0.7843006 0.3124999 0.7905529 0.25 0.7905529 0.25 0.8019547 0.1874998 0.8125 0.1542765 0.8125 0.1542765 0.8271383 0.125 0.84375 0.1039093 0.84375 0.1039093 0.875 0.08110564 0.15625 0.1039092 0.875 0.08110564 0.90625 0.06860107 0.9698854 0.05795842 0.001413762 0.05684471 0.875 0.08110564 0.9698854 0.05795842 0.90625 0.06860107 0.9326431 0.06249994 0.9377429 0.06152832 0.9377429 0.06152832 0.9698854 0.05795842 0.90625 0.06860107 0.001413762 0.05684471 0.03238534 0.05795836 0.125 0.08110564 0.03238534 0.05795836 0.06274288 0.06152826 0.09375 0.06860107 0.06274288 0.06152826 0.06735694 0.06249994 0.09375 0.06860107 0.09375 0.06860107 0.125 0.08110564 0.03238534 0.05795836 0.125 0.08110564 0.15625 0.1039092 0.875 0.08110564 0.001413762 0.05684471 0.125 0.08110564 0.875 0.08110564 0.15625 0.1039092 0.1728618 0.125 0.1875 0.1542763 0.1875 0.1542763 0.1980453 0.1875 0.2094472 0.25 0.2094472 0.25 0.21875 0.3652858 0.1875 0.1542763 0.21875 0.6347142 0.21875 0.3652858 0.2215776 0.5 0.21875 0.6347142 0.2094472 0.75 0.1875 0.8457236 0.9985862 0.9431552 0.875 0.9188944 0.125 0.9188944 0.84375 0.8960908 0.8125 0.8457235 0.1875 0.8457236 0.8125 0.8457235 0.7905529 0.7500001 0.78125 0.6347139 0.78125 0.3652861 0.7905529 0.25 0.8125 0.1542765 0.78125 0.6347139 0.78125 0.3652861 0.8125 0.1542765 0.8125 0.1542765 0.84375 0.1039093 0.15625 0.1039092 0.8125 0.8457235 0.8125 0.1542765 0.1875 0.1542763 0.15625 0.1039092 0.1875 0.1542763 0.8125 0.1542765 0.21875 0.6347142 0.1875 0.1542763 0.21875 0.3652858 0.21875 0.6347142 0.1875 0.8457236 0.1875 0.1542763 0.8125 0.8457235 0.78125 0.6347139 0.8125 0.1542765 0.125 0.9375001 0.09375 0.9375001 0.09375 0.9313989 0.9372571 0.9384717 0.921875 1 0.90625 0.9375001 0.90625 0.9313989 0.90625 0.9375001 0.875 0.9375001 0.875 0.9188944 0.875 0.9375001 0.84375 0.9375001 0.8271383 0.8750001 0.84375 0.8960908 0.8125 0.8750001 0.84375 0.8960908 0.84375 0.9375001 0.8125 0.9375001 0.7905529 0.7500001 0.8019547 0.8125001 0.78125 0.8125002 0.7843006 0.3124999 0.78125 0.3124999 0.78125 0.25 0.7843006 0.6875001 0.7905529 0.7500001 0.78125 0.75 0.7905529 0.25 0.78125 0.25 0.78125 0.1874998 0.8125 0.06249988 0.8125 0.125 0.78125 0.125 0.8125 0.9375001 0.78125 0.9375001 0.78125 0.8750001 0.8019547 0.8125001 0.8125 0.8457235 0.78125 0.8125002 0.8125 0.8457235 0.8125 0.8750001 0.78125 0.8750001 0.78125 0.125 0.75 0.125 0.75 0.06249988 0.7784224 0.5 0.7789793 0.5625 0.75 0.5625 0.7784224 0.5 0.75 0.5 0.75 0.4375 0.78125 0.8750001 0.78125 0.9375001 0.75 0.9375001 0.7789793 0.4375 0.75 0.4375 0.75 0.375 0.78125 0.8125002 0.78125 0.8750001 0.75 0.8750001 0.78125 0.75 0.78125 0.8125002 0.75 0.8125 0.78125 0.3124999 0.75 0.3125001 0.75 0.25 0.78125 0.6875001 0.78125 0.75 0.75 0.7500001 0.78125 0.1874998 0.78125 0.25 0.75 0.25 0.7807642 0.6250001 0.78125 0.6347139 0.75 0.6250001 0.78125 0.6347139 0.78125 0.6875001 0.75 0.6875 0.78125 0.1874998 0.75 0.1874998 0.75 0.125 0.7789793 0.5625 0.7807642 0.6250001 0.75 0.6250001 0.75 0.3125001 0.78125 0.3124999 0.78125 0.3652861 0.78125 0.3652861 0.7807642 0.375 0.75 0.375 0.78125 0.125 0.8125 0.125 0.8125 0.1542765 0.8125 0.1542765 0.8019547 0.1874998 0.78125 0.1874998 0.8125 0.06249988 0.84375 0.06249994 0.84375 0.1039093 0.84375 0.1039093 0.8271383 0.125 0.8125 0.125 0.875 0.08110564 0.84375 0.1039093 0.84375 0.06249994 0.9372571 0.06152832 0.9326431 0.06249994 0.90625 0.06249994 0.90625 0.06860107 0.875 0.08110564 0.875 0.06249994 0.09375 0.9375001 0.078125 1 0.06274288 0.9384717 0.09375 0.06249994 0.06735694 0.06249994 0.06274288 0.06152826 0.125 0.06249994 0.125 0.08110564 0.09375 0.06860107 0.15625 0.06249994 0.1875 0.06249994 0.15625 0.1039092 0.1875 0.06249994 0.1875 0.125 0.15625 0.1039092 0.15625 0.06249994 0.15625 0.1039092 0.125 0.08110564 0.1728618 0.875 0.1875 0.875 0.15625 0.8960908 0.1875 0.875 0.1875 0.9375001 0.15625 0.8960908 0.21875 0.1875 0.21875 0.25 0.2094472 0.25 0.21875 0.8125001 0.1980453 0.8125001 0.2094472 0.75 0.21875 0.75 0.2094472 0.75 0.2156994 0.6875001 0.21875 0.25 0.21875 0.3125 0.2156994 0.3125 0.1875 0.125 0.21875 0.125 0.1875 0.1542763 0.21875 0.125 0.21875 0.1875 0.1875 0.1542763 0.1980453 0.8125001 0.21875 0.8125001 0.1875 0.8457236 0.21875 0.8125001 0.21875 0.875 0.1875 0.8457236 0.25 0.375 0.25 0.4375 0.2210208 0.4375 0.25 0.4375 0.25 0.5 0.2215776 0.5 0.25 0.6250001 0.2192358 0.6250001 0.2210208 0.5625 0.25 0.5625 0.2210208 0.5625 0.2215776 0.5 0.21875 0.3125 0.25 0.3125 0.21875 0.3652858 0.25 0.3125 0.25 0.375 0.21875 0.3652858 0.2192358 0.6250001 0.25 0.6250001 0.21875 0.6347142 0.25 0.6250001 0.25 0.6875001 0.21875 0.6347142</float_array>
          <technique_common>
            <accessor source="#Sfera_003-mesh-map-array" count="2130" stride="2">
              <param name="S" type="float"/>
              <param name="T" type="float"/>
            </accessor>
          </technique_common>
        </source>
        <vertices id="Sfera_003-mesh-vertices">
          <input semantic="POSITION" source="#Sfera_003-mesh-positions"/>
        </vertices>
        <triangles material="magenta_eyes_001-material" count="710">
          <input semantic="VERTEX" source="#Sfera_003-mesh-vertices" offset="0"/>
          <input semantic="NORMAL" source="#Sfera_003-mesh-normals" offset="1"/>
          <input semantic="TEXCOORD" source="#Sfera_003-mesh-map" offset="2" set="0"/>
          <p>295 0 0 20 1 1 296 2 2 2 3 3 13 4 4 3 5 5 288 6 6 81 7 7 6 8 8 265 9 9 296 2 10 20 1 11 4 10 12 13 4 13 14 11 14 289 12 15 6 8 16 7 13 17 4 10 18 15 14 19 292 15 20 0 16 21 7 13 22 8 17 23 292 15 24 16 18 25 5 19 26 290 20 27 8 17 28 9 21 29 293 22 30 16 18 31 17 23 32 290 20 33 10 24 34 1 25 35 293 22 36 18 26 37 294 27 38 291 28 39 10 24 40 11 29 41 294 27 42 19 30 43 295 0 44 2 3 45 11 29 46 12 31 47 10 24 48 26 32 49 11 29 50 19 30 51 33 33 52 34 34 53 12 31 54 26 32 55 27 35 56 19 30 57 35 36 58 20 1 59 13 4 60 27 35 61 28 37 62 6 8 63 81 7 64 21 38 65 265 9 66 20 1 67 35 36 68 13 4 69 29 39 70 14 11 71 7 13 72 21 38 73 22 40 74 14 11 75 30 41 76 15 14 77 7 13 78 23 42 79 8 17 80 16 18 81 30 41 82 31 43 83 8 17 84 24 44 85 9 21 86 17 23 87 31 43 88 32 45 89 9 21 90 25 46 91 10 24 92 18 26 93 32 45 94 33 33 95 29 39 96 45 47 97 30 41 98 22 40 99 38 48 100 23 42 101 31 43 102 45 47 103 46 49 104 23 42 105 39 50 106 24 44 107 32 45 108 46 49 109 47 51 110 24 44 111 40 52 112 25 46 113 33 33 114 47 51 115 48 53 116 25 46 117 41 54 118 26 32 119 34 34 120 48 53 121 49 55 122 27 35 123 41 54 124 42 56 125 35 36 126 49 55 127 50 57 128 28 37 129 42 56 130 43 58 131 21 38 132 81 7 133 36 59 134 265 9 135 35 36 136 50 57 137 28 37 138 44 60 139 29 39 140 21 38 141 37 61 142 22 40 143 49 55 144 63 62 145 64 63 146 42 56 147 56 64 148 57 65 149 50 57 150 64 63 151 65 66 152 43 58 153 57 65 154 58 67 155 36 59 156 81 7 157 51 68 158 265 9 159 50 57 160 65 66 161 43 58 162 59 69 163 44 60 164 36 59 165 52 70 166 37 61 167 44 60 168 60 71 169 45 47 170 37 61 171 53 72 172 38 48 173 46 49 174 60 71 175 61 73 176 38 48 177 54 74 178 39 50 179 46 49 180 62 75 181 47 51 182 40 52 183 54 74 184 55 76 185 48 53 186 62 75 187 63 62 188 40 52 189 56 64 190 41 54 191 61 73 192 75 77 193 76 78 194 53 72 195 69 79 196 54 74 197 61 73 198 77 80 199 62 75 200 55 76 201 69 79 202 70 81 203 63 62 204 77 80 205 78 82 206 55 76 207 71 83 208 56 64 209 63 62 210 79 84 211 64 63 212 57 65 213 71 83 214 72 85 215 64 63 216 80 86 217 65 66 218 58 67 219 72 85 220 73 87 221 51 68 222 81 7 223 66 88 224 265 9 225 65 66 226 80 86 227 58 67 228 74 89 229 59 69 230 52 70 231 66 88 232 67 90 233 59 69 234 75 77 235 60 71 236 53 72 237 67 90 238 68 91 239 80 86 240 95 92 241 96 93 242 73 87 243 88 94 244 89 95 245 66 88 246 81 7 247 82 96 248 265 9 249 80 86 250 96 93 251 73 87 252 90 97 253 74 89 254 66 88 255 83 98 256 67 90 257 74 89 258 91 99 259 75 77 260 67 90 261 84 100 262 68 91 263 76 78 264 91 99 265 92 101 266 68 91 267 85 102 268 69 79 269 76 78 270 93 103 271 77 80 272 70 81 273 85 102 274 86 104 275 78 82 276 93 103 277 94 105 278 70 81 279 87 106 280 71 83 281 79 84 282 94 105 283 95 92 284 72 85 285 87 106 286 88 94 287 84 100 288 100 107 289 85 102 290 92 101 291 108 108 292 93 103 293 86 104 294 100 107 295 101 109 296 94 105 297 108 108 298 109 110 299 86 104 300 102 111 301 87 106 302 94 105 303 110 112 304 95 92 305 88 94 306 102 111 307 103 113 308 96 93 309 110 112 310 111 114 311 89 95 312 103 113 313 104 115 314 82 96 315 81 7 316 97 116 317 265 9 318 96 93 319 111 114 320 89 95 321 105 117 322 90 97 323 82 96 324 98 118 325 83 98 326 90 97 327 106 119 328 91 99 329 83 98 330 99 120 331 84 100 332 92 101 333 106 119 334 107 121 335 104 115 336 118 122 337 119 123 338 97 116 339 81 7 340 112 124 341 265 9 342 111 114 343 126 125 344 104 115 345 120 126 346 105 117 347 98 118 348 112 124 349 113 127 350 105 117 351 121 128 352 106 119 353 98 118 354 114 129 355 99 120 356 107 121 357 121 128 358 122 130 359 99 120 360 115 131 361 100 107 362 107 121 363 123 132 364 108 108 365 101 109 366 115 131 367 116 133 368 109 110 369 123 132 370 124 134 371 101 109 372 117 135 373 102 111 374 109 110 375 125 136 376 110 112 377 103 113 378 117 135 379 118 122 380 110 112 381 126 125 382 111 114 383 122 130 384 138 137 385 123 132 386 116 133 387 130 138 388 131 139 389 124 134 390 138 137 391 139 140 392 116 133 393 132 141 394 117 135 395 124 134 396 140 142 397 125 136 398 118 122 399 132 141 400 133 143 401 126 125 402 140 142 403 141 144 404 119 123 405 133 143 406 134 145 407 112 124 408 81 7 409 127 146 410 265 9 411 126 125 412 141 144 413 119 123 414 135 147 415 120 126 416 112 124 417 128 148 418 113 127 419 120 126 420 136 149 421 121 128 422 113 127 423 129 150 424 114 129 425 122 130 426 136 149 427 137 151 428 114 129 429 130 138 430 115 131 431 127 146 432 81 7 433 142 152 434 265 9 435 141 144 436 156 153 437 134 145 438 150 154 439 135 147 440 128 148 441 142 152 442 143 155 443 135 147 444 151 156 445 136 149 446 129 150 447 143 155 448 144 157 449 137 151 450 151 156 451 152 158 452 129 150 453 145 159 454 130 138 455 137 151 456 153 160 457 138 137 458 131 139 459 145 159 460 146 161 461 139 140 462 153 160 463 154 162 464 131 139 465 147 163 466 132 141 467 139 140 468 155 164 469 140 142 470 133 143 471 147 163 472 148 165 473 140 142 474 156 153 475 141 144 476 134 145 477 148 165 478 149 166 479 146 161 480 160 167 481 161 168 482 154 162 483 168 169 484 169 170 485 146 161 486 162 171 487 147 163 488 155 164 489 169 170 490 170 172 491 148 165 492 162 171 493 163 173 494 156 153 495 170 172 496 171 174 497 149 166 498 163 173 499 164 175 500 142 152 501 81 7 502 157 176 503 265 9 504 156 153 505 171 174 506 149 166 507 165 177 508 150 154 509 142 152 510 158 178 511 143 155 512 150 154 513 166 179 514 151 156 515 143 155 516 159 180 517 144 157 518 152 158 519 166 179 520 167 181 521 144 157 522 160 167 523 145 159 524 152 158 525 168 169 526 153 160 527 164 175 528 180 182 529 165 177 530 157 176 531 173 183 532 158 178 533 165 177 534 181 184 535 166 179 536 159 180 537 173 183 538 174 185 539 167 181 540 181 184 541 182 186 542 159 180 543 175 187 544 160 167 545 167 181 546 183 188 547 168 169 548 161 168 549 175 187 550 176 189 551 169 170 552 183 188 553 184 190 554 161 168 555 177 191 556 162 171 557 169 170 558 185 192 559 170 172 560 163 173 561 177 191 562 178 193 563 171 174 564 185 192 565 186 194 566 164 175 567 178 193 568 179 195 569 157 176 570 81 7 571 172 196 572 265 9 573 171 174 574 186 194 575 184 190 576 198 197 577 199 198 578 176 189 579 192 199 580 177 191 581 184 190 582 200 200 583 185 192 584 178 193 585 192 199 586 193 201 587 185 192 588 201 202 589 186 194 590 179 195 591 193 201 592 194 203 593 172 196 594 81 7 595 187 204 596 265 9 597 186 194 598 201 202 599 179 195 600 195 205 601 180 182 602 173 183 603 187 204 604 188 206 605 180 182 606 196 207 607 181 184 608 174 185 609 188 206 610 189 208 611 182 186 612 196 207 613 197 209 614 174 185 615 190 210 616 175 187 617 182 186 618 198 197 619 183 188 620 176 189 621 190 210 622 191 211 623 195 205 624 211 212 625 196 207 626 188 206 627 204 213 628 189 208 629 197 209 630 211 212 631 212 214 632 189 208 633 205 215 634 190 210 635 197 209 636 213 216 637 198 197 638 191 211 639 205 215 640 206 217 641 199 198 642 213 216 643 214 218 644 191 211 645 207 219 646 192 199 647 200 200 648 214 218 649 215 220 650 193 201 651 207 219 652 208 221 653 201 202 654 215 220 655 216 222 656 194 203 657 208 221 658 209 223 659 187 204 660 81 7 661 202 224 662 265 9 663 201 202 664 216 222 665 194 203 666 210 225 667 195 205 668 187 204 669 203 226 670 188 206 671 215 220 672 229 227 673 230 228 674 208 221 675 222 229 676 223 230 677 216 222 678 230 228 679 231 231 680 209 223 681 223 230 682 224 232 683 202 224 684 81 7 685 217 233 686 265 9 687 216 222 688 231 231 689 209 223 690 225 234 691 210 225 692 202 224 693 218 235 694 203 226 695 210 225 696 226 236 697 211 212 698 203 226 699 219 237 700 204 213 701 212 214 702 226 236 703 227 238 704 204 213 705 220 239 706 205 215 707 212 214 708 228 240 709 213 216 710 206 217 711 220 239 712 221 241 713 214 218 714 228 240 715 229 227 716 206 217 717 222 229 718 207 219 719 219 237 720 233 242 721 234 243 722 227 238 723 241 244 724 242 245 725 219 237 726 235 246 727 220 239 728 227 238 729 243 247 730 228 240 731 221 241 732 235 246 733 236 248 734 229 227 735 243 247 736 244 249 737 221 241 738 237 250 739 222 229 740 229 227 741 245 251 742 230 228 743 223 230 744 237 250 745 238 252 746 230 228 747 246 253 748 231 231 749 224 232 750 238 252 751 239 254 752 217 233 753 81 7 754 232 255 755 265 9 756 231 231 757 246 253 758 224 232 759 240 256 760 225 234 761 218 235 762 232 255 763 233 242 764 225 234 765 241 244 766 226 236 767 245 251 768 256 257 769 246 253 770 232 255 771 81 7 772 247 258 773 265 9 774 246 253 775 256 257 776 232 255 777 248 259 778 233 242 779 234 243 780 248 259 781 249 260 782 234 243 783 250 261 784 235 246 785 242 245 786 253 262 787 243 247 788 236 248 789 250 261 790 251 263 791 244 249 792 253 262 793 254 264 794 244 249 795 255 265 796 245 251 797 297 266 798 251 263 799 310 267 800 255 265 801 260 268 802 256 257 803 247 258 804 81 7 805 257 269 806 265 9 807 256 257 808 260 268 809 248 259 810 257 269 811 258 270 812 257 269 813 81 7 814 261 271 815 265 9 816 260 268 817 262 272 818 304 273 819 258 270 820 315 274 821 261 271 822 81 7 823 263 275 824 265 9 825 262 272 826 264 276 827 261 271 828 316 277 829 312 278 830 263 275 831 81 7 832 266 279 833 265 9 834 264 276 835 267 280 836 305 281 837 304 273 838 330 282 839 263 275 840 318 283 841 316 277 842 318 283 843 266 279 844 321 284 845 344 285 846 81 7 847 346 286 848 346 286 849 81 7 850 348 287 851 348 287 852 81 7 853 350 288 854 350 288 855 81 7 856 352 289 857 324 290 858 323 291 859 269 292 860 352 289 861 268 293 862 325 294 863 322 295 864 325 294 865 268 293 866 268 293 867 81 7 868 270 296 869 265 9 870 269 292 871 271 297 872 322 295 873 270 296 874 326 298 875 270 296 876 81 7 877 272 299 878 265 9 879 271 297 880 273 300 881 326 298 882 272 299 883 328 301 884 272 299 885 81 7 886 274 302 887 265 9 888 273 300 889 277 303 890 275 304 891 328 301 892 274 302 893 330 282 894 333 305 895 275 304 896 332 306 897 331 307 898 276 308 899 336 309 900 335 310 901 283 311 902 337 312 903 280 313 904 281 314 905 336 309 906 284 315 907 339 316 908 340 317 909 281 314 910 282 318 911 339 316 912 285 319 913 341 320 914 334 321 915 340 317 916 282 318 917 277 303 918 286 322 919 287 323 920 274 302 921 81 7 922 278 324 923 265 9 924 277 303 925 287 323 926 274 302 927 279 325 928 275 304 929 280 313 930 330 282 931 279 325 932 286 322 933 296 2 934 287 323 935 354 326 936 2 3 937 3 5 938 278 324 939 81 7 940 288 6 941 265 9 942 287 323 943 296 2 944 354 326 945 4 10 946 356 327 947 279 325 948 288 6 949 289 12 950 356 327 951 292 15 952 342 328 953 280 313 954 289 12 955 0 16 956 281 314 957 0 16 958 290 20 959 283 311 960 293 22 961 284 315 962 282 318 963 290 20 964 1 25 965 285 319 966 293 22 967 294 27 968 291 28 969 334 321 970 1 25 971 285 319 972 295 0 973 286 322 974 355 329 975 291 28 976 2 3 977 265 9 978 351 330 979 353 331 980 265 9 981 349 332 982 351 330 983 265 9 984 347 333 985 349 332 986 265 9 987 345 334 988 347 333 989 335 310 990 292 15 991 5 19 992 331 307 993 285 319 994 286 322 995 329 335 996 276 308 997 277 303 998 327 336 999 273 300 1000 271 297 1001 353 331 1002 269 292 1003 265 9 1004 323 291 1005 271 297 1006 269 292 1007 266 279 1008 344 285 1009 321 284 1010 267 280 1011 345 334 1012 265 9 1013 267 280 1014 319 337 1015 320 338 1016 264 276 1017 319 337 1018 267 280 1019 259 339 1020 314 340 1021 313 341 1022 262 272 1023 317 342 1024 264 276 1025 257 269 1026 261 271 1027 312 278 1028 254 264 1029 309 343 1030 311 344 1031 249 260 1032 307 345 1033 250 261 1034 250 261 1035 310 267 1036 251 263 1037 253 262 1038 306 346 1039 309 343 1040 254 264 1041 311 344 1042 305 281 1043 259 339 1044 305 281 1045 314 340 1046 248 259 1047 258 270 1048 304 273 1049 241 244 1050 302 347 1051 303 348 1052 240 256 1053 301 349 1054 302 347 1055 237 250 1056 299 350 1057 238 252 1058 238 252 1059 301 349 1060 239 254 1061 241 244 1062 303 348 1063 298 351 1064 252 352 1065 298 351 1066 306 346 1067 236 248 1068 251 263 1069 297 266 1070 295 0 1071 19 30 1072 20 1 1073 2 3 1074 12 31 1075 13 4 1076 4 10 1077 3 5 1078 13 4 1079 289 12 1080 288 6 1081 6 8 1082 4 10 1083 14 11 1084 15 14 1085 0 16 1086 289 12 1087 7 13 1088 292 15 1089 15 14 1090 16 18 1091 290 20 1092 0 16 1093 8 17 1094 293 22 1095 5 19 1096 16 18 1097 290 20 1098 9 21 1099 10 24 1100 293 22 1101 17 23 1102 18 26 1103 291 28 1104 1 25 1105 10 24 1106 294 27 1107 18 26 1108 19 30 1109 2 3 1110 291 28 1111 11 29 1112 10 24 1113 25 46 1114 26 32 1115 19 30 1116 18 26 1117 33 33 1118 12 31 1119 11 29 1120 26 32 1121 19 30 1122 34 34 1123 35 36 1124 13 4 1125 12 31 1126 27 35 1127 13 4 1128 28 37 1129 29 39 1130 7 13 1131 6 8 1132 21 38 1133 14 11 1134 29 39 1135 30 41 1136 7 13 1137 22 40 1138 23 42 1139 16 18 1140 15 14 1141 30 41 1142 8 17 1143 23 42 1144 24 44 1145 17 23 1146 16 18 1147 31 43 1148 9 21 1149 24 44 1150 25 46 1151 18 26 1152 17 23 1153 32 45 1154 29 39 1155 44 60 1156 45 47 1157 22 40 1158 37 61 1159 38 48 1160 31 43 1161 30 41 1162 45 47 1163 23 42 1164 38 48 1165 39 50 1166 32 45 1167 31 43 1168 46 49 1169 24 44 1170 39 50 1171 40 52 1172 33 33 1173 32 45 1174 47 51 1175 25 46 1176 40 52 1177 41 54 1178 34 34 1179 33 33 1180 48 53 1181 27 35 1182 26 32 1183 41 54 1184 35 36 1185 34 34 1186 49 55 1187 28 37 1188 27 35 1189 42 56 1190 28 37 1191 43 58 1192 44 60 1193 21 38 1194 36 59 1195 37 61 1196 49 55 1197 48 53 1198 63 62 1199 42 56 1200 41 54 1201 56 64 1202 50 57 1203 49 55 1204 64 63 1205 43 58 1206 42 56 1207 57 65 1208 43 58 1209 58 67 1210 59 69 1211 36 59 1212 51 68 1213 52 70 1214 44 60 1215 59 69 1216 60 71 1217 37 61 1218 52 70 1219 53 72 1220 46 49 1221 45 47 1222 60 71 1223 38 48 1224 53 72 1225 54 74 1226 46 49 1227 61 73 1228 62 75 1229 40 52 1230 39 50 1231 54 74 1232 48 53 1233 47 51 1234 62 75 1235 40 52 1236 55 76 1237 56 64 1238 61 73 1239 60 71 1240 75 77 1241 53 72 1242 68 91 1243 69 79 1244 61 73 1245 76 78 1246 77 80 1247 55 76 1248 54 74 1249 69 79 1250 63 62 1251 62 75 1252 77 80 1253 55 76 1254 70 81 1255 71 83 1256 63 62 1257 78 82 1258 79 84 1259 57 65 1260 56 64 1261 71 83 1262 64 63 1263 79 84 1264 80 86 1265 58 67 1266 57 65 1267 72 85 1268 58 67 1269 73 87 1270 74 89 1271 52 70 1272 51 68 1273 66 88 1274 59 69 1275 74 89 1276 75 77 1277 53 72 1278 52 70 1279 67 90 1280 80 86 1281 79 84 1282 95 92 1283 73 87 1284 72 85 1285 88 94 1286 73 87 1287 89 95 1288 90 97 1289 66 88 1290 82 96 1291 83 98 1292 74 89 1293 90 97 1294 91 99 1295 67 90 1296 83 98 1297 84 100 1298 76 78 1299 75 77 1300 91 99 1301 68 91 1302 84 100 1303 85 102 1304 76 78 1305 92 101 1306 93 103 1307 70 81 1308 69 79 1309 85 102 1310 78 82 1311 77 80 1312 93 103 1313 70 81 1314 86 104 1315 87 106 1316 79 84 1317 78 82 1318 94 105 1319 72 85 1320 71 83 1321 87 106 1322 84 100 1323 99 120 1324 100 107 1325 92 101 1326 107 121 1327 108 108 1328 86 104 1329 85 102 1330 100 107 1331 94 105 1332 93 103 1333 108 108 1334 86 104 1335 101 109 1336 102 111 1337 94 105 1338 109 110 1339 110 112 1340 88 94 1341 87 106 1342 102 111 1343 96 93 1344 95 92 1345 110 112 1346 89 95 1347 88 94 1348 103 113 1349 89 95 1350 104 115 1351 105 117 1352 82 96 1353 97 116 1354 98 118 1355 90 97 1356 105 117 1357 106 119 1358 83 98 1359 98 118 1360 99 120 1361 92 101 1362 91 99 1363 106 119 1364 104 115 1365 103 113 1366 118 122 1367 104 115 1368 119 123 1369 120 126 1370 98 118 1371 97 116 1372 112 124 1373 105 117 1374 120 126 1375 121 128 1376 98 118 1377 113 127 1378 114 129 1379 107 121 1380 106 119 1381 121 128 1382 99 120 1383 114 129 1384 115 131 1385 107 121 1386 122 130 1387 123 132 1388 101 109 1389 100 107 1390 115 131 1391 109 110 1392 108 108 1393 123 132 1394 101 109 1395 116 133 1396 117 135 1397 109 110 1398 124 134 1399 125 136 1400 103 113 1401 102 111 1402 117 135 1403 110 112 1404 125 136 1405 126 125 1406 122 130 1407 137 151 1408 138 137 1409 116 133 1410 115 131 1411 130 138 1412 124 134 1413 123 132 1414 138 137 1415 116 133 1416 131 139 1417 132 141 1418 124 134 1419 139 140 1420 140 142 1421 118 122 1422 117 135 1423 132 141 1424 126 125 1425 125 136 1426 140 142 1427 119 123 1428 118 122 1429 133 143 1430 119 123 1431 134 145 1432 135 147 1433 112 124 1434 127 146 1435 128 148 1436 120 126 1437 135 147 1438 136 149 1439 113 127 1440 128 148 1441 129 150 1442 122 130 1443 121 128 1444 136 149 1445 114 129 1446 129 150 1447 130 138 1448 134 145 1449 149 166 1450 150 154 1451 128 148 1452 127 146 1453 142 152 1454 135 147 1455 150 154 1456 151 156 1457 129 150 1458 128 148 1459 143 155 1460 137 151 1461 136 149 1462 151 156 1463 129 150 1464 144 157 1465 145 159 1466 137 151 1467 152 158 1468 153 160 1469 131 139 1470 130 138 1471 145 159 1472 139 140 1473 138 137 1474 153 160 1475 131 139 1476 146 161 1477 147 163 1478 139 140 1479 154 162 1480 155 164 1481 133 143 1482 132 141 1483 147 163 1484 140 142 1485 155 164 1486 156 153 1487 134 145 1488 133 143 1489 148 165 1490 146 161 1491 145 159 1492 160 167 1493 154 162 1494 153 160 1495 168 169 1496 146 161 1497 161 168 1498 162 171 1499 155 164 1500 154 162 1501 169 170 1502 148 165 1503 147 163 1504 162 171 1505 156 153 1506 155 164 1507 170 172 1508 149 166 1509 148 165 1510 163 173 1511 149 166 1512 164 175 1513 165 177 1514 142 152 1515 157 176 1516 158 178 1517 150 154 1518 165 177 1519 166 179 1520 143 155 1521 158 178 1522 159 180 1523 152 158 1524 151 156 1525 166 179 1526 144 157 1527 159 180 1528 160 167 1529 152 158 1530 167 181 1531 168 169 1532 164 175 1533 179 195 1534 180 182 1535 157 176 1536 172 196 1537 173 183 1538 165 177 1539 180 182 1540 181 184 1541 159 180 1542 158 178 1543 173 183 1544 167 181 1545 166 179 1546 181 184 1547 159 180 1548 174 185 1549 175 187 1550 167 181 1551 182 186 1552 183 188 1553 161 168 1554 160 167 1555 175 187 1556 169 170 1557 168 169 1558 183 188 1559 161 168 1560 176 189 1561 177 191 1562 169 170 1563 184 190 1564 185 192 1565 163 173 1566 162 171 1567 177 191 1568 171 174 1569 170 172 1570 185 192 1571 164 175 1572 163 173 1573 178 193 1574 184 190 1575 183 188 1576 198 197 1577 176 189 1578 191 211 1579 192 199 1580 184 190 1581 199 198 1582 200 200 1583 178 193 1584 177 191 1585 192 199 1586 185 192 1587 200 200 1588 201 202 1589 179 195 1590 178 193 1591 193 201 1592 179 195 1593 194 203 1594 195 205 1595 173 183 1596 172 196 1597 187 204 1598 180 182 1599 195 205 1600 196 207 1601 174 185 1602 173 183 1603 188 206 1604 182 186 1605 181 184 1606 196 207 1607 174 185 1608 189 208 1609 190 210 1610 182 186 1611 197 209 1612 198 197 1613 176 189 1614 175 187 1615 190 210 1616 195 205 1617 210 225 1618 211 212 1619 188 206 1620 203 226 1621 204 213 1622 197 209 1623 196 207 1624 211 212 1625 189 208 1626 204 213 1627 205 215 1628 197 209 1629 212 214 1630 213 216 1631 191 211 1632 190 210 1633 205 215 1634 199 198 1635 198 197 1636 213 216 1637 191 211 1638 206 217 1639 207 219 1640 200 200 1641 199 198 1642 214 218 1643 193 201 1644 192 199 1645 207 219 1646 201 202 1647 200 200 1648 215 220 1649 194 203 1650 193 201 1651 208 221 1652 194 203 1653 209 223 1654 210 225 1655 187 204 1656 202 224 1657 203 226 1658 215 220 1659 214 218 1660 229 227 1661 208 221 1662 207 219 1663 222 229 1664 216 222 1665 215 220 1666 230 228 1667 209 223 1668 208 221 1669 223 230 1670 209 223 1671 224 232 1672 225 234 1673 202 224 1674 217 233 1675 218 235 1676 210 225 1677 225 234 1678 226 236 1679 203 226 1680 218 235 1681 219 237 1682 212 214 1683 211 212 1684 226 236 1685 204 213 1686 219 237 1687 220 239 1688 212 214 1689 227 238 1690 228 240 1691 206 217 1692 205 215 1693 220 239 1694 214 218 1695 213 216 1696 228 240 1697 206 217 1698 221 241 1699 222 229 1700 219 237 1701 218 235 1702 233 242 1703 227 238 1704 226 236 1705 241 244 1706 219 237 1707 234 243 1708 235 246 1709 227 238 1710 242 245 1711 243 247 1712 221 241 1713 220 239 1714 235 246 1715 229 227 1716 228 240 1717 243 247 1718 221 241 1719 236 248 1720 237 250 1721 229 227 1722 244 249 1723 245 251 1724 223 230 1725 222 229 1726 237 250 1727 230 228 1728 245 251 1729 246 253 1730 224 232 1731 223 230 1732 238 252 1733 224 232 1734 239 254 1735 240 256 1736 218 235 1737 217 233 1738 232 255 1739 225 234 1740 240 256 1741 241 244 1742 245 251 1743 255 265 1744 256 257 1745 232 255 1746 247 258 1747 248 259 1748 234 243 1749 233 242 1750 248 259 1751 234 243 1752 249 260 1753 250 261 1754 242 245 1755 252 352 1756 253 262 1757 236 248 1758 235 246 1759 250 261 1760 244 249 1761 243 247 1762 253 262 1763 244 249 1764 254 264 1765 255 265 1766 255 265 1767 259 339 1768 260 268 1769 248 259 1770 247 258 1771 257 269 1772 261 271 1773 263 275 1774 316 277 1775 309 343 1776 306 346 1777 298 351 1778 298 351 1779 303 348 1780 302 347 1781 302 347 1782 301 349 1783 298 351 1784 301 349 1785 299 350 1786 297 266 1787 299 350 1788 300 353 1789 297 266 1790 297 266 1791 310 267 1792 307 345 1793 307 345 1794 308 354 1795 304 273 1796 304 273 1797 315 274 1798 312 278 1799 312 278 1800 316 277 1801 326 298 1802 316 277 1803 318 283 1804 346 286 1805 326 298 1806 348 287 1807 350 288 1808 318 283 1809 321 284 1810 344 285 1811 344 285 1812 346 286 1813 318 283 1814 346 286 1815 348 287 1816 316 277 1817 350 288 1818 352 289 1819 322 295 1820 352 289 1821 325 294 1822 322 295 1823 322 295 1824 326 298 1825 350 288 1826 326 298 1827 328 301 1828 312 278 1829 312 278 1830 328 301 1831 304 273 1832 328 301 1833 333 305 1834 330 282 1835 330 282 1836 338 355 1837 337 312 1838 337 312 1839 340 317 1840 334 321 1841 334 321 1842 343 356 1843 355 329 1844 355 329 1845 354 326 1846 334 321 1847 354 326 1848 356 327 1849 335 310 1850 334 321 1851 354 326 1852 335 310 1853 356 327 1854 342 328 1855 335 310 1856 335 310 1857 336 309 1858 339 316 1859 339 316 1860 341 320 1861 331 307 1862 331 307 1863 332 306 1864 329 335 1865 329 335 1866 327 336 1867 313 341 1868 327 336 1869 323 291 1870 351 330 1871 349 332 1872 327 336 1873 351 330 1874 323 291 1875 324 290 1876 353 331 1877 353 331 1878 351 330 1879 323 291 1880 349 332 1881 347 333 1882 317 342 1883 347 333 1884 345 334 1885 319 337 1886 345 334 1887 320 338 1888 319 337 1889 319 337 1890 317 342 1891 347 333 1892 317 342 1893 313 341 1894 327 336 1895 349 332 1896 317 342 1897 327 336 1898 313 341 1899 314 340 1900 305 281 1901 305 281 1902 311 344 1903 309 343 1904 309 343 1905 298 351 1906 305 281 1907 297 266 1908 298 351 1909 301 349 1910 297 266 1911 307 345 1912 304 273 1913 348 287 1914 326 298 1915 316 277 1916 328 301 1917 330 282 1918 304 273 1919 330 282 1920 337 312 1921 334 321 1922 335 310 1923 339 316 1924 331 307 1925 334 321 1926 335 310 1927 331 307 1928 331 307 1929 329 335 1930 313 341 1931 330 282 1932 331 307 1933 305 281 1934 313 341 1935 305 281 1936 331 307 1937 297 266 1938 305 281 1939 298 351 1940 297 266 1941 304 273 1942 305 281 1943 330 282 1944 334 321 1945 331 307 1946 263 275 1947 266 279 1948 318 283 1949 352 289 1950 81 7 1951 268 293 1952 322 295 1953 268 293 1954 270 296 1955 326 298 1956 270 296 1957 272 299 1958 333 305 1959 328 301 1960 275 304 1961 328 301 1962 272 299 1963 274 302 1964 337 312 1965 338 355 1966 280 313 1967 336 309 1968 283 311 1969 284 315 1970 340 317 1971 337 312 1972 281 314 1973 339 316 1974 284 315 1975 285 319 1976 277 303 1977 276 308 1978 286 322 1979 274 302 1980 278 324 1981 279 325 1982 338 355 1983 330 282 1984 280 313 1985 330 282 1986 275 304 1987 279 325 1988 286 322 1989 295 0 1990 296 2 1991 354 326 1992 355 329 1993 2 3 1994 354 326 1995 3 5 1996 4 10 1997 279 325 1998 278 324 1999 288 6 2000 356 327 2001 4 10 2002 292 15 2003 280 313 2004 279 325 2005 289 12 2006 281 314 2007 280 313 2008 0 16 2009 283 311 2010 5 19 2011 293 22 2012 282 318 2013 281 314 2014 290 20 2015 285 319 2016 284 315 2017 293 22 2018 343 356 2019 334 321 2020 291 28 2021 334 321 2022 282 318 2023 1 25 2024 285 319 2025 294 27 2026 295 0 2027 355 329 2028 343 356 2029 291 28 2030 5 19 2031 283 311 2032 335 310 2033 335 310 2034 342 328 2035 292 15 2036 286 322 2037 276 308 2038 331 307 2039 331 307 2040 341 320 2041 285 319 2042 277 303 2043 273 300 2044 329 335 2045 329 335 2046 332 306 2047 276 308 2048 327 336 2049 329 335 2050 273 300 2051 353 331 2052 324 290 2053 269 292 2054 323 291 2055 327 336 2056 271 297 2057 266 279 2058 81 7 2059 344 285 2060 267 280 2061 320 338 2062 345 334 2063 264 276 2064 317 342 2065 319 337 2066 262 272 2067 260 268 2068 313 341 2069 260 268 2070 259 339 2071 313 341 2072 262 272 2073 313 341 2074 317 342 2075 315 274 2076 258 270 2077 312 278 2078 258 270 2079 257 269 2080 312 278 2081 254 264 2082 253 262 2083 309 343 2084 249 260 2085 308 354 2086 307 345 2087 250 261 2088 307 345 2089 310 267 2090 253 262 2091 252 352 2092 306 346 2093 259 339 2094 255 265 2095 305 281 2096 255 265 2097 254 264 2098 305 281 2099 308 354 2100 249 260 2101 304 273 2102 249 260 2103 248 259 2104 304 273 2105 241 244 2106 240 256 2107 302 347 2108 240 256 2109 239 254 2110 301 349 2111 237 250 2112 300 353 2113 299 350 2114 238 252 2115 299 350 2116 301 349 2117 252 352 2118 242 245 2119 298 351 2120 242 245 2121 241 244 2122 298 351 2123 300 353 2124 237 250 2125 297 266 2126 237 250 2127 236 248 2128 297 266 2129</p>
        </triangles>
      </mesh>
    </geometry>
    <geometry id="Sfera-mesh" name="Sfera">
      <mesh>
        <source id="Sfera-mesh-positions">
          <float_array id="Sfera-mesh-positions-array" count="1071">0 0.1406281 0.2104649 0 0.2104649 0.1406281 0 0.2482603 0.04938203 0 0.253124 0 0 0.2482603 -0.04938203 0 0.2104649 -0.1406281 0.009633958 0.04843318 0.2482603 0.01889765 0.09500509 0.233856 0.02743518 0.137926 0.2104649 0.03491836 0.1755465 0.1789857 0.04105961 0.2064208 0.1406281 0.045623 0.2293626 0.09686636 0.04843318 0.24349 0.04938203 0.04938203 0.2482603 0 0.04843318 0.24349 -0.04938203 0.045623 0.2293626 -0.09686636 0.04105961 0.2064208 -0.1406281 0.03491836 0.1755465 -0.1789857 0.02743518 0.137926 -0.2104649 0.01889765 0.09500509 -0.233856 0.009633958 0.04843318 -0.2482603 0.01889765 0.045623 0.2482603 0.03706914 0.08949285 0.233856 0.05381602 0.1299234 0.2104649 0.06849485 0.1653612 0.1789857 0.08054143 0.1944442 0.1406281 0.08949279 0.2160548 0.09686636 0.09500509 0.2293626 0.04938203 0.09686636 0.233856 0 0.09500509 0.2293626 -0.04938203 0.08949279 0.2160548 -0.09686636 0.08054143 0.1944442 -0.1406281 0.06849485 0.1653612 -0.1789857 0.05381602 0.1299234 -0.2104649 0.03706914 0.08949285 -0.233856 0.01889765 0.045623 -0.2482603 0.02743518 0.04105961 0.2482603 0.05381602 0.08054143 0.233856 0.07812881 0.116928 0.2104649 0.09943908 0.1488211 0.1789857 0.116928 0.1749951 0.1406281 0.1299234 0.1944442 0.09686636 0.137926 0.2064208 0.04938203 0.1406281 0.2104648 0 0.137926 0.2064208 -0.04938203 0.1299234 0.1944442 -0.09686636 0.116928 0.1749951 -0.1406281 0.09943908 0.1488211 -0.1789857 0.07812881 0.116928 -0.2104649 0.05381602 0.08054143 -0.233856 0.02743518 0.04105961 -0.2482603 0.03491836 0.03491836 0.2482603 0.06849485 0.06849485 0.233856 0.09943908 0.09943908 0.2104649 0.1265619 0.1265619 0.1789857 0.1488211 0.1488211 0.1406281 0.1653612 0.1653612 0.09686636 0.1755465 0.1755465 0.04938203 0.1789857 0.1789856 0 0.1755465 0.1755465 -0.04938203 0.1653612 0.1653612 -0.09686636 0.1488211 0.1488211 -0.1406281 0.1265619 0.1265619 -0.1789857 0.09943908 0.09943908 -0.2104649 0.06849485 0.06849485 -0.233856 0.03491836 0.03491836 -0.2482603 0.04105961 0.02743518 0.2482603 0.08054143 0.05381602 0.233856 0.116928 0.07812875 0.2104649 0.1488211 0.09943908 0.1789857 0.1749951 0.116928 0.1406281 0.1944442 0.1299235 0.09686636 0.2064208 0.137926 0.04938203 0.2104648 0.140628 0 0.2064208 0.137926 -0.04938203 0.1944442 0.1299235 -0.09686636 0.1749951 0.116928 -0.1406281 0.1488211 0.09943908 -0.1789857 0.116928 0.07812875 -0.2104649 0.08054143 0.05381602 -0.233856 0.04105961 0.02743518 -0.2482603 0 0 0.253124 0.045623 0.01889765 0.2482603 0.08949279 0.03706914 0.233856 0.1299234 0.05381602 0.2104649 0.1653612 0.06849485 0.1789857 0.1944442 0.08054137 0.1406281 0.2160548 0.08949285 0.09686636 0.2293626 0.09500503 0.04938203 0.233856 0.0968663 0 0.2293626 0.09500503 -0.04938203 0.2160548 0.08949285 -0.09686636 0.1944442 0.08054137 -0.1406281 0.1653612 0.06849485 -0.1789857 0.1299234 0.05381602 -0.2104649 0.08949279 0.03706914 -0.233856 0.045623 0.01889765 -0.2482603 0.04843312 0.009633898 0.2482603 0.09500509 0.01889765 0.233856 0.137926 0.02743518 0.2104649 0.1755465 0.03491836 0.1789857 0.2064208 0.04105961 0.1406281 0.2293626 0.04562306 0.09686636 0.24349 0.04843312 0.04938203 0.2482602 0.04938197 0 0.24349 0.04843312 -0.04938203 0.2293626 0.04562306 -0.09686636 0.2064208 0.04105961 -0.1406281 0.1755465 0.03491836 -0.1789857 0.137926 0.02743518 -0.2104649 0.09500509 0.01889765 -0.233856 0.04843312 0.009633898 -0.2482603 0.04938203 0 0.2482603 0.0968663 0 0.233856 0.1406281 0 0.2104649 0.1789857 0 0.1789857 0.2104648 0 0.1406281 0.233856 0 0.09686636 0.2482602 0 0.04938203 0.2531239 0 0 0.2482602 0 -0.04938203 0.233856 0 -0.09686636 0.2104648 0 -0.1406281 0.1789857 0 -0.1789857 0.1406281 0 -0.2104649 0.0968663 0 -0.233856 0.04938203 0 -0.2482603 0.04843312 -0.009633958 0.2482603 0.09500509 -0.01889765 0.233856 0.137926 -0.02743518 0.2104649 0.1755465 -0.03491836 0.1789857 0.2064208 -0.04105967 0.1406281 0.2293626 -0.045623 0.09686636 0.24349 -0.04843318 0.04938203 0.2482602 -0.04938203 0 0.24349 -0.04843318 -0.04938203 0.2293626 -0.045623 -0.09686636 0.2064208 -0.04105967 -0.1406281 0.1755465 -0.03491836 -0.1789857 0.137926 -0.02743518 -0.2104649 0.09500509 -0.01889765 -0.233856 0.04843312 -0.009633958 -0.2482603 0.045623 -0.01889765 0.2482603 0.08949279 -0.03706914 0.233856 0.1299234 -0.05381602 0.2104649 0.1653612 -0.06849485 0.1789857 0.1944441 -0.08054143 0.1406281 0.2160548 -0.08949279 0.09686636 0.2293625 -0.09500509 0.04938203 0.2338559 -0.09686636 0 0.2293625 -0.09500509 -0.04938203 0.2160548 -0.08949279 -0.09686636 0.1944441 -0.08054143 -0.1406281 0.1653612 -0.06849485 -0.1789857 0.1299234 -0.05381602 -0.2104649 0.08949279 -0.03706914 -0.233856 0.045623 -0.01889765 -0.2482603 0.04105961 -0.02743518 0.2482603 0.08054143 -0.05381602 0.233856 0.116928 -0.07812881 0.2104649 0.1488211 -0.09943908 0.1789857 0.1749951 -0.116928 0.1406281 0.1944442 -0.1299234 0.09686636 0.2064208 -0.137926 0.04938203 0.2104648 -0.1406281 0 0.2064208 -0.137926 -0.04938203 0.1944442 -0.1299234 -0.09686636 0.1749951 -0.116928 -0.1406281 0.1488211 -0.09943908 -0.1789857 0.116928 -0.07812881 -0.2104649 0.08054143 -0.05381602 -0.233856 0.04105961 -0.02743518 -0.2482603 0.0349183 -0.0349183 0.2482603 0.06849479 -0.06849485 0.233856 0.09943902 -0.09943908 0.2104649 0.1265619 -0.1265619 0.1789857 0.1488211 -0.1488211 0.1406281 0.1653612 -0.1653612 0.09686636 0.1755465 -0.1755465 0.04938203 0.1789855 -0.1789856 0 0.1755465 -0.1755465 -0.04938203 0.1653612 -0.1653612 -0.09686636 0.1488211 -0.1488211 -0.1406281 0.1265619 -0.1265619 -0.1789857 0.09943902 -0.09943908 -0.2104649 0.06849479 -0.06849485 -0.233856 0.0349183 -0.0349183 -0.2482603 0.02743518 -0.04105961 0.2482603 0.05381602 -0.08054143 0.233856 0.07812875 -0.116928 0.2104649 0.09943908 -0.1488211 0.1789857 0.1169279 -0.1749951 0.1406281 0.1299234 -0.1944441 0.09686636 0.1379259 -0.2064208 0.04938203 0.140628 -0.2104648 0 0.1379259 -0.2064208 -0.04938203 0.1299234 -0.1944441 -0.09686636 0.1169279 -0.1749951 -0.1406281 0.09943908 -0.1488211 -0.1789857 0.07812875 -0.116928 -0.2104649 0.05381602 -0.08054143 -0.233856 0.02743518 -0.04105961 -0.2482603 0.01889765 -0.045623 0.2482603 0.03706908 -0.08949279 0.233856 0.05381602 -0.1299234 0.2104649 0.06849485 -0.1653612 0.1789857 0.08054137 -0.1944441 0.1406281 0.08949279 -0.2160547 0.09686636 0.09500503 -0.2293625 0.04938203 0.09686619 -0.233856 0 0.09500503 -0.2293625 -0.04938203 0.08949279 -0.2160547 -0.09686636 0.08054137 -0.1944441 -0.1406281 0.06849485 -0.1653612 -0.1789857 0.05381602 -0.1299234 -0.2104649 0.03706908 -0.08949279 -0.233856 0.01889765 -0.045623 -0.2482603 0.009633898 -0.04843312 0.2482603 0.01889765 -0.09500503 0.233856 0.02743512 -0.1379259 0.2104649 0.03491836 -0.1755465 0.1789857 0.04105961 -0.2064208 0.1406281 0.045623 -0.2293625 0.09686636 0.04843312 -0.2434899 0.04938203 0.04938191 -0.2482602 0 0.04843312 -0.2434899 -0.04938203 0.045623 -0.2293625 -0.09686636 0.04105961 -0.2064208 -0.1406281 0.03491836 -0.1755465 -0.1789857 0.02743512 -0.1379259 -0.2104649 0.01889765 -0.09500503 -0.233856 0.009633898 -0.04843312 -0.2482603 0 -0.04938197 0.2482603 0 -0.0968663 0.233856 0 -0.140628 0.2104649 0 -0.1789856 0.1789857 0 -0.2104648 0.1406281 0 -0.233856 0.09686636 0 -0.2482602 0.04938203 0 -0.2531238 0 0 -0.2482602 -0.04938203 0 -0.233856 -0.09686636 0 -0.2104648 -0.1406281 0 -0.1789856 -0.1789857 0 -0.140628 -0.2104649 0 -0.0968663 -0.233856 0 -0.04938197 -0.2482603 -0.009633898 -0.04843312 0.2482603 -0.01889765 -0.09500503 0.233856 -0.02743518 -0.1379259 0.2104649 -0.03491836 -0.1755465 0.1789857 -0.04105967 -0.2064208 0.1406281 -0.04105967 -0.2064208 -0.1406281 -0.03491836 -0.1755465 -0.1789857 -0.02743518 -0.1379259 -0.2104649 -0.01889765 -0.09500503 -0.233856 -0.009633898 -0.04843312 -0.2482603 -0.01889765 -0.045623 0.2482603 -0.03706914 -0.08949279 0.233856 -0.03706914 -0.08949279 -0.233856 -0.01889765 -0.045623 -0.2482603 -0.02743512 -0.04105961 0.2482603 -0.02743512 -0.04105961 -0.2482603 -0.0349183 -0.0349183 0.2482603 -0.0349183 -0.0349183 -0.2482603 0 0 -0.253124 -0.04105961 -0.02743512 0.2482603 -0.04105961 -0.02743512 -0.2482603 -0.04105961 0.02743512 0.2482603 -0.04105961 0.02743512 -0.2482603 -0.0349183 0.0349183 0.2482603 -0.0349183 0.0349183 -0.2482603 -0.02743512 0.04105961 0.2482603 -0.02743512 0.04105961 -0.2482603 -0.01889765 0.045623 0.2482603 -0.03706908 0.08949279 0.233856 -0.03706908 0.08949279 -0.233856 -0.01889765 0.045623 -0.2482603 -0.009633898 0.04843312 0.2482603 -0.01889765 0.09500503 0.233856 -0.02743506 0.1379259 0.2104649 -0.0349183 0.1755465 0.1789857 -0.04105955 0.2064207 0.1406281 -0.04105955 0.2064207 -0.1406281 -0.0349183 0.1755465 -0.1789857 -0.02743506 0.1379259 -0.2104649 -0.01889765 0.09500503 -0.233856 -0.009633898 0.04843312 -0.2482603 0 0.04938197 0.2482603 0 0.0968663 0.233856 0 0.1789856 0.1789857 0 0.2338559 0.09686636 0 0.2338559 -0.09686636 0 0.1789856 -0.1789857 0 0.1406279 -0.2104649 0 0.0968663 -0.233856 0 0.04938197 -0.2482603 -0.04491376 -0.2257968 0.1036681 -0.04491376 -0.2257968 -0.1036681 -0.04491376 -0.2438365 0.04938203 -0.04491376 -0.2294324 0.09686636 -0.04491376 -0.2487002 0 -0.04491376 -0.2438365 -0.04938203 -0.04491376 -0.2294324 -0.09686636 -0.04491376 -0.1084313 0.2228991 -0.04491376 -0.1084313 -0.2228991 -0.04491376 -0.2052516 -0.1406281 -0.04491376 -0.1725144 0.1789857 -0.04491376 -0.1326239 0.2104649 -0.04491376 -0.1725144 -0.1789857 -0.04491376 -0.2052516 0.1406281 -0.04491376 -0.1326239 -0.2104649 -0.04491376 -0.06721818 0.2387168 -0.04491376 -0.06721818 -0.2387168 -0.04491376 -0.08529978 -0.233856 -0.04491376 -0.08529978 0.233856 -0.04491376 -0.0449137 0.2439723 -0.04491376 -0.0449137 -0.2439723 -0.04491376 -0.0300104 0.2468541 -0.04491376 -0.0300104 -0.2468541 -0.04491376 -0.02022457 -0.2482603 -0.04491376 -0.02022457 0.2482603 -0.04491376 0.0300104 0.2468541 -0.04491376 0.0300104 -0.2468541 -0.04491376 0.02022457 -0.2482603 -0.04491376 0.02022457 0.2482603 -0.04491376 0.04491376 0.2439723 -0.04491376 0.04491376 -0.2439723 -0.04491376 0.06721818 0.2387168 -0.04491376 0.06721818 -0.2387168 -0.04491376 0.1084315 0.222899 -0.04491376 0.1084315 -0.222899 -0.04491376 0.08529973 -0.233856 -0.04491376 0.08529973 0.233856 -0.04491376 0.2257968 0.1036678 -0.04491376 0.2257968 -0.1036678 -0.04491376 0.2052515 -0.1406281 -0.04491376 0.1725144 0.1789857 -0.04491376 0.1326238 0.2104649 -0.04491376 0.1725144 -0.1789857 -0.04491376 0.2052515 0.1406281 -0.04491376 0.1326238 -0.2104649 -0.04491376 0.2294323 -0.09686636 -0.04491376 0.2294323 0.09686636 -0.04491376 -0.01860386 0.2483358 -0.04491376 -0.01860386 -0.2483358 -0.04491376 -0.008933842 0.2486137 -0.04491376 -0.008933842 -0.2486137 -0.04491376 0 0.2487003 -0.04491376 0 -0.2487003 -0.04491376 0.008933901 0.2486137 -0.04491376 0.008933901 -0.2486137 -0.04491376 0.01860386 0.2483358 -0.04491376 0.01860386 -0.2483358 -0.04491376 0.2487001 0 -0.04491376 0.2438365 0.04938203 -0.04491376 0.2438365 -0.04938203</float_array>
          <technique_common>
            <accessor source="#Sfera-mesh-positions-array" count="357" stride="3">
              <param name="X" type="float"/>
              <param name="Y" type="float"/>
              <param name="Z" type="float"/>
            </accessor>
          </technique_common>
        </source>
        <source id="Sfera-mesh-normals">
          <float_array id="Sfera-mesh-normals-array" count="1071">-9.75924e-7 0.3878868 -0.9217071 0.03920626 0.1971046 -0.9795983 0 0.2009658 -0.9795984 -1.08017e-6 0.9810155 0.1939296 0.1950905 0.9807853 0 -3.05006e-6 1 0 0 0.2009658 0.9795984 0 0 1 0.03920561 0.1971046 0.9795982 0 0 -1 -1.07896e-6 0.9810155 -0.1939296 0.1913874 0.9621649 -0.193932 -1.74925e-6 0.3878862 0.9217073 0.07567185 0.3804334 0.9217073 0.1804101 0.9069967 -0.3805379 -1.27751e-6 0.9247658 -0.380537 -2.63437e-6 0.5597752 0.8286446 0.1092066 0.5490185 0.8286452 0.1625764 0.8173279 -0.5527604 -2.70722e-6 0.8333395 -0.5527616 -9.76477e-7 0.7101427 0.7040578 0.1385424 0.6964954 0.7040598 -7.52158e-7 0.7101429 -0.7040576 0.1385424 0.6964954 -0.7040598 0.1625764 0.8173279 0.5527604 -2.72885e-6 0.8333395 0.5527616 0.109205 0.5490186 -0.8286454 -2.27516e-6 0.5597739 -0.8286454 -1.3103e-6 0.9247658 0.380537 0.1804101 0.9069967 0.3805381 0.07567185 0.3804337 -0.9217071 0.1913874 0.9621649 0.193932 0.3538904 0.8543726 0.380538 0.214218 0.5171641 -0.8286446 0.148437 0.3583587 -0.921708 0.3754178 0.9063401 0.1939305 0.07690691 0.1856681 -0.9795982 0.382686 0.9238786 0 0.07690626 0.1856681 0.9795983 0.3754178 0.9063401 -0.1939305 0.148437 0.3583588 0.9217079 0.3538904 0.8543726 -0.380538 0.214218 0.5171641 0.8286446 0.318907 0.7699044 -0.5527617 0.2717611 0.6560845 0.704059 0.2717611 0.6560845 -0.704059 0.318907 0.7699044 0.5527617 0.5137703 0.7689154 -0.3805384 0.3109959 0.4654349 0.8286446 0.46298 0.6928952 -0.552762 0.3945332 0.5904598 0.7040603 0.3945332 0.5904598 -0.7040603 0.46298 0.6928952 0.552762 0.3109959 0.4654349 -0.8286446 0.5137703 0.7689154 0.3805384 0.2154985 0.3225153 -0.9217073 0.5450225 0.8156847 0.1939306 0.1116513 0.1670971 -0.9795982 0.5555722 0.8314683 0 0.1116511 0.1670971 0.9795982 0.5450225 0.8156846 -0.1939306 0.2154985 0.3225153 0.9217073 0.3958226 0.3958215 -0.8286434 0.2742777 0.2742781 -0.9217067 0.6539061 0.6539094 0.3805384 0.6936823 0.6936829 0.1939305 0.1421046 0.1421045 -0.9795982 0.7071088 0.7071048 0 0.1421046 0.1421045 0.9795982 0.6936823 0.6936829 -0.1939305 0.2742777 0.2742781 0.9217067 0.6539061 0.6539094 -0.3805383 0.3958225 0.3958215 0.8286435 0.5892611 0.5892587 -0.5527619 0.5021452 0.5021463 0.7040592 0.5021452 0.5021464 -0.7040592 0.5892611 0.5892586 0.5527619 0.768913 0.5137739 -0.3805383 0.6928973 0.4629771 -0.5527619 0.5904605 0.3945341 0.7040591 0.5904605 0.394534 -0.7040591 0.6928973 0.4629771 0.5527619 0.465435 0.310993 -0.8286457 0.768913 0.5137739 0.3805383 0.3225139 0.2154971 -0.9217081 0.8156841 0.5450234 0.1939303 0.1670969 0.1116506 -0.9795984 0.8314712 0.5555679 0 0.1670968 0.1116506 0.9795983 0.8156843 0.5450233 -0.1939304 0.322514 0.2154971 0.9217081 0.465435 0.310993 0.8286457 0.3583602 0.148437 -0.9217075 0.1856682 0.07690644 -0.9795984 0.9063397 0.375419 0.1939302 0.9238806 0.382681 0 0.1856682 0.07690644 0.9795984 0.9063397 0.375419 -0.1939302 0.3583604 0.1484369 0.9217073 0.8543709 0.3538944 -0.3805382 0.5171653 0.214215 0.8286448 0.7699057 0.3189036 -0.5527619 0.6560849 0.2717601 0.7040591 0.6560849 0.2717601 -0.7040591 0.7699057 0.3189036 0.5527619 0.5171666 0.2142165 -0.8286435 0.8543709 0.3538944 0.3805382 0.6964963 0.1385424 0.704059 0.6964963 0.1385424 -0.7040589 0.8173274 0.1625745 0.5527619 0.5490192 0.1092067 -0.8286446 0.9069957 0.1804147 0.3805382 0.3804348 0.07567322 -0.9217066 0.9621652 0.1913874 0.1939303 0.1971045 0.03920638 -0.9795982 0.980786 0.1950872 0 0.1971045 0.03920644 0.9795982 0.9621652 0.1913874 -0.1939303 0.3804349 0.07567304 0.9217065 0.9069957 0.1804147 -0.3805382 0.5490195 0.1092049 0.8286447 0.8173274 0.1625746 -0.5527619 0.9810155 7.46616e-7 0.1939301 1 -3.35835e-6 0 0.2009661 0 0.9795982 0.2009661 0 -0.9795983 0.9810155 7.43004e-7 -0.1939301 0.3878844 0 0.9217081 0.9247652 2.28848e-6 -0.3805383 0.5597751 -1.8249e-6 0.8286446 0.8333393 -1.70027e-6 -0.5527619 0.7101414 3.70684e-7 0.7040591 0.7101414 3.69484e-7 -0.7040591 0.8333393 -1.70148e-6 0.5527619 0.559775 0 -0.8286447 0.9247652 2.28848e-6 0.3805383 0.3878843 0 -0.9217081 0.6964964 -0.1385412 -0.7040591 0.6964964 -0.1385412 0.7040591 0.8173264 -0.1625784 0.5527619 0.5490193 -0.1092066 -0.8286445 0.9069965 -0.1804106 0.3805383 0.3804348 -0.0756731 -0.9217066 0.9621655 -0.1913861 0.19393 0.197105 -0.03920644 -0.9795982 0.9807848 -0.1950932 0 0.197105 -0.03920644 0.9795982 0.9621655 -0.1913861 -0.19393 0.3804346 -0.07567316 0.9217066 0.9069965 -0.1804106 -0.3805383 0.5490208 -0.1092078 0.8286435 0.8173264 -0.1625784 -0.552762 0.1856679 -0.07690632 0.9795984 0.1856679 -0.07690632 -0.9795984 0.9063403 -0.3754178 -0.1939299 0.3583586 -0.1484371 0.921708 0.8543725 -0.3538904 -0.3805382 0.5171626 -0.2142171 0.8286459 0.7699045 -0.3189067 -0.552762 0.6560854 -0.2717587 0.7040591 0.6560854 -0.2717587 -0.7040591 0.7699044 -0.3189067 0.5527619 0.5171626 -0.2142171 -0.8286459 0.8543725 -0.3538904 0.3805382 0.3583586 -0.1484371 -0.921708 0.9063403 -0.3754179 0.1939299 0.9238785 -0.382686 0 0.5904616 -0.3945327 0.704059 0.6928952 -0.46298 0.552762 0.5904616 -0.3945327 -0.704059 0.4654369 -0.3109961 -0.8286435 0.7689154 -0.5137704 0.3805382 0.322515 -0.2154985 -0.9217073 0.815685 -0.5450224 0.1939299 0.167097 -0.1116507 -0.9795982 0.831468 -0.5555727 0 0.1670973 -0.1116507 0.9795982 0.8156849 -0.5450224 -0.1939299 0.322515 -0.2154986 0.9217073 0.7689155 -0.5137703 -0.3805382 0.4654369 -0.3109961 0.8286435 0.6928952 -0.46298 -0.552762 0.693683 -0.6936824 -0.1939298 0.2742783 -0.2742782 0.9217066 0.6539093 -0.6539061 -0.3805383 0.3958207 -0.3958209 0.8286446 0.5892586 -0.5892611 -0.552762 0.5021463 -0.5021453 0.7040592 0.5021463 -0.5021452 -0.7040593 0.5892586 -0.5892611 0.552762 0.3958207 -0.3958209 -0.8286446 0.6539093 -0.6539061 0.3805383 0.2742782 -0.2742782 -0.9217066 0.6936829 -0.6936824 0.1939298 0.1421039 -0.1421046 -0.9795984 0.7071046 -0.707109 0 0.1421044 -0.1421046 0.9795983 0.394534 -0.5904607 -0.704059 0.3109926 -0.4654352 -0.8286457 0.5137739 -0.7689129 0.3805382 0.2154973 -0.3225144 -0.9217078 0.5450235 -0.8156843 0.1939297 0.111651 -0.1670968 -0.9795982 0.5555679 -0.8314712 0 0.1116508 -0.1670969 0.9795984 0.5450234 -0.8156843 -0.1939297 0.2154973 -0.3225144 0.9217079 0.5137739 -0.7689129 -0.3805382 0.3109926 -0.4654352 0.8286457 0.462977 -0.6928973 -0.5527618 0.394534 -0.5904607 0.704059 0.4629771 -0.6928973 0.5527619 0.3538944 -0.854371 -0.3805379 0.214215 -0.5171654 0.8286446 0.3189035 -0.7699058 -0.5527619 0.2717601 -0.6560848 0.7040591 0.2717601 -0.6560848 -0.7040591 0.3189035 -0.7699058 0.5527618 0.214215 -0.5171654 -0.8286446 0.3538944 -0.854371 0.3805379 0.1484368 -0.3583607 -0.9217072 0.3754188 -0.9063399 0.1939297 0.07690739 -0.1856684 -0.9795982 0.3826807 -0.9238808 0 0.07690674 -0.1856684 0.9795983 0.3754188 -0.90634 -0.1939297 0.1484368 -0.3583606 0.9217072 0.1092061 -0.549021 -0.8286436 0.07567322 -0.3804348 -0.9217066 0.1804147 -0.9069958 0.3805381 0.1913871 -0.9621654 0.1939299 0.03920656 -0.1971048 -0.9795982 0.1950875 -0.9807859 0 0.03920584 -0.1971048 0.9795982 0.1913871 -0.9621654 -0.1939299 0.07567322 -0.3804348 0.9217066 0.1804147 -0.9069958 -0.3805381 0.1092061 -0.549021 0.8286436 0.1625746 -0.8173272 -0.5527619 0.1385423 -0.6964962 0.704059 0.1385423 -0.6964962 -0.704059 0.1625746 -0.8173272 0.5527619 0 -0.3878846 0.921708 0 -0.5597751 0.8286446 1.62671e-6 -0.9247664 -0.3805356 -1.67865e-6 -0.8333393 -0.5527617 6.21405e-7 -0.7101414 0.7040591 6.21405e-7 -0.7101414 -0.7040592 -1.70869e-6 -0.8333393 0.5527617 0 -0.5597751 -0.8286447 1.59904e-6 -0.9247664 0.3805356 8.35482e-7 -0.3878864 -0.9217072 -2.27596e-7 -0.9810159 0.1939274 -1.02051e-6 -0.200966 -0.9795982 -6.84214e-7 -1 0 -3.7229e-7 -0.2009657 0.9795983 -2.288e-7 -0.9810159 -0.1939274 -0.03920704 -0.1971044 -0.9795982 -0.03920602 -0.1971048 0.9795982 -0.07567459 -0.3804365 0.9217058 -0.1092064 -0.5490167 0.8286463 -0.1385422 -0.6964967 0.7040585 -0.1385423 -0.6964967 -0.7040585 -0.1625762 -0.8173259 0.5527635 -0.1092064 -0.5490167 -0.8286463 -0.07567346 -0.3804349 -0.9217065 -0.737042 -0.5958894 0.3188809 -0.7687743 -0.5213481 0.3703813 -0.07690662 -0.1856681 -0.9795984 -0.07690596 -0.1856681 0.9795984 -0.1484367 -0.3583579 0.9217083 -0.1116526 -0.1670983 0.9795978 -0.1116528 -0.1670982 -0.9795978 -0.7539752 -0.2981902 0.5853239 -0.7465482 -0.2130276 0.6303055 -0.1421039 -0.1421043 0.9795984 -0.1421039 -0.1421043 -0.9795984 -0.7689437 -0.1405309 0.62368 -0.7537966 -0.1670119 0.6355295 -0.1670963 -0.1116517 0.9795984 -0.1670964 -0.1116516 -0.9795982 -0.7539632 -0.2981964 -0.5853361 -0.7539726 0.298192 0.5853264 -0.7812758 -0.1094636 0.6145126 -0.7364647 -0.04172509 0.675188 -0.7362109 -0.02700811 0.6762132 -0.7382143 -0.01376414 0.6744259 -0.7388925 0 0.6738234 -0.7382142 0.01376426 0.674426 -0.7362104 0.02700901 0.6762136 -0.73646 0.04172557 -0.6751931 -0.7812773 0.1094635 -0.6145109 -0.1670997 0.1116514 -0.9795977 -0.1670992 0.1116514 0.9795978 -0.7364599 0.04172402 0.6751934 -0.7812774 0.1094635 0.6145109 -0.1421046 0.1421046 0.9795982 -0.1421042 0.1421046 -0.9795982 -0.7689424 0.1405314 0.6236816 -0.1116524 0.1670983 0.9795979 -0.1116524 0.1670984 -0.9795978 -0.7537932 0.1670129 0.6355333 -0.07690626 0.1856682 0.9795984 -0.07690674 0.1856682 -0.9795982 -0.1484368 0.3583582 0.9217082 -0.7465473 0.2130284 0.6303063 -0.7465474 0.2130286 -0.6303061 -0.7539648 0.2981961 -0.5853344 -0.148437 0.3583582 -0.9217082 -0.7687759 0.521347 -0.3703795 -0.737038 0.5958933 -0.318883 -0.1625792 0.8173253 -0.5527634 -0.7566421 0.4470118 0.4771512 -0.1092091 0.5490172 0.8286456 -0.1385421 0.6964955 0.7040597 -0.1385411 0.6964949 -0.7040606 -0.7566421 0.4470118 -0.4771512 -0.7687759 0.5213471 0.3703795 -0.1625791 0.8173252 0.5527635 -0.109207 0.5490189 -0.8286448 -0.7416511 0.3540619 -0.5697314 -0.7370422 0.5958892 0.3188808 -0.07567417 0.3804368 -0.9217056 -0.03920656 0.1971048 -0.9795982 -0.03920584 0.1971048 0.9795982 -0.07567435 0.3804367 0.9217056 -0.7205774 0.6933745 0 -0.7199302 0.6805469 -0.1362221 -0.7179804 0.6424486 -0.267888 -0.7199302 0.6805469 0.136222 -0.7382147 0.01376402 -0.6744255 -0.7362102 0.02700781 -0.6762139 -0.7388926 5.61948e-7 -0.6738233 -0.7382144 -0.01376414 -0.6744258 -0.7362109 -0.02700889 -0.6762131 -0.7537972 0.1670117 -0.6355289 -0.7689425 0.1405313 -0.6236813 -0.7812759 -0.1094636 -0.6145126 -0.7364647 -0.04172354 -0.6751881 -0.1484367 -0.358358 -0.9217083 -0.7465477 -0.2130281 -0.6303059 -0.7537927 -0.1670131 -0.6355338 -0.7689434 -0.1405308 -0.6236804 -0.7566433 -0.4470111 -0.4771501 -0.7416511 -0.3540617 -0.5697314 -0.7566431 -0.4470112 0.47715 -0.7687747 -0.5213479 -0.3703809 -0.7199296 -0.6805475 -0.1362221 -0.7179793 -0.6424503 -0.2678867 -0.7205758 -0.6933762 0 -0.7199296 -0.6805476 0.1362221 -0.7370376 -0.5958937 -0.318883 -0.1625769 -0.8173257 -0.5527634 -0.7179813 -0.6424478 0.2678877 -0.7416508 -0.3540619 0.5697318 -0.7416511 0.3540619 0.5697314 -0.7179809 0.6424479 0.2678882</float_array>
          <technique_common>
            <accessor source="#Sfera-mesh-normals-array" count="357" stride="3">
              <param name="X" type="float"/>
              <param name="Y" type="float"/>
              <param name="Z" type="float"/>
            </accessor>
          </technique_common>
        </source>
        <source id="Sfera-mesh-map">
          <float_array id="Sfera-mesh-map-array" count="4260">0.75 0.125 0.71875 0.06249994 0.75 0.06249988 0.75 0.5625 0.71875 0.5 0.75 0.5 0.75 0.9375001 0.734375 1 0.71875 0.9375001 0.734375 0 0.75 0.06249988 0.71875 0.06249994 0.75 0.4375 0.71875 0.5 0.71875 0.4375 0.75 0.8750001 0.71875 0.9375001 0.71875 0.875 0.75 0.4375 0.71875 0.375 0.75 0.375 0.75 0.8125 0.71875 0.875 0.71875 0.8125 0.75 0.375 0.71875 0.3125 0.75 0.3125001 0.75 0.7500001 0.71875 0.8125 0.71875 0.75 0.75 0.25 0.71875 0.3125 0.71875 0.25 0.75 0.7500001 0.71875 0.6875 0.75 0.6875 0.75 0.25 0.71875 0.1875 0.75 0.1874998 0.75 0.6250001 0.71875 0.6875 0.71875 0.625 0.75 0.1874998 0.71875 0.125 0.75 0.125 0.75 0.5625 0.71875 0.625 0.71875 0.5625 0.71875 0.6875 0.6875 0.625 0.71875 0.625 0.71875 0.125 0.6875 0.1875 0.6875 0.125 0.71875 0.5625 0.6875 0.625 0.6875 0.5625 0.71875 0.125 0.6875 0.06249994 0.71875 0.06249994 0.71875 0.5 0.6875 0.5625 0.6875 0.5 0.71875 0.9375001 0.703125 1 0.6875 0.9375001 0.703125 0 0.71875 0.06249994 0.6875 0.06249994 0.71875 0.5 0.6875 0.4375 0.71875 0.4375 0.71875 0.875 0.6875 0.9375001 0.6875 0.875 0.71875 0.4375 0.6875 0.375 0.71875 0.375 0.71875 0.875 0.6875 0.8125 0.71875 0.8125 0.71875 0.3125 0.6875 0.375 0.6875 0.3125 0.71875 0.8125 0.6875 0.75 0.71875 0.75 0.71875 0.25 0.6875 0.3125 0.6875 0.25 0.71875 0.75 0.6875 0.6875 0.71875 0.6875 0.71875 0.1875 0.6875 0.25 0.6875 0.1875 0.6875 0.4375 0.65625 0.375 0.6875 0.375 0.6875 0.875 0.65625 0.8125 0.6875 0.8125 0.6875 0.3125 0.65625 0.375 0.65625 0.3125 0.6875 0.8125 0.65625 0.75 0.6875 0.75 0.6875 0.25 0.65625 0.3125 0.65625 0.25 0.6875 0.75 0.65625 0.6875 0.6875 0.6875 0.6875 0.1875 0.65625 0.25 0.65625 0.1875 0.6875 0.6875 0.65625 0.625 0.6875 0.625 0.6875 0.125 0.65625 0.1875 0.65625 0.125 0.6875 0.5625 0.65625 0.625 0.65625 0.5625 0.6875 0.06249994 0.65625 0.125 0.65625 0.06249994 0.6875 0.5 0.65625 0.5625 0.65625 0.5 0.6875 0.9375001 0.671875 1 0.65625 0.9375001 0.671875 0 0.6875 0.06249994 0.65625 0.06249994 0.6875 0.5 0.65625 0.4375 0.6875 0.4375 0.6875 0.9375001 0.65625 0.875 0.6875 0.875 0.65625 0.125 0.625 0.1875 0.625 0.125 0.65625 0.5625 0.625 0.625 0.625 0.5625 0.65625 0.06249994 0.625 0.125 0.625 0.06249994 0.65625 0.5 0.625 0.5625 0.625 0.5 0.65625 0.9375001 0.640625 1 0.625 0.9375001 0.640625 0 0.65625 0.06249994 0.625 0.06249994 0.65625 0.5 0.625 0.4375 0.65625 0.4375 0.65625 0.9375001 0.625 0.875 0.65625 0.875 0.65625 0.4375 0.625 0.375 0.65625 0.375 0.65625 0.875 0.625 0.8125 0.65625 0.8125 0.65625 0.3125 0.625 0.375 0.625 0.3125 0.65625 0.8125 0.625 0.75 0.65625 0.75 0.65625 0.3125 0.625 0.25 0.65625 0.25 0.65625 0.6875 0.625 0.75 0.625 0.6875001 0.65625 0.1875 0.625 0.25 0.625 0.1875 0.65625 0.6875 0.625 0.625 0.65625 0.625 0.625 0.3125 0.59375 0.375 0.59375 0.3125 0.625 0.8125 0.59375 0.75 0.625 0.75 0.625 0.3125 0.59375 0.25 0.625 0.25 0.625 0.6875001 0.59375 0.75 0.59375 0.6875 0.625 0.1875 0.59375 0.25 0.59375 0.1875 0.625 0.6875001 0.59375 0.625 0.625 0.625 0.625 0.1875 0.59375 0.125 0.625 0.125 0.625 0.5625 0.59375 0.625 0.59375 0.5625 0.625 0.125 0.59375 0.06249994 0.625 0.06249994 0.625 0.5 0.59375 0.5625 0.59375 0.5 0.625 0.9375001 0.609375 1 0.59375 0.9375001 0.609375 0 0.625 0.06249994 0.59375 0.06249994 0.625 0.5 0.59375 0.4375 0.625 0.4375 0.625 0.875 0.59375 0.9375001 0.59375 0.875 0.625 0.4375 0.59375 0.375 0.625 0.375 0.625 0.8125 0.59375 0.875 0.59375 0.8125 0.59375 0.06249994 0.5625 0.125 0.5625 0.06249994 0.59375 0.5 0.5625 0.5625 0.5625 0.5 0.59375 0.9375001 0.578125 1 0.5625 0.9375001 0.578125 0 0.59375 0.06249994 0.5625 0.06249994 0.59375 0.5 0.5625 0.4375 0.59375 0.4375 0.59375 0.9375001 0.5625 0.875 0.59375 0.875 0.59375 0.4375 0.5625 0.375 0.59375 0.375 0.59375 0.875 0.5625 0.8125 0.59375 0.8125 0.59375 0.3125 0.5625 0.375 0.5625 0.3125 0.59375 0.8125 0.5625 0.75 0.59375 0.75 0.59375 0.3125 0.5625 0.25 0.59375 0.25 0.59375 0.6875 0.5625 0.75 0.5625 0.6875 0.59375 0.1875 0.5625 0.25 0.5625 0.1875 0.59375 0.6875 0.5625 0.625 0.59375 0.625 0.59375 0.125 0.5625 0.1875 0.5625 0.125 0.59375 0.5625 0.5625 0.625 0.5625 0.5625 0.5625 0.8125 0.53125 0.75 0.5625 0.75 0.5625 0.3125 0.53125 0.25 0.5625 0.25 0.5625 0.6875 0.53125 0.75 0.53125 0.6875001 0.5625 0.1875 0.53125 0.25 0.53125 0.1875 0.5625 0.6875 0.53125 0.6250001 0.5625 0.625 0.5625 0.1875 0.53125 0.125 0.5625 0.125 0.5625 0.5625 0.53125 0.6250001 0.53125 0.5625 0.5625 0.06249994 0.53125 0.125 0.53125 0.06249994 0.5625 0.5 0.53125 0.5625 0.53125 0.5 0.5625 0.9375001 0.546875 1 0.53125 0.9375001 0.546875 0 0.5625 0.06249994 0.53125 0.06249994 0.5625 0.5 0.53125 0.4375 0.5625 0.4375 0.5625 0.9375001 0.53125 0.875 0.5625 0.875 0.5625 0.4375 0.53125 0.375 0.5625 0.375 0.5625 0.875 0.53125 0.8125 0.5625 0.8125 0.5625 0.3125 0.53125 0.375 0.53125 0.3125 0.53125 0.5 0.5 0.5625 0.5 0.5 0.53125 0.9375001 0.515625 1 0.5 0.9375001 0.515625 0 0.53125 0.06249994 0.5 0.06249994 0.53125 0.5 0.5 0.4375 0.53125 0.4375 0.53125 0.875 0.5 0.9375001 0.5 0.875 0.53125 0.4375 0.5 0.375 0.53125 0.375 0.53125 0.875 0.5 0.8125 0.53125 0.8125 0.53125 0.3125 0.5 0.375 0.5 0.3125 0.53125 0.8125 0.5 0.75 0.53125 0.75 0.53125 0.3125 0.5 0.25 0.53125 0.25 0.53125 0.6875001 0.5 0.75 0.5 0.6875001 0.53125 0.1875 0.5 0.25 0.5 0.1875 0.53125 0.6875001 0.5 0.625 0.53125 0.6250001 0.53125 0.1875 0.5 0.125 0.53125 0.125 0.53125 0.5625 0.5 0.625 0.5 0.5625 0.53125 0.125 0.5 0.06249994 0.53125 0.06249994 0.5 0.3125 0.46875 0.25 0.5 0.25 0.5 0.6875001 0.46875 0.75 0.46875 0.6875001 0.5 0.1875 0.46875 0.25 0.46875 0.1875 0.5 0.6875001 0.46875 0.6250001 0.5 0.625 0.5 0.1875 0.46875 0.125 0.5 0.125 0.5 0.5625 0.46875 0.6250001 0.46875 0.5625 0.5 0.06249994 0.46875 0.125 0.46875 0.06249994 0.5 0.5 0.46875 0.5625 0.46875 0.5 0.5 0.9375001 0.484375 1 0.46875 0.9375001 0.484375 0 0.5 0.06249994 0.46875 0.06249994 0.5 0.5 0.46875 0.4375 0.5 0.4375 0.5 0.9375001 0.46875 0.875 0.5 0.875 0.5 0.4375 0.46875 0.375 0.5 0.375 0.5 0.875 0.46875 0.8125 0.5 0.8125 0.5 0.3125 0.46875 0.375 0.46875 0.3125 0.5 0.8125 0.46875 0.75 0.5 0.75 0.46875 0.9375001 0.453125 1 0.4375 0.9375001 0.453125 0 0.46875 0.06249994 0.4375 0.06249994 0.46875 0.5 0.4375 0.4375 0.46875 0.4375 0.46875 0.875 0.4375 0.9375001 0.4375 0.875 0.46875 0.4375 0.4375 0.375 0.46875 0.375 0.46875 0.8125 0.4375 0.875 0.4375 0.8125001 0.46875 0.3125 0.4375 0.375 0.4375 0.3125 0.46875 0.8125 0.4375 0.75 0.46875 0.75 0.46875 0.3125 0.4375 0.25 0.46875 0.25 0.46875 0.6875001 0.4375 0.75 0.4375 0.6875001 0.46875 0.1875 0.4375 0.25 0.4375 0.1875 0.46875 0.6875001 0.4375 0.6250001 0.46875 0.6250001 0.46875 0.1875 0.4375 0.125 0.46875 0.125 0.46875 0.5625 0.4375 0.6250001 0.4375 0.5625 0.46875 0.125 0.4375 0.06249994 0.46875 0.06249994 0.46875 0.5 0.4375 0.5625 0.4375 0.5 0.4375 0.6875001 0.40625 0.75 0.40625 0.6875001 0.4375 0.1875 0.40625 0.25 0.40625 0.1875 0.4375 0.6875001 0.40625 0.6250001 0.4375 0.6250001 0.4375 0.125 0.40625 0.1875 0.40625 0.125 0.4375 0.5625 0.40625 0.6250001 0.40625 0.5625 0.4375 0.06249994 0.40625 0.125 0.40625 0.06249994 0.4375 0.5 0.40625 0.5625 0.40625 0.5 0.4375 0.9375001 0.421875 1 0.40625 0.9375001 0.421875 0 0.4375 0.06249994 0.40625 0.06249994 0.4375 0.5 0.40625 0.4375 0.4375 0.4375 0.4375 0.9375001 0.40625 0.875 0.4375 0.875 0.4375 0.4375 0.40625 0.375 0.4375 0.375 0.4375 0.875 0.40625 0.8125001 0.4375 0.8125001 0.4375 0.3125 0.40625 0.375 0.40625 0.3125 0.4375 0.8125001 0.40625 0.75 0.4375 0.75 0.4375 0.3125 0.40625 0.25 0.4375 0.25 0.40625 0.5 0.375 0.4375 0.40625 0.4375 0.40625 0.9375001 0.375 0.875 0.40625 0.875 0.40625 0.4375 0.375 0.375 0.40625 0.375 0.40625 0.8125001 0.375 0.875 0.375 0.8125001 0.40625 0.3125 0.375 0.375 0.375 0.3125 0.40625 0.8125001 0.375 0.75 0.40625 0.75 0.40625 0.3125 0.375 0.25 0.40625 0.25 0.40625 0.6875001 0.375 0.75 0.375 0.6875001 0.40625 0.1875 0.375 0.25 0.375 0.1875 0.40625 0.6875001 0.375 0.6250001 0.40625 0.6250001 0.40625 0.1875 0.375 0.125 0.40625 0.125 0.40625 0.5625 0.375 0.6250001 0.375 0.5625 0.40625 0.06249994 0.375 0.125 0.375 0.06249994 0.40625 0.5 0.375 0.5625 0.375 0.5 0.40625 0.9375001 0.390625 1 0.375 0.9375001 0.390625 0 0.40625 0.06249994 0.375 0.06249994 0.375 0.1875 0.34375 0.25 0.34375 0.1875 0.375 0.6875001 0.34375 0.6250001 0.375 0.6250001 0.375 0.1875 0.34375 0.125 0.375 0.125 0.375 0.5625 0.34375 0.6250001 0.34375 0.5625 0.375 0.125 0.34375 0.06249994 0.375 0.06249994 0.375 0.5 0.34375 0.5625 0.34375 0.5 0.375 0.9375001 0.359375 1 0.34375 0.9375001 0.359375 0 0.375 0.06249994 0.34375 0.06249994 0.375 0.5 0.34375 0.4375 0.375 0.4375 0.375 0.875 0.34375 0.9375001 0.34375 0.875 0.375 0.4375 0.34375 0.375 0.375 0.375 0.375 0.8125001 0.34375 0.875 0.34375 0.8125001 0.375 0.3125 0.34375 0.375 0.34375 0.3125 0.375 0.8125001 0.34375 0.75 0.375 0.75 0.375 0.3125 0.34375 0.25 0.375 0.25 0.375 0.6875001 0.34375 0.75 0.34375 0.6875001 0.34375 0.4375 0.3125 0.375 0.34375 0.375 0.34375 0.875 0.3125 0.8125001 0.34375 0.8125001 0.34375 0.3125 0.3125 0.375 0.3125 0.3125 0.34375 0.8125001 0.3125 0.75 0.34375 0.75 0.34375 0.3125 0.3125 0.25 0.34375 0.25 0.34375 0.6875001 0.3125 0.75 0.3125 0.6875001 0.34375 0.1875 0.3125 0.25 0.3125 0.1875 0.34375 0.6875001 0.3125 0.6250001 0.34375 0.6250001 0.34375 0.125 0.3125 0.1875 0.3125 0.125 0.34375 0.5625 0.3125 0.6250001 0.3125 0.5625 0.34375 0.06249994 0.3125 0.125 0.3125 0.06249994 0.34375 0.5 0.3125 0.5625 0.3125 0.5 0.34375 0.9375001 0.328125 1 0.3125 0.9375001 0.328125 0 0.34375 0.06249994 0.3125 0.06249994 0.34375 0.5 0.3125 0.4375 0.34375 0.4375 0.34375 0.9375001 0.3125 0.875 0.34375 0.875 0.3125 0.125 0.28125 0.1875 0.28125 0.125 0.3125 0.5625 0.28125 0.6250001 0.28125 0.5625 0.3125 0.06249994 0.28125 0.125 0.28125 0.06249994 0.3125 0.5 0.28125 0.5625 0.28125 0.5 0.3125 0.9375001 0.296875 1 0.28125 0.9375001 0.296875 0 0.3125 0.06249994 0.28125 0.06249994 0.3125 0.5 0.28125 0.4375 0.3125 0.4375 0.3125 0.9375001 0.28125 0.875 0.3125 0.875 0.3125 0.4375 0.28125 0.375 0.3125 0.375 0.3125 0.875 0.28125 0.8125001 0.3125 0.8125001 0.3125 0.3125 0.28125 0.375 0.28125 0.3125 0.3125 0.8125001 0.28125 0.75 0.3125 0.75 0.3125 0.3125 0.28125 0.25 0.3125 0.25 0.3125 0.6875001 0.28125 0.75 0.28125 0.6875001 0.3125 0.1875 0.28125 0.25 0.28125 0.1875 0.3125 0.6875001 0.28125 0.6250001 0.3125 0.6250001 0.28125 0.8125001 0.25 0.875 0.25 0.8125001 0.28125 0.3125 0.25 0.375 0.25 0.3125 0.28125 0.8125001 0.25 0.75 0.28125 0.75 0.28125 0.3125 0.25 0.25 0.28125 0.25 0.28125 0.6875001 0.25 0.75 0.25 0.6875001 0.28125 0.1875 0.25 0.25 0.25 0.1875 0.28125 0.6875001 0.25 0.6250001 0.28125 0.6250001 0.28125 0.1875 0.25 0.125 0.28125 0.125 0.28125 0.5625 0.25 0.6250001 0.25 0.5625 0.28125 0.125 0.25 0.06249994 0.28125 0.06249994 0.28125 0.5 0.25 0.5625 0.25 0.5 0.28125 0.9375001 0.265625 1 0.25 0.9375001 0.265625 0 0.28125 0.06249994 0.25 0.06249994 0.28125 0.5 0.25 0.4375 0.28125 0.4375 0.28125 0.875 0.25 0.9375001 0.25 0.875 0.28125 0.4375 0.25 0.375 0.28125 0.375 0.25 0.125 0.21875 0.06249994 0.25 0.06249994 0.25 0.9375001 0.234375 1 0.21875 0.9375001 0.234375 0 0.25 0.06249994 0.21875 0.06249994 0.25 0.9375001 0.21875 0.875 0.25 0.875 0.25 0.8125001 0.21875 0.875 0.21875 0.8125001 0.25 0.8125001 0.21875 0.75 0.25 0.75 0.25 0.3125 0.21875 0.25 0.25 0.25 0.25 0.6875001 0.21875 0.75 0.21875 0.6875001 0.25 0.1875 0.21875 0.25 0.21875 0.1875 0.25 0.1875 0.21875 0.125 0.25 0.125 0.21875 0.6347142 0.21875 0.6875001 0.2156994 0.6875001 0.21875 0.125 0.1875 0.06249994 0.21875 0.06249994 0.21875 0.9375001 0.203125 1 0.1875 0.9375001 0.203125 0 0.21875 0.06249994 0.1875 0.06249994 0.21875 0.875 0.1875 0.9375001 0.1875 0.875 0.1875 0.9375001 0.171875 1 0.15625 0.9375001 0.171875 0 0.1875 0.06249994 0.15625 0.06249994 0.1875 0.8457236 0.1875 0.875 0.1728618 0.875 0.15625 0.9375001 0.140625 1 0.125 0.9375001 0.140625 0 0.15625 0.06249994 0.125 0.06249994 0.15625 0.9375001 0.125 0.9188944 0.15625 0.8960908 0.125 0.9375001 0.109375 1 0.09375 0.9375001 0.109375 0 0.125 0.06249994 0.09375 0.06249994 0.1875 0.1542763 0.1875 0.8457236 0.8125 0.8457235 0.125 0.9375001 0.09375 0.9313989 0.125 0.9188944 0.09375 0.9313989 0.09375 0.9375001 0.06735694 0.9375001 0.06225705 0.9384717 0.046875 1 0.03238534 0.9420416 0.03011459 0.9420416 0.015625 1 0.001413762 0.9431552 0.9985862 0.9431552 0.984375 1 0.9698854 0.9420416 0.9676146 0.9420416 0.953125 1 0.9377429 0.9384717 0.9326431 0.06249994 0.90625 0.06860107 0.90625 0.06249994 0.9372571 0.9384717 0.90625 0.9375001 0.9326431 0.9375001 0.90625 0.9313989 0.9326431 0.9375001 0.90625 0.9375001 0.90625 0.9375001 0.890625 1 0.875 0.9375001 0.890625 0 0.90625 0.06249994 0.875 0.06249994 0.90625 0.9313989 0.875 0.9375001 0.875 0.9188944 0.875 0.9375001 0.859375 1 0.84375 0.9375001 0.859375 0 0.875 0.06249994 0.84375 0.06249994 0.875 0.9188944 0.84375 0.9375001 0.84375 0.8960908 0.84375 0.9375001 0.828125 1 0.8125 0.9375001 0.828125 0 0.84375 0.06249994 0.8125 0.06249988 0.8125 0.8750001 0.84375 0.8960908 0.8125 0.9375001 0.8125 0.8457235 0.8271383 0.8750001 0.8125 0.8750001 0.8271383 0.125 0.8125 0.1542765 0.8125 0.125 0.7843006 0.3124999 0.78125 0.3652861 0.78125 0.3124999 0.7905529 0.7500001 0.78125 0.8125002 0.78125 0.75 0.7843006 0.3124999 0.78125 0.25 0.7905529 0.25 0.7843006 0.6875001 0.78125 0.75 0.78125 0.6875001 0.7905529 0.25 0.78125 0.1874998 0.8019547 0.1874998 0.78125 0.6347139 0.7843006 0.6875001 0.78125 0.6875001 0.8125 0.06249988 0.78125 0.125 0.78125 0.06249988 0.8125 0.9375001 0.796875 1 0.78125 0.9375001 0.796875 0 0.8125 0.06249988 0.78125 0.06249988 0.8125 0.9375001 0.78125 0.8750001 0.8125 0.8750001 0.78125 0.8125002 0.8125 0.8457235 0.78125 0.8750001 0.78125 0.125 0.75 0.06249988 0.78125 0.06249988 0.7784224 0.5 0.75 0.5625 0.75 0.5 0.78125 0.9375001 0.765625 1 0.75 0.9375001 0.765625 0 0.78125 0.06249988 0.75 0.06249988 0.7784224 0.5 0.75 0.4375 0.7789793 0.4375 0.78125 0.8750001 0.75 0.9375001 0.75 0.8750001 0.7789793 0.4375 0.75 0.375 0.7807642 0.375 0.78125 0.8125002 0.75 0.8750001 0.75 0.8125 0.78125 0.75 0.75 0.8125 0.75 0.7500001 0.78125 0.3124999 0.75 0.25 0.78125 0.25 0.78125 0.6875001 0.75 0.7500001 0.75 0.6875 0.78125 0.1874998 0.75 0.25 0.75 0.1874998 0.75 0.6250001 0.78125 0.6347139 0.75 0.6875 0.78125 0.1874998 0.75 0.125 0.78125 0.125 0.7789793 0.5625 0.75 0.6250001 0.75 0.5625 0.953125 0 0.9676146 0.05795842 0.9377429 0.06152832 0.984375 0 0.9985862 0.05684471 0.9698854 0.05795842 0.015625 0 0.03011459 0.05795836 0.001413762 0.05684471 0.046875 0 0.06225705 0.06152826 0.03238534 0.05795836 0.78125 0.3652861 0.75 0.375 0.75 0.3125001 0.8125 0.1542765 0.78125 0.1874998 0.78125 0.125 0.84375 0.1039093 0.8125 0.125 0.8125 0.06249988 0.875 0.08110564 0.84375 0.06249994 0.875 0.06249994 0.9372571 0.06152832 0.90625 0.06249994 0.921875 0 0.90625 0.06860107 0.875 0.06249994 0.90625 0.06249994 0.09375 0.9375001 0.06274288 0.9384717 0.06735694 0.9375001 0.09375 0.06249994 0.06274288 0.06152826 0.078125 0 0.09375 0.06249994 0.09375 0.06860107 0.06735694 0.06249994 0.125 0.06249994 0.09375 0.06860107 0.09375 0.06249994 0.1875 0.125 0.1728618 0.125 0.15625 0.1039092 0.15625 0.06249994 0.125 0.08110564 0.125 0.06249994 0.1875 0.9375001 0.15625 0.9375001 0.15625 0.8960908 0.21875 0.1875 0.2094472 0.25 0.1980453 0.1875 0.21875 0.8125001 0.2094472 0.75 0.21875 0.75 0.21875 0.75 0.2156994 0.6875001 0.21875 0.6875001 0.21875 0.25 0.2156994 0.3125 0.2094472 0.25 0.21875 0.1875 0.1980453 0.1875 0.1875 0.1542763 0.1875 0.125 0.1875 0.1542763 0.1728618 0.125 0.21875 0.875 0.1875 0.875 0.1875 0.8457236 0.25 0.375 0.2210208 0.4375 0.2192358 0.375 0.25 0.4375 0.2215776 0.5 0.2210208 0.4375 0.25 0.6250001 0.2210208 0.5625 0.25 0.5625 0.25 0.5625 0.2215776 0.5 0.25 0.5 0.25 0.375 0.2192358 0.375 0.21875 0.3652858 0.21875 0.3125 0.21875 0.3652858 0.2156994 0.3125 0.25 0.6875001 0.21875 0.6875001 0.21875 0.6347142 0.75 0.125 0.71875 0.125 0.71875 0.06249994 0.75 0.5625 0.71875 0.5625 0.71875 0.5 0.75 0.4375 0.75 0.5 0.71875 0.5 0.75 0.8750001 0.75 0.9375001 0.71875 0.9375001 0.75 0.4375 0.71875 0.4375 0.71875 0.375 0.75 0.8125 0.75 0.8750001 0.71875 0.875 0.75 0.375 0.71875 0.375 0.71875 0.3125 0.75 0.7500001 0.75 0.8125 0.71875 0.8125 0.75 0.25 0.75 0.3125001 0.71875 0.3125 0.75 0.7500001 0.71875 0.75 0.71875 0.6875 0.75 0.25 0.71875 0.25 0.71875 0.1875 0.75 0.6250001 0.75 0.6875 0.71875 0.6875 0.75 0.1874998 0.71875 0.1875 0.71875 0.125 0.75 0.5625 0.75 0.6250001 0.71875 0.625 0.71875 0.6875 0.6875 0.6875 0.6875 0.625 0.71875 0.125 0.71875 0.1875 0.6875 0.1875 0.71875 0.5625 0.71875 0.625 0.6875 0.625 0.71875 0.125 0.6875 0.125 0.6875 0.06249994 0.71875 0.5 0.71875 0.5625 0.6875 0.5625 0.71875 0.5 0.6875 0.5 0.6875 0.4375 0.71875 0.875 0.71875 0.9375001 0.6875 0.9375001 0.71875 0.4375 0.6875 0.4375 0.6875 0.375 0.71875 0.875 0.6875 0.875 0.6875 0.8125 0.71875 0.3125 0.71875 0.375 0.6875 0.375 0.71875 0.8125 0.6875 0.8125 0.6875 0.75 0.71875 0.25 0.71875 0.3125 0.6875 0.3125 0.71875 0.75 0.6875 0.75 0.6875 0.6875 0.71875 0.1875 0.71875 0.25 0.6875 0.25 0.6875 0.4375 0.65625 0.4375 0.65625 0.375 0.6875 0.875 0.65625 0.875 0.65625 0.8125 0.6875 0.3125 0.6875 0.375 0.65625 0.375 0.6875 0.8125 0.65625 0.8125 0.65625 0.75 0.6875 0.25 0.6875 0.3125 0.65625 0.3125 0.6875 0.75 0.65625 0.75 0.65625 0.6875 0.6875 0.1875 0.6875 0.25 0.65625 0.25 0.6875 0.6875 0.65625 0.6875 0.65625 0.625 0.6875 0.125 0.6875 0.1875 0.65625 0.1875 0.6875 0.5625 0.6875 0.625 0.65625 0.625 0.6875 0.06249994 0.6875 0.125 0.65625 0.125 0.6875 0.5 0.6875 0.5625 0.65625 0.5625 0.6875 0.5 0.65625 0.5 0.65625 0.4375 0.6875 0.9375001 0.65625 0.9375001 0.65625 0.875 0.65625 0.125 0.65625 0.1875 0.625 0.1875 0.65625 0.5625 0.65625 0.625 0.625 0.625 0.65625 0.06249994 0.65625 0.125 0.625 0.125 0.65625 0.5 0.65625 0.5625 0.625 0.5625 0.65625 0.5 0.625 0.5 0.625 0.4375 0.65625 0.9375001 0.625 0.9375001 0.625 0.875 0.65625 0.4375 0.625 0.4375 0.625 0.375 0.65625 0.875 0.625 0.875 0.625 0.8125 0.65625 0.3125 0.65625 0.375 0.625 0.375 0.65625 0.8125 0.625 0.8125 0.625 0.75 0.65625 0.3125 0.625 0.3125 0.625 0.25 0.65625 0.6875 0.65625 0.75 0.625 0.75 0.65625 0.1875 0.65625 0.25 0.625 0.25 0.65625 0.6875 0.625 0.6875001 0.625 0.625 0.625 0.3125 0.625 0.375 0.59375 0.375 0.625 0.8125 0.59375 0.8125 0.59375 0.75 0.625 0.3125 0.59375 0.3125 0.59375 0.25 0.625 0.6875001 0.625 0.75 0.59375 0.75 0.625 0.1875 0.625 0.25 0.59375 0.25 0.625 0.6875001 0.59375 0.6875 0.59375 0.625 0.625 0.1875 0.59375 0.1875 0.59375 0.125 0.625 0.5625 0.625 0.625 0.59375 0.625 0.625 0.125 0.59375 0.125 0.59375 0.06249994 0.625 0.5 0.625 0.5625 0.59375 0.5625 0.625 0.5 0.59375 0.5 0.59375 0.4375 0.625 0.875 0.625 0.9375001 0.59375 0.9375001 0.625 0.4375 0.59375 0.4375 0.59375 0.375 0.625 0.8125 0.625 0.875 0.59375 0.875 0.59375 0.06249994 0.59375 0.125 0.5625 0.125 0.59375 0.5 0.59375 0.5625 0.5625 0.5625 0.59375 0.5 0.5625 0.5 0.5625 0.4375 0.59375 0.9375001 0.5625 0.9375001 0.5625 0.875 0.59375 0.4375 0.5625 0.4375 0.5625 0.375 0.59375 0.875 0.5625 0.875 0.5625 0.8125 0.59375 0.3125 0.59375 0.375 0.5625 0.375 0.59375 0.8125 0.5625 0.8125 0.5625 0.75 0.59375 0.3125 0.5625 0.3125 0.5625 0.25 0.59375 0.6875 0.59375 0.75 0.5625 0.75 0.59375 0.1875 0.59375 0.25 0.5625 0.25 0.59375 0.6875 0.5625 0.6875 0.5625 0.625 0.59375 0.125 0.59375 0.1875 0.5625 0.1875 0.59375 0.5625 0.59375 0.625 0.5625 0.625 0.5625 0.8125 0.53125 0.8125 0.53125 0.75 0.5625 0.3125 0.53125 0.3125 0.53125 0.25 0.5625 0.6875 0.5625 0.75 0.53125 0.75 0.5625 0.1875 0.5625 0.25 0.53125 0.25 0.5625 0.6875 0.53125 0.6875001 0.53125 0.6250001 0.5625 0.1875 0.53125 0.1875 0.53125 0.125 0.5625 0.5625 0.5625 0.625 0.53125 0.6250001 0.5625 0.06249994 0.5625 0.125 0.53125 0.125 0.5625 0.5 0.5625 0.5625 0.53125 0.5625 0.5625 0.5 0.53125 0.5 0.53125 0.4375 0.5625 0.9375001 0.53125 0.9375001 0.53125 0.875 0.5625 0.4375 0.53125 0.4375 0.53125 0.375 0.5625 0.875 0.53125 0.875 0.53125 0.8125 0.5625 0.3125 0.5625 0.375 0.53125 0.375 0.53125 0.5 0.53125 0.5625 0.5 0.5625 0.53125 0.5 0.5 0.5 0.5 0.4375 0.53125 0.875 0.53125 0.9375001 0.5 0.9375001 0.53125 0.4375 0.5 0.4375 0.5 0.375 0.53125 0.875 0.5 0.875 0.5 0.8125 0.53125 0.3125 0.53125 0.375 0.5 0.375 0.53125 0.8125 0.5 0.8125 0.5 0.75 0.53125 0.3125 0.5 0.3125 0.5 0.25 0.53125 0.6875001 0.53125 0.75 0.5 0.75 0.53125 0.1875 0.53125 0.25 0.5 0.25 0.53125 0.6875001 0.5 0.6875001 0.5 0.625 0.53125 0.1875 0.5 0.1875 0.5 0.125 0.53125 0.5625 0.53125 0.6250001 0.5 0.625 0.53125 0.125 0.5 0.125 0.5 0.06249994 0.5 0.3125 0.46875 0.3125 0.46875 0.25 0.5 0.6875001 0.5 0.75 0.46875 0.75 0.5 0.1875 0.5 0.25 0.46875 0.25 0.5 0.6875001 0.46875 0.6875001 0.46875 0.6250001 0.5 0.1875 0.46875 0.1875 0.46875 0.125 0.5 0.5625 0.5 0.625 0.46875 0.6250001 0.5 0.06249994 0.5 0.125 0.46875 0.125 0.5 0.5 0.5 0.5625 0.46875 0.5625 0.5 0.5 0.46875 0.5 0.46875 0.4375 0.5 0.9375001 0.46875 0.9375001 0.46875 0.875 0.5 0.4375 0.46875 0.4375 0.46875 0.375 0.5 0.875 0.46875 0.875 0.46875 0.8125 0.5 0.3125 0.5 0.375 0.46875 0.375 0.5 0.8125 0.46875 0.8125 0.46875 0.75 0.46875 0.5 0.4375 0.5 0.4375 0.4375 0.46875 0.875 0.46875 0.9375001 0.4375 0.9375001 0.46875 0.4375 0.4375 0.4375 0.4375 0.375 0.46875 0.8125 0.46875 0.875 0.4375 0.875 0.46875 0.3125 0.46875 0.375 0.4375 0.375 0.46875 0.8125 0.4375 0.8125001 0.4375 0.75 0.46875 0.3125 0.4375 0.3125 0.4375 0.25 0.46875 0.6875001 0.46875 0.75 0.4375 0.75 0.46875 0.1875 0.46875 0.25 0.4375 0.25 0.46875 0.6875001 0.4375 0.6875001 0.4375 0.6250001 0.46875 0.1875 0.4375 0.1875 0.4375 0.125 0.46875 0.5625 0.46875 0.6250001 0.4375 0.6250001 0.46875 0.125 0.4375 0.125 0.4375 0.06249994 0.46875 0.5 0.46875 0.5625 0.4375 0.5625 0.4375 0.6875001 0.4375 0.75 0.40625 0.75 0.4375 0.1875 0.4375 0.25 0.40625 0.25 0.4375 0.6875001 0.40625 0.6875001 0.40625 0.6250001 0.4375 0.125 0.4375 0.1875 0.40625 0.1875 0.4375 0.5625 0.4375 0.6250001 0.40625 0.6250001 0.4375 0.06249994 0.4375 0.125 0.40625 0.125 0.4375 0.5 0.4375 0.5625 0.40625 0.5625 0.4375 0.5 0.40625 0.5 0.40625 0.4375 0.4375 0.9375001 0.40625 0.9375001 0.40625 0.875 0.4375 0.4375 0.40625 0.4375 0.40625 0.375 0.4375 0.875 0.40625 0.875 0.40625 0.8125001 0.4375 0.3125 0.4375 0.375 0.40625 0.375 0.4375 0.8125001 0.40625 0.8125001 0.40625 0.75 0.4375 0.3125 0.40625 0.3125 0.40625 0.25 0.40625 0.5 0.375 0.5 0.375 0.4375 0.40625 0.9375001 0.375 0.9375001 0.375 0.875 0.40625 0.4375 0.375 0.4375 0.375 0.375 0.40625 0.8125001 0.40625 0.875 0.375 0.875 0.40625 0.3125 0.40625 0.375 0.375 0.375 0.40625 0.8125001 0.375 0.8125001 0.375 0.75 0.40625 0.3125 0.375 0.3125 0.375 0.25 0.40625 0.6875001 0.40625 0.75 0.375 0.75 0.40625 0.1875 0.40625 0.25 0.375 0.25 0.40625 0.6875001 0.375 0.6875001 0.375 0.6250001 0.40625 0.1875 0.375 0.1875 0.375 0.125 0.40625 0.5625 0.40625 0.6250001 0.375 0.6250001 0.40625 0.06249994 0.40625 0.125 0.375 0.125 0.40625 0.5 0.40625 0.5625 0.375 0.5625 0.375 0.1875 0.375 0.25 0.34375 0.25 0.375 0.6875001 0.34375 0.6875001 0.34375 0.6250001 0.375 0.1875 0.34375 0.1875 0.34375 0.125 0.375 0.5625 0.375 0.6250001 0.34375 0.6250001 0.375 0.125 0.34375 0.125 0.34375 0.06249994 0.375 0.5 0.375 0.5625 0.34375 0.5625 0.375 0.5 0.34375 0.5 0.34375 0.4375 0.375 0.875 0.375 0.9375001 0.34375 0.9375001 0.375 0.4375 0.34375 0.4375 0.34375 0.375 0.375 0.8125001 0.375 0.875 0.34375 0.875 0.375 0.3125 0.375 0.375 0.34375 0.375 0.375 0.8125001 0.34375 0.8125001 0.34375 0.75 0.375 0.3125 0.34375 0.3125 0.34375 0.25 0.375 0.6875001 0.375 0.75 0.34375 0.75 0.34375 0.4375 0.3125 0.4375 0.3125 0.375 0.34375 0.875 0.3125 0.875 0.3125 0.8125001 0.34375 0.3125 0.34375 0.375 0.3125 0.375 0.34375 0.8125001 0.3125 0.8125001 0.3125 0.75 0.34375 0.3125 0.3125 0.3125 0.3125 0.25 0.34375 0.6875001 0.34375 0.75 0.3125 0.75 0.34375 0.1875 0.34375 0.25 0.3125 0.25 0.34375 0.6875001 0.3125 0.6875001 0.3125 0.6250001 0.34375 0.125 0.34375 0.1875 0.3125 0.1875 0.34375 0.5625 0.34375 0.6250001 0.3125 0.6250001 0.34375 0.06249994 0.34375 0.125 0.3125 0.125 0.34375 0.5 0.34375 0.5625 0.3125 0.5625 0.34375 0.5 0.3125 0.5 0.3125 0.4375 0.34375 0.9375001 0.3125 0.9375001 0.3125 0.875 0.3125 0.125 0.3125 0.1875 0.28125 0.1875 0.3125 0.5625 0.3125 0.6250001 0.28125 0.6250001 0.3125 0.06249994 0.3125 0.125 0.28125 0.125 0.3125 0.5 0.3125 0.5625 0.28125 0.5625 0.3125 0.5 0.28125 0.5 0.28125 0.4375 0.3125 0.9375001 0.28125 0.9375001 0.28125 0.875 0.3125 0.4375 0.28125 0.4375 0.28125 0.375 0.3125 0.875 0.28125 0.875 0.28125 0.8125001 0.3125 0.3125 0.3125 0.375 0.28125 0.375 0.3125 0.8125001 0.28125 0.8125001 0.28125 0.75 0.3125 0.3125 0.28125 0.3125 0.28125 0.25 0.3125 0.6875001 0.3125 0.75 0.28125 0.75 0.3125 0.1875 0.3125 0.25 0.28125 0.25 0.3125 0.6875001 0.28125 0.6875001 0.28125 0.6250001 0.28125 0.8125001 0.28125 0.875 0.25 0.875 0.28125 0.3125 0.28125 0.375 0.25 0.375 0.28125 0.8125001 0.25 0.8125001 0.25 0.75 0.28125 0.3125 0.25 0.3125 0.25 0.25 0.28125 0.6875001 0.28125 0.75 0.25 0.75 0.28125 0.1875 0.28125 0.25 0.25 0.25 0.28125 0.6875001 0.25 0.6875001 0.25 0.6250001 0.28125 0.1875 0.25 0.1875 0.25 0.125 0.28125 0.5625 0.28125 0.6250001 0.25 0.6250001 0.28125 0.125 0.25 0.125 0.25 0.06249994 0.28125 0.5 0.28125 0.5625 0.25 0.5625 0.28125 0.5 0.25 0.5 0.25 0.4375 0.28125 0.875 0.28125 0.9375001 0.25 0.9375001 0.28125 0.4375 0.25 0.4375 0.25 0.375 0.25 0.125 0.21875 0.125 0.21875 0.06249994 0.25 0.9375001 0.21875 0.9375001 0.21875 0.875 0.25 0.8125001 0.25 0.875 0.21875 0.875 0.25 0.8125001 0.21875 0.8125001 0.21875 0.75 0.25 0.3125 0.21875 0.3125 0.21875 0.25 0.25 0.6875001 0.25 0.75 0.21875 0.75 0.25 0.1875 0.25 0.25 0.21875 0.25 0.25 0.1875 0.21875 0.1875 0.21875 0.125 0.21875 0.125 0.1875 0.125 0.1875 0.06249994 0.21875 0.875 0.21875 0.9375001 0.1875 0.9375001 0.15625 0.9375001 0.125 0.9375001 0.125 0.9188944 0.2094472 0.25 0.2156994 0.3125 0.21875 0.3652858 0.21875 0.3652858 0.2192358 0.375 0.2210208 0.4375 0.2210208 0.4375 0.2215776 0.5 0.21875 0.3652858 0.2215776 0.5 0.2210208 0.5625 0.21875 0.6347142 0.2210208 0.5625 0.2192358 0.6250001 0.21875 0.6347142 0.21875 0.6347142 0.2156994 0.6875001 0.2094472 0.75 0.2094472 0.75 0.1980453 0.8125001 0.1875 0.8457236 0.1875 0.8457236 0.1728618 0.875 0.15625 0.8960908 0.15625 0.8960908 0.125 0.9188944 0.875 0.9188944 0.125 0.9188944 0.09375 0.9313989 0.03011459 0.9420416 0.875 0.9188944 0.9985862 0.9431552 0.9676146 0.9420416 0.09375 0.9313989 0.06735694 0.9375001 0.06225705 0.9384717 0.06225705 0.9384717 0.03011459 0.9420416 0.09375 0.9313989 0.03011459 0.9420416 0.9985862 0.9431552 0.125 0.9188944 0.9676146 0.9420416 0.9372571 0.9384717 0.90625 0.9313989 0.9372571 0.9384717 0.9326431 0.9375001 0.90625 0.9313989 0.90625 0.9313989 0.875 0.9188944 0.9676146 0.9420416 0.875 0.9188944 0.84375 0.8960908 0.15625 0.8960908 0.15625 0.8960908 0.84375 0.8960908 0.1875 0.8457236 0.84375 0.8960908 0.8271383 0.8750001 0.8125 0.8457235 0.8125 0.8457235 0.8019547 0.8125001 0.7905529 0.7500001 0.7905529 0.7500001 0.7843006 0.6875001 0.78125 0.6347139 0.78125 0.6347139 0.7807642 0.6250001 0.7789793 0.5625 0.7789793 0.5625 0.7784224 0.5 0.78125 0.6347139 0.7784224 0.5 0.7789793 0.4375 0.78125 0.3652861 0.78125 0.6347139 0.7784224 0.5 0.78125 0.3652861 0.7789793 0.4375 0.7807642 0.375 0.78125 0.3652861 0.78125 0.3652861 0.7843006 0.3124999 0.7905529 0.25 0.7905529 0.25 0.8019547 0.1874998 0.8125 0.1542765 0.8125 0.1542765 0.8271383 0.125 0.84375 0.1039093 0.84375 0.1039093 0.875 0.08110564 0.15625 0.1039092 0.875 0.08110564 0.90625 0.06860107 0.9698854 0.05795842 0.001413762 0.05684471 0.875 0.08110564 0.9698854 0.05795842 0.90625 0.06860107 0.9326431 0.06249994 0.9377429 0.06152832 0.9377429 0.06152832 0.9698854 0.05795842 0.90625 0.06860107 0.001413762 0.05684471 0.03238534 0.05795836 0.125 0.08110564 0.03238534 0.05795836 0.06274288 0.06152826 0.09375 0.06860107 0.06274288 0.06152826 0.06735694 0.06249994 0.09375 0.06860107 0.09375 0.06860107 0.125 0.08110564 0.03238534 0.05795836 0.125 0.08110564 0.15625 0.1039092 0.875 0.08110564 0.001413762 0.05684471 0.125 0.08110564 0.875 0.08110564 0.15625 0.1039092 0.1728618 0.125 0.1875 0.1542763 0.1875 0.1542763 0.1980453 0.1875 0.2094472 0.25 0.2094472 0.25 0.21875 0.3652858 0.1875 0.1542763 0.21875 0.6347142 0.21875 0.3652858 0.2215776 0.5 0.21875 0.6347142 0.2094472 0.75 0.1875 0.8457236 0.9985862 0.9431552 0.875 0.9188944 0.125 0.9188944 0.84375 0.8960908 0.8125 0.8457235 0.1875 0.8457236 0.8125 0.8457235 0.7905529 0.7500001 0.78125 0.6347139 0.78125 0.3652861 0.7905529 0.25 0.8125 0.1542765 0.78125 0.6347139 0.78125 0.3652861 0.8125 0.1542765 0.8125 0.1542765 0.84375 0.1039093 0.15625 0.1039092 0.8125 0.8457235 0.8125 0.1542765 0.1875 0.1542763 0.15625 0.1039092 0.1875 0.1542763 0.8125 0.1542765 0.21875 0.6347142 0.1875 0.1542763 0.21875 0.3652858 0.21875 0.6347142 0.1875 0.8457236 0.1875 0.1542763 0.8125 0.8457235 0.78125 0.6347139 0.8125 0.1542765 0.125 0.9375001 0.09375 0.9375001 0.09375 0.9313989 0.9372571 0.9384717 0.921875 1 0.90625 0.9375001 0.90625 0.9313989 0.90625 0.9375001 0.875 0.9375001 0.875 0.9188944 0.875 0.9375001 0.84375 0.9375001 0.8271383 0.8750001 0.84375 0.8960908 0.8125 0.8750001 0.84375 0.8960908 0.84375 0.9375001 0.8125 0.9375001 0.7905529 0.7500001 0.8019547 0.8125001 0.78125 0.8125002 0.7843006 0.3124999 0.78125 0.3124999 0.78125 0.25 0.7843006 0.6875001 0.7905529 0.7500001 0.78125 0.75 0.7905529 0.25 0.78125 0.25 0.78125 0.1874998 0.8125 0.06249988 0.8125 0.125 0.78125 0.125 0.8125 0.9375001 0.78125 0.9375001 0.78125 0.8750001 0.8019547 0.8125001 0.8125 0.8457235 0.78125 0.8125002 0.8125 0.8457235 0.8125 0.8750001 0.78125 0.8750001 0.78125 0.125 0.75 0.125 0.75 0.06249988 0.7784224 0.5 0.7789793 0.5625 0.75 0.5625 0.7784224 0.5 0.75 0.5 0.75 0.4375 0.78125 0.8750001 0.78125 0.9375001 0.75 0.9375001 0.7789793 0.4375 0.75 0.4375 0.75 0.375 0.78125 0.8125002 0.78125 0.8750001 0.75 0.8750001 0.78125 0.75 0.78125 0.8125002 0.75 0.8125 0.78125 0.3124999 0.75 0.3125001 0.75 0.25 0.78125 0.6875001 0.78125 0.75 0.75 0.7500001 0.78125 0.1874998 0.78125 0.25 0.75 0.25 0.7807642 0.6250001 0.78125 0.6347139 0.75 0.6250001 0.78125 0.6347139 0.78125 0.6875001 0.75 0.6875 0.78125 0.1874998 0.75 0.1874998 0.75 0.125 0.7789793 0.5625 0.7807642 0.6250001 0.75 0.6250001 0.75 0.3125001 0.78125 0.3124999 0.78125 0.3652861 0.78125 0.3652861 0.7807642 0.375 0.75 0.375 0.78125 0.125 0.8125 0.125 0.8125 0.1542765 0.8125 0.1542765 0.8019547 0.1874998 0.78125 0.1874998 0.8125 0.06249988 0.84375 0.06249994 0.84375 0.1039093 0.84375 0.1039093 0.8271383 0.125 0.8125 0.125 0.875 0.08110564 0.84375 0.1039093 0.84375 0.06249994 0.9372571 0.06152832 0.9326431 0.06249994 0.90625 0.06249994 0.90625 0.06860107 0.875 0.08110564 0.875 0.06249994 0.09375 0.9375001 0.078125 1 0.06274288 0.9384717 0.09375 0.06249994 0.06735694 0.06249994 0.06274288 0.06152826 0.125 0.06249994 0.125 0.08110564 0.09375 0.06860107 0.15625 0.06249994 0.1875 0.06249994 0.15625 0.1039092 0.1875 0.06249994 0.1875 0.125 0.15625 0.1039092 0.15625 0.06249994 0.15625 0.1039092 0.125 0.08110564 0.1728618 0.875 0.1875 0.875 0.15625 0.8960908 0.1875 0.875 0.1875 0.9375001 0.15625 0.8960908 0.21875 0.1875 0.21875 0.25 0.2094472 0.25 0.21875 0.8125001 0.1980453 0.8125001 0.2094472 0.75 0.21875 0.75 0.2094472 0.75 0.2156994 0.6875001 0.21875 0.25 0.21875 0.3125 0.2156994 0.3125 0.1875 0.125 0.21875 0.125 0.1875 0.1542763 0.21875 0.125 0.21875 0.1875 0.1875 0.1542763 0.1980453 0.8125001 0.21875 0.8125001 0.1875 0.8457236 0.21875 0.8125001 0.21875 0.875 0.1875 0.8457236 0.25 0.375 0.25 0.4375 0.2210208 0.4375 0.25 0.4375 0.25 0.5 0.2215776 0.5 0.25 0.6250001 0.2192358 0.6250001 0.2210208 0.5625 0.25 0.5625 0.2210208 0.5625 0.2215776 0.5 0.21875 0.3125 0.25 0.3125 0.21875 0.3652858 0.25 0.3125 0.25 0.375 0.21875 0.3652858 0.2192358 0.6250001 0.25 0.6250001 0.21875 0.6347142 0.25 0.6250001 0.25 0.6875001 0.21875 0.6347142</float_array>
          <technique_common>
            <accessor source="#Sfera-mesh-map-array" count="2130" stride="2">
              <param name="S" type="float"/>
              <param name="T" type="float"/>
            </accessor>
          </technique_common>
        </source>
        <vertices id="Sfera-mesh-vertices">
          <input semantic="POSITION" source="#Sfera-mesh-positions"/>
        </vertices>
        <triangles material="magenta_eyes-material" count="710">
          <input semantic="VERTEX" source="#Sfera-mesh-vertices" offset="0"/>
          <input semantic="NORMAL" source="#Sfera-mesh-normals" offset="1"/>
          <input semantic="TEXCOORD" source="#Sfera-mesh-map" offset="2" set="0"/>
          <p>295 0 0 20 1 1 296 2 2 2 3 3 13 4 4 3 5 5 288 6 6 81 7 7 6 8 8 265 9 9 296 2 10 20 1 11 4 10 12 13 4 13 14 11 14 289 12 15 6 8 16 7 13 17 4 10 18 15 14 19 292 15 20 0 16 21 7 13 22 8 17 23 292 15 24 16 18 25 5 19 26 290 20 27 8 17 28 9 21 29 293 22 30 16 18 31 17 23 32 290 20 33 10 24 34 1 25 35 293 22 36 18 26 37 294 27 38 291 28 39 10 24 40 11 29 41 294 27 42 19 30 43 295 0 44 2 3 45 11 29 46 12 31 47 10 24 48 26 32 49 11 29 50 19 30 51 33 33 52 34 34 53 12 31 54 26 32 55 27 35 56 19 30 57 35 36 58 20 1 59 13 4 60 27 35 61 28 37 62 6 8 63 81 7 64 21 38 65 265 9 66 20 1 67 35 36 68 13 4 69 29 39 70 14 11 71 7 13 72 21 38 73 22 40 74 14 11 75 30 41 76 15 14 77 7 13 78 23 42 79 8 17 80 16 18 81 30 41 82 31 43 83 8 17 84 24 44 85 9 21 86 17 23 87 31 43 88 32 45 89 9 21 90 25 46 91 10 24 92 18 26 93 32 45 94 33 33 95 29 39 96 45 47 97 30 41 98 22 40 99 38 48 100 23 42 101 31 43 102 45 47 103 46 49 104 23 42 105 39 50 106 24 44 107 32 45 108 46 49 109 47 51 110 24 44 111 40 52 112 25 46 113 33 33 114 47 51 115 48 53 116 25 46 117 41 54 118 26 32 119 34 34 120 48 53 121 49 55 122 27 35 123 41 54 124 42 56 125 35 36 126 49 55 127 50 57 128 28 37 129 42 56 130 43 58 131 21 38 132 81 7 133 36 59 134 265 9 135 35 36 136 50 57 137 28 37 138 44 60 139 29 39 140 21 38 141 37 61 142 22 40 143 49 55 144 63 62 145 64 63 146 42 56 147 56 64 148 57 65 149 50 57 150 64 63 151 65 66 152 43 58 153 57 65 154 58 67 155 36 59 156 81 7 157 51 68 158 265 9 159 50 57 160 65 66 161 43 58 162 59 69 163 44 60 164 36 59 165 52 70 166 37 61 167 44 60 168 60 71 169 45 47 170 37 61 171 53 72 172 38 48 173 46 49 174 60 71 175 61 73 176 38 48 177 54 74 178 39 50 179 46 49 180 62 75 181 47 51 182 40 52 183 54 74 184 55 76 185 48 53 186 62 75 187 63 62 188 40 52 189 56 64 190 41 54 191 61 73 192 75 77 193 76 78 194 53 72 195 69 79 196 54 74 197 61 73 198 77 80 199 62 75 200 55 76 201 69 79 202 70 81 203 63 62 204 77 80 205 78 82 206 55 76 207 71 83 208 56 64 209 63 62 210 79 84 211 64 63 212 57 65 213 71 83 214 72 85 215 64 63 216 80 86 217 65 66 218 58 67 219 72 85 220 73 87 221 51 68 222 81 7 223 66 88 224 265 9 225 65 66 226 80 86 227 58 67 228 74 89 229 59 69 230 52 70 231 66 88 232 67 90 233 59 69 234 75 77 235 60 71 236 53 72 237 67 90 238 68 91 239 80 86 240 95 92 241 96 93 242 73 87 243 88 94 244 89 95 245 66 88 246 81 7 247 82 96 248 265 9 249 80 86 250 96 93 251 73 87 252 90 97 253 74 89 254 66 88 255 83 98 256 67 90 257 74 89 258 91 99 259 75 77 260 67 90 261 84 100 262 68 91 263 76 78 264 91 99 265 92 101 266 68 91 267 85 102 268 69 79 269 76 78 270 93 103 271 77 80 272 70 81 273 85 102 274 86 104 275 78 82 276 93 103 277 94 105 278 70 81 279 87 106 280 71 83 281 79 84 282 94 105 283 95 92 284 72 85 285 87 106 286 88 94 287 84 100 288 100 107 289 85 102 290 92 101 291 108 108 292 93 103 293 86 104 294 100 107 295 101 109 296 94 105 297 108 108 298 109 110 299 86 104 300 102 111 301 87 106 302 94 105 303 110 112 304 95 92 305 88 94 306 102 111 307 103 113 308 96 93 309 110 112 310 111 114 311 89 95 312 103 113 313 104 115 314 82 96 315 81 7 316 97 116 317 265 9 318 96 93 319 111 114 320 89 95 321 105 117 322 90 97 323 82 96 324 98 118 325 83 98 326 90 97 327 106 119 328 91 99 329 83 98 330 99 120 331 84 100 332 92 101 333 106 119 334 107 121 335 104 115 336 118 122 337 119 123 338 97 116 339 81 7 340 112 124 341 265 9 342 111 114 343 126 125 344 104 115 345 120 126 346 105 117 347 98 118 348 112 124 349 113 127 350 105 117 351 121 128 352 106 119 353 98 118 354 114 129 355 99 120 356 107 121 357 121 128 358 122 130 359 99 120 360 115 131 361 100 107 362 107 121 363 123 132 364 108 108 365 101 109 366 115 131 367 116 133 368 109 110 369 123 132 370 124 134 371 101 109 372 117 135 373 102 111 374 109 110 375 125 136 376 110 112 377 103 113 378 117 135 379 118 122 380 110 112 381 126 125 382 111 114 383 122 130 384 138 137 385 123 132 386 116 133 387 130 138 388 131 139 389 124 134 390 138 137 391 139 140 392 116 133 393 132 141 394 117 135 395 124 134 396 140 142 397 125 136 398 118 122 399 132 141 400 133 143 401 126 125 402 140 142 403 141 144 404 119 123 405 133 143 406 134 145 407 112 124 408 81 7 409 127 146 410 265 9 411 126 125 412 141 144 413 119 123 414 135 147 415 120 126 416 112 124 417 128 148 418 113 127 419 120 126 420 136 149 421 121 128 422 113 127 423 129 150 424 114 129 425 122 130 426 136 149 427 137 151 428 114 129 429 130 138 430 115 131 431 127 146 432 81 7 433 142 152 434 265 9 435 141 144 436 156 153 437 134 145 438 150 154 439 135 147 440 128 148 441 142 152 442 143 155 443 135 147 444 151 156 445 136 149 446 129 150 447 143 155 448 144 157 449 137 151 450 151 156 451 152 158 452 129 150 453 145 159 454 130 138 455 137 151 456 153 160 457 138 137 458 131 139 459 145 159 460 146 161 461 139 140 462 153 160 463 154 162 464 131 139 465 147 163 466 132 141 467 139 140 468 155 164 469 140 142 470 133 143 471 147 163 472 148 165 473 140 142 474 156 153 475 141 144 476 134 145 477 148 165 478 149 166 479 146 161 480 160 167 481 161 168 482 154 162 483 168 169 484 169 170 485 146 161 486 162 171 487 147 163 488 155 164 489 169 170 490 170 172 491 148 165 492 162 171 493 163 173 494 156 153 495 170 172 496 171 174 497 149 166 498 163 173 499 164 175 500 142 152 501 81 7 502 157 176 503 265 9 504 156 153 505 171 174 506 149 166 507 165 177 508 150 154 509 142 152 510 158 178 511 143 155 512 150 154 513 166 179 514 151 156 515 143 155 516 159 180 517 144 157 518 152 158 519 166 179 520 167 181 521 144 157 522 160 167 523 145 159 524 152 158 525 168 169 526 153 160 527 164 175 528 180 182 529 165 177 530 157 176 531 173 183 532 158 178 533 165 177 534 181 184 535 166 179 536 159 180 537 173 183 538 174 185 539 167 181 540 181 184 541 182 186 542 159 180 543 175 187 544 160 167 545 167 181 546 183 188 547 168 169 548 161 168 549 175 187 550 176 189 551 169 170 552 183 188 553 184 190 554 161 168 555 177 191 556 162 171 557 169 170 558 185 192 559 170 172 560 163 173 561 177 191 562 178 193 563 171 174 564 185 192 565 186 194 566 164 175 567 178 193 568 179 195 569 157 176 570 81 7 571 172 196 572 265 9 573 171 174 574 186 194 575 184 190 576 198 197 577 199 198 578 176 189 579 192 199 580 177 191 581 184 190 582 200 200 583 185 192 584 178 193 585 192 199 586 193 201 587 185 192 588 201 202 589 186 194 590 179 195 591 193 201 592 194 203 593 172 196 594 81 7 595 187 204 596 265 9 597 186 194 598 201 202 599 179 195 600 195 205 601 180 182 602 173 183 603 187 204 604 188 206 605 180 182 606 196 207 607 181 184 608 174 185 609 188 206 610 189 208 611 182 186 612 196 207 613 197 209 614 174 185 615 190 210 616 175 187 617 182 186 618 198 197 619 183 188 620 176 189 621 190 210 622 191 211 623 195 205 624 211 212 625 196 207 626 188 206 627 204 213 628 189 208 629 197 209 630 211 212 631 212 214 632 189 208 633 205 215 634 190 210 635 197 209 636 213 216 637 198 197 638 191 211 639 205 215 640 206 217 641 199 198 642 213 216 643 214 218 644 191 211 645 207 219 646 192 199 647 200 200 648 214 218 649 215 220 650 193 201 651 207 219 652 208 221 653 201 202 654 215 220 655 216 222 656 194 203 657 208 221 658 209 223 659 187 204 660 81 7 661 202 224 662 265 9 663 201 202 664 216 222 665 194 203 666 210 225 667 195 205 668 187 204 669 203 226 670 188 206 671 215 220 672 229 227 673 230 228 674 208 221 675 222 229 676 223 230 677 216 222 678 230 228 679 231 231 680 209 223 681 223 230 682 224 232 683 202 224 684 81 7 685 217 233 686 265 9 687 216 222 688 231 231 689 209 223 690 225 234 691 210 225 692 202 224 693 218 235 694 203 226 695 210 225 696 226 236 697 211 212 698 203 226 699 219 237 700 204 213 701 212 214 702 226 236 703 227 238 704 204 213 705 220 239 706 205 215 707 212 214 708 228 240 709 213 216 710 206 217 711 220 239 712 221 241 713 214 218 714 228 240 715 229 227 716 206 217 717 222 229 718 207 219 719 219 237 720 233 242 721 234 243 722 227 238 723 241 244 724 242 245 725 219 237 726 235 246 727 220 239 728 227 238 729 243 247 730 228 240 731 221 241 732 235 246 733 236 248 734 229 227 735 243 247 736 244 249 737 221 241 738 237 250 739 222 229 740 229 227 741 245 251 742 230 228 743 223 230 744 237 250 745 238 252 746 230 228 747 246 253 748 231 231 749 224 232 750 238 252 751 239 254 752 217 233 753 81 7 754 232 255 755 265 9 756 231 231 757 246 253 758 224 232 759 240 256 760 225 234 761 218 235 762 232 255 763 233 242 764 225 234 765 241 244 766 226 236 767 245 251 768 256 257 769 246 253 770 232 255 771 81 7 772 247 258 773 265 9 774 246 253 775 256 257 776 232 255 777 248 259 778 233 242 779 234 243 780 248 259 781 249 260 782 234 243 783 250 261 784 235 246 785 242 245 786 253 262 787 243 247 788 236 248 789 250 261 790 251 263 791 244 249 792 253 262 793 254 264 794 244 249 795 255 265 796 245 251 797 297 266 798 251 263 799 310 267 800 255 265 801 260 268 802 256 257 803 247 258 804 81 7 805 257 269 806 265 9 807 256 257 808 260 268 809 248 259 810 257 269 811 258 270 812 257 269 813 81 7 814 261 271 815 265 9 816 260 268 817 262 272 818 304 273 819 258 270 820 315 274 821 261 271 822 81 7 823 263 275 824 265 9 825 262 272 826 264 276 827 261 271 828 316 277 829 312 278 830 263 275 831 81 7 832 266 279 833 265 9 834 264 276 835 267 280 836 305 281 837 304 273 838 330 282 839 263 275 840 318 283 841 316 277 842 318 283 843 266 279 844 321 284 845 344 285 846 81 7 847 346 286 848 346 286 849 81 7 850 348 287 851 348 287 852 81 7 853 350 288 854 350 288 855 81 7 856 352 289 857 324 290 858 323 291 859 269 292 860 352 289 861 268 293 862 325 294 863 322 295 864 325 294 865 268 293 866 268 293 867 81 7 868 270 296 869 265 9 870 269 292 871 271 297 872 322 295 873 270 296 874 326 298 875 270 296 876 81 7 877 272 299 878 265 9 879 271 297 880 273 300 881 326 298 882 272 299 883 328 301 884 272 299 885 81 7 886 274 302 887 265 9 888 273 300 889 277 303 890 275 304 891 328 301 892 274 302 893 330 282 894 333 305 895 275 304 896 332 306 897 331 307 898 276 308 899 336 309 900 335 310 901 283 311 902 337 312 903 280 313 904 281 314 905 336 309 906 284 315 907 339 316 908 340 317 909 281 314 910 282 318 911 339 316 912 285 319 913 341 320 914 334 321 915 340 317 916 282 318 917 277 303 918 286 322 919 287 323 920 274 302 921 81 7 922 278 324 923 265 9 924 277 303 925 287 323 926 274 302 927 279 325 928 275 304 929 280 313 930 330 282 931 279 325 932 286 322 933 296 2 934 287 323 935 354 326 936 2 3 937 3 5 938 278 324 939 81 7 940 288 6 941 265 9 942 287 323 943 296 2 944 354 326 945 4 10 946 356 327 947 279 325 948 288 6 949 289 12 950 356 327 951 292 15 952 342 328 953 280 313 954 289 12 955 0 16 956 281 314 957 0 16 958 290 20 959 283 311 960 293 22 961 284 315 962 282 318 963 290 20 964 1 25 965 285 319 966 293 22 967 294 27 968 291 28 969 334 321 970 1 25 971 285 319 972 295 0 973 286 322 974 355 329 975 291 28 976 2 3 977 265 9 978 351 330 979 353 331 980 265 9 981 349 332 982 351 330 983 265 9 984 347 333 985 349 332 986 265 9 987 345 334 988 347 333 989 335 310 990 292 15 991 5 19 992 331 307 993 285 319 994 286 322 995 329 335 996 276 308 997 277 303 998 327 336 999 273 300 1000 271 297 1001 353 331 1002 269 292 1003 265 9 1004 323 291 1005 271 297 1006 269 292 1007 266 279 1008 344 285 1009 321 284 1010 267 280 1011 345 334 1012 265 9 1013 267 280 1014 319 337 1015 320 338 1016 264 276 1017 319 337 1018 267 280 1019 259 339 1020 314 340 1021 313 341 1022 262 272 1023 317 342 1024 264 276 1025 257 269 1026 261 271 1027 312 278 1028 254 264 1029 309 343 1030 311 344 1031 249 260 1032 307 345 1033 250 261 1034 250 261 1035 310 267 1036 251 263 1037 253 262 1038 306 346 1039 309 343 1040 254 264 1041 311 344 1042 305 281 1043 259 339 1044 305 281 1045 314 340 1046 248 259 1047 258 270 1048 304 273 1049 241 244 1050 302 347 1051 303 348 1052 240 256 1053 301 349 1054 302 347 1055 237 250 1056 299 350 1057 238 252 1058 238 252 1059 301 349 1060 239 254 1061 241 244 1062 303 348 1063 298 351 1064 252 352 1065 298 351 1066 306 346 1067 236 248 1068 251 263 1069 297 266 1070 295 0 1071 19 30 1072 20 1 1073 2 3 1074 12 31 1075 13 4 1076 4 10 1077 3 5 1078 13 4 1079 289 12 1080 288 6 1081 6 8 1082 4 10 1083 14 11 1084 15 14 1085 0 16 1086 289 12 1087 7 13 1088 292 15 1089 15 14 1090 16 18 1091 290 20 1092 0 16 1093 8 17 1094 293 22 1095 5 19 1096 16 18 1097 290 20 1098 9 21 1099 10 24 1100 293 22 1101 17 23 1102 18 26 1103 291 28 1104 1 25 1105 10 24 1106 294 27 1107 18 26 1108 19 30 1109 2 3 1110 291 28 1111 11 29 1112 10 24 1113 25 46 1114 26 32 1115 19 30 1116 18 26 1117 33 33 1118 12 31 1119 11 29 1120 26 32 1121 19 30 1122 34 34 1123 35 36 1124 13 4 1125 12 31 1126 27 35 1127 13 4 1128 28 37 1129 29 39 1130 7 13 1131 6 8 1132 21 38 1133 14 11 1134 29 39 1135 30 41 1136 7 13 1137 22 40 1138 23 42 1139 16 18 1140 15 14 1141 30 41 1142 8 17 1143 23 42 1144 24 44 1145 17 23 1146 16 18 1147 31 43 1148 9 21 1149 24 44 1150 25 46 1151 18 26 1152 17 23 1153 32 45 1154 29 39 1155 44 60 1156 45 47 1157 22 40 1158 37 61 1159 38 48 1160 31 43 1161 30 41 1162 45 47 1163 23 42 1164 38 48 1165 39 50 1166 32 45 1167 31 43 1168 46 49 1169 24 44 1170 39 50 1171 40 52 1172 33 33 1173 32 45 1174 47 51 1175 25 46 1176 40 52 1177 41 54 1178 34 34 1179 33 33 1180 48 53 1181 27 35 1182 26 32 1183 41 54 1184 35 36 1185 34 34 1186 49 55 1187 28 37 1188 27 35 1189 42 56 1190 28 37 1191 43 58 1192 44 60 1193 21 38 1194 36 59 1195 37 61 1196 49 55 1197 48 53 1198 63 62 1199 42 56 1200 41 54 1201 56 64 1202 50 57 1203 49 55 1204 64 63 1205 43 58 1206 42 56 1207 57 65 1208 43 58 1209 58 67 1210 59 69 1211 36 59 1212 51 68 1213 52 70 1214 44 60 1215 59 69 1216 60 71 1217 37 61 1218 52 70 1219 53 72 1220 46 49 1221 45 47 1222 60 71 1223 38 48 1224 53 72 1225 54 74 1226 46 49 1227 61 73 1228 62 75 1229 40 52 1230 39 50 1231 54 74 1232 48 53 1233 47 51 1234 62 75 1235 40 52 1236 55 76 1237 56 64 1238 61 73 1239 60 71 1240 75 77 1241 53 72 1242 68 91 1243 69 79 1244 61 73 1245 76 78 1246 77 80 1247 55 76 1248 54 74 1249 69 79 1250 63 62 1251 62 75 1252 77 80 1253 55 76 1254 70 81 1255 71 83 1256 63 62 1257 78 82 1258 79 84 1259 57 65 1260 56 64 1261 71 83 1262 64 63 1263 79 84 1264 80 86 1265 58 67 1266 57 65 1267 72 85 1268 58 67 1269 73 87 1270 74 89 1271 52 70 1272 51 68 1273 66 88 1274 59 69 1275 74 89 1276 75 77 1277 53 72 1278 52 70 1279 67 90 1280 80 86 1281 79 84 1282 95 92 1283 73 87 1284 72 85 1285 88 94 1286 73 87 1287 89 95 1288 90 97 1289 66 88 1290 82 96 1291 83 98 1292 74 89 1293 90 97 1294 91 99 1295 67 90 1296 83 98 1297 84 100 1298 76 78 1299 75 77 1300 91 99 1301 68 91 1302 84 100 1303 85 102 1304 76 78 1305 92 101 1306 93 103 1307 70 81 1308 69 79 1309 85 102 1310 78 82 1311 77 80 1312 93 103 1313 70 81 1314 86 104 1315 87 106 1316 79 84 1317 78 82 1318 94 105 1319 72 85 1320 71 83 1321 87 106 1322 84 100 1323 99 120 1324 100 107 1325 92 101 1326 107 121 1327 108 108 1328 86 104 1329 85 102 1330 100 107 1331 94 105 1332 93 103 1333 108 108 1334 86 104 1335 101 109 1336 102 111 1337 94 105 1338 109 110 1339 110 112 1340 88 94 1341 87 106 1342 102 111 1343 96 93 1344 95 92 1345 110 112 1346 89 95 1347 88 94 1348 103 113 1349 89 95 1350 104 115 1351 105 117 1352 82 96 1353 97 116 1354 98 118 1355 90 97 1356 105 117 1357 106 119 1358 83 98 1359 98 118 1360 99 120 1361 92 101 1362 91 99 1363 106 119 1364 104 115 1365 103 113 1366 118 122 1367 104 115 1368 119 123 1369 120 126 1370 98 118 1371 97 116 1372 112 124 1373 105 117 1374 120 126 1375 121 128 1376 98 118 1377 113 127 1378 114 129 1379 107 121 1380 106 119 1381 121 128 1382 99 120 1383 114 129 1384 115 131 1385 107 121 1386 122 130 1387 123 132 1388 101 109 1389 100 107 1390 115 131 1391 109 110 1392 108 108 1393 123 132 1394 101 109 1395 116 133 1396 117 135 1397 109 110 1398 124 134 1399 125 136 1400 103 113 1401 102 111 1402 117 135 1403 110 112 1404 125 136 1405 126 125 1406 122 130 1407 137 151 1408 138 137 1409 116 133 1410 115 131 1411 130 138 1412 124 134 1413 123 132 1414 138 137 1415 116 133 1416 131 139 1417 132 141 1418 124 134 1419 139 140 1420 140 142 1421 118 122 1422 117 135 1423 132 141 1424 126 125 1425 125 136 1426 140 142 1427 119 123 1428 118 122 1429 133 143 1430 119 123 1431 134 145 1432 135 147 1433 112 124 1434 127 146 1435 128 148 1436 120 126 1437 135 147 1438 136 149 1439 113 127 1440 128 148 1441 129 150 1442 122 130 1443 121 128 1444 136 149 1445 114 129 1446 129 150 1447 130 138 1448 134 145 1449 149 166 1450 150 154 1451 128 148 1452 127 146 1453 142 152 1454 135 147 1455 150 154 1456 151 156 1457 129 150 1458 128 148 1459 143 155 1460 137 151 1461 136 149 1462 151 156 1463 129 150 1464 144 157 1465 145 159 1466 137 151 1467 152 158 1468 153 160 1469 131 139 1470 130 138 1471 145 159 1472 139 140 1473 138 137 1474 153 160 1475 131 139 1476 146 161 1477 147 163 1478 139 140 1479 154 162 1480 155 164 1481 133 143 1482 132 141 1483 147 163 1484 140 142 1485 155 164 1486 156 153 1487 134 145 1488 133 143 1489 148 165 1490 146 161 1491 145 159 1492 160 167 1493 154 162 1494 153 160 1495 168 169 1496 146 161 1497 161 168 1498 162 171 1499 155 164 1500 154 162 1501 169 170 1502 148 165 1503 147 163 1504 162 171 1505 156 153 1506 155 164 1507 170 172 1508 149 166 1509 148 165 1510 163 173 1511 149 166 1512 164 175 1513 165 177 1514 142 152 1515 157 176 1516 158 178 1517 150 154 1518 165 177 1519 166 179 1520 143 155 1521 158 178 1522 159 180 1523 152 158 1524 151 156 1525 166 179 1526 144 157 1527 159 180 1528 160 167 1529 152 158 1530 167 181 1531 168 169 1532 164 175 1533 179 195 1534 180 182 1535 157 176 1536 172 196 1537 173 183 1538 165 177 1539 180 182 1540 181 184 1541 159 180 1542 158 178 1543 173 183 1544 167 181 1545 166 179 1546 181 184 1547 159 180 1548 174 185 1549 175 187 1550 167 181 1551 182 186 1552 183 188 1553 161 168 1554 160 167 1555 175 187 1556 169 170 1557 168 169 1558 183 188 1559 161 168 1560 176 189 1561 177 191 1562 169 170 1563 184 190 1564 185 192 1565 163 173 1566 162 171 1567 177 191 1568 171 174 1569 170 172 1570 185 192 1571 164 175 1572 163 173 1573 178 193 1574 184 190 1575 183 188 1576 198 197 1577 176 189 1578 191 211 1579 192 199 1580 184 190 1581 199 198 1582 200 200 1583 178 193 1584 177 191 1585 192 199 1586 185 192 1587 200 200 1588 201 202 1589 179 195 1590 178 193 1591 193 201 1592 179 195 1593 194 203 1594 195 205 1595 173 183 1596 172 196 1597 187 204 1598 180 182 1599 195 205 1600 196 207 1601 174 185 1602 173 183 1603 188 206 1604 182 186 1605 181 184 1606 196 207 1607 174 185 1608 189 208 1609 190 210 1610 182 186 1611 197 209 1612 198 197 1613 176 189 1614 175 187 1615 190 210 1616 195 205 1617 210 225 1618 211 212 1619 188 206 1620 203 226 1621 204 213 1622 197 209 1623 196 207 1624 211 212 1625 189 208 1626 204 213 1627 205 215 1628 197 209 1629 212 214 1630 213 216 1631 191 211 1632 190 210 1633 205 215 1634 199 198 1635 198 197 1636 213 216 1637 191 211 1638 206 217 1639 207 219 1640 200 200 1641 199 198 1642 214 218 1643 193 201 1644 192 199 1645 207 219 1646 201 202 1647 200 200 1648 215 220 1649 194 203 1650 193 201 1651 208 221 1652 194 203 1653 209 223 1654 210 225 1655 187 204 1656 202 224 1657 203 226 1658 215 220 1659 214 218 1660 229 227 1661 208 221 1662 207 219 1663 222 229 1664 216 222 1665 215 220 1666 230 228 1667 209 223 1668 208 221 1669 223 230 1670 209 223 1671 224 232 1672 225 234 1673 202 224 1674 217 233 1675 218 235 1676 210 225 1677 225 234 1678 226 236 1679 203 226 1680 218 235 1681 219 237 1682 212 214 1683 211 212 1684 226 236 1685 204 213 1686 219 237 1687 220 239 1688 212 214 1689 227 238 1690 228 240 1691 206 217 1692 205 215 1693 220 239 1694 214 218 1695 213 216 1696 228 240 1697 206 217 1698 221 241 1699 222 229 1700 219 237 1701 218 235 1702 233 242 1703 227 238 1704 226 236 1705 241 244 1706 219 237 1707 234 243 1708 235 246 1709 227 238 1710 242 245 1711 243 247 1712 221 241 1713 220 239 1714 235 246 1715 229 227 1716 228 240 1717 243 247 1718 221 241 1719 236 248 1720 237 250 1721 229 227 1722 244 249 1723 245 251 1724 223 230 1725 222 229 1726 237 250 1727 230 228 1728 245 251 1729 246 253 1730 224 232 1731 223 230 1732 238 252 1733 224 232 1734 239 254 1735 240 256 1736 218 235 1737 217 233 1738 232 255 1739 225 234 1740 240 256 1741 241 244 1742 245 251 1743 255 265 1744 256 257 1745 232 255 1746 247 258 1747 248 259 1748 234 243 1749 233 242 1750 248 259 1751 234 243 1752 249 260 1753 250 261 1754 242 245 1755 252 352 1756 253 262 1757 236 248 1758 235 246 1759 250 261 1760 244 249 1761 243 247 1762 253 262 1763 244 249 1764 254 264 1765 255 265 1766 255 265 1767 259 339 1768 260 268 1769 248 259 1770 247 258 1771 257 269 1772 261 271 1773 263 275 1774 316 277 1775 309 343 1776 306 346 1777 298 351 1778 298 351 1779 303 348 1780 302 347 1781 302 347 1782 301 349 1783 298 351 1784 301 349 1785 299 350 1786 297 266 1787 299 350 1788 300 353 1789 297 266 1790 297 266 1791 310 267 1792 307 345 1793 307 345 1794 308 354 1795 304 273 1796 304 273 1797 315 274 1798 312 278 1799 312 278 1800 316 277 1801 326 298 1802 316 277 1803 318 283 1804 346 286 1805 326 298 1806 348 287 1807 350 288 1808 318 283 1809 321 284 1810 344 285 1811 344 285 1812 346 286 1813 318 283 1814 346 286 1815 348 287 1816 316 277 1817 350 288 1818 352 289 1819 322 295 1820 352 289 1821 325 294 1822 322 295 1823 322 295 1824 326 298 1825 350 288 1826 326 298 1827 328 301 1828 312 278 1829 312 278 1830 328 301 1831 304 273 1832 328 301 1833 333 305 1834 330 282 1835 330 282 1836 338 355 1837 337 312 1838 337 312 1839 340 317 1840 334 321 1841 334 321 1842 343 356 1843 355 329 1844 355 329 1845 354 326 1846 334 321 1847 354 326 1848 356 327 1849 335 310 1850 334 321 1851 354 326 1852 335 310 1853 356 327 1854 342 328 1855 335 310 1856 335 310 1857 336 309 1858 339 316 1859 339 316 1860 341 320 1861 331 307 1862 331 307 1863 332 306 1864 329 335 1865 329 335 1866 327 336 1867 313 341 1868 327 336 1869 323 291 1870 351 330 1871 349 332 1872 327 336 1873 351 330 1874 323 291 1875 324 290 1876 353 331 1877 353 331 1878 351 330 1879 323 291 1880 349 332 1881 347 333 1882 317 342 1883 347 333 1884 345 334 1885 319 337 1886 345 334 1887 320 338 1888 319 337 1889 319 337 1890 317 342 1891 347 333 1892 317 342 1893 313 341 1894 327 336 1895 349 332 1896 317 342 1897 327 336 1898 313 341 1899 314 340 1900 305 281 1901 305 281 1902 311 344 1903 309 343 1904 309 343 1905 298 351 1906 305 281 1907 297 266 1908 298 351 1909 301 349 1910 297 266 1911 307 345 1912 304 273 1913 348 287 1914 326 298 1915 316 277 1916 328 301 1917 330 282 1918 304 273 1919 330 282 1920 337 312 1921 334 321 1922 335 310 1923 339 316 1924 331 307 1925 334 321 1926 335 310 1927 331 307 1928 331 307 1929 329 335 1930 313 341 1931 330 282 1932 331 307 1933 305 281 1934 313 341 1935 305 281 1936 331 307 1937 297 266 1938 305 281 1939 298 351 1940 297 266 1941 304 273 1942 305 281 1943 330 282 1944 334 321 1945 331 307 1946 263 275 1947 266 279 1948 318 283 1949 352 289 1950 81 7 1951 268 293 1952 322 295 1953 268 293 1954 270 296 1955 326 298 1956 270 296 1957 272 299 1958 333 305 1959 328 301 1960 275 304 1961 328 301 1962 272 299 1963 274 302 1964 337 312 1965 338 355 1966 280 313 1967 336 309 1968 283 311 1969 284 315 1970 340 317 1971 337 312 1972 281 314 1973 339 316 1974 284 315 1975 285 319 1976 277 303 1977 276 308 1978 286 322 1979 274 302 1980 278 324 1981 279 325 1982 338 355 1983 330 282 1984 280 313 1985 330 282 1986 275 304 1987 279 325 1988 286 322 1989 295 0 1990 296 2 1991 354 326 1992 355 329 1993 2 3 1994 354 326 1995 3 5 1996 4 10 1997 279 325 1998 278 324 1999 288 6 2000 356 327 2001 4 10 2002 292 15 2003 280 313 2004 279 325 2005 289 12 2006 281 314 2007 280 313 2008 0 16 2009 283 311 2010 5 19 2011 293 22 2012 282 318 2013 281 314 2014 290 20 2015 285 319 2016 284 315 2017 293 22 2018 343 356 2019 334 321 2020 291 28 2021 334 321 2022 282 318 2023 1 25 2024 285 319 2025 294 27 2026 295 0 2027 355 329 2028 343 356 2029 291 28 2030 5 19 2031 283 311 2032 335 310 2033 335 310 2034 342 328 2035 292 15 2036 286 322 2037 276 308 2038 331 307 2039 331 307 2040 341 320 2041 285 319 2042 277 303 2043 273 300 2044 329 335 2045 329 335 2046 332 306 2047 276 308 2048 327 336 2049 329 335 2050 273 300 2051 353 331 2052 324 290 2053 269 292 2054 323 291 2055 327 336 2056 271 297 2057 266 279 2058 81 7 2059 344 285 2060 267 280 2061 320 338 2062 345 334 2063 264 276 2064 317 342 2065 319 337 2066 262 272 2067 260 268 2068 313 341 2069 260 268 2070 259 339 2071 313 341 2072 262 272 2073 313 341 2074 317 342 2075 315 274 2076 258 270 2077 312 278 2078 258 270 2079 257 269 2080 312 278 2081 254 264 2082 253 262 2083 309 343 2084 249 260 2085 308 354 2086 307 345 2087 250 261 2088 307 345 2089 310 267 2090 253 262 2091 252 352 2092 306 346 2093 259 339 2094 255 265 2095 305 281 2096 255 265 2097 254 264 2098 305 281 2099 308 354 2100 249 260 2101 304 273 2102 249 260 2103 248 259 2104 304 273 2105 241 244 2106 240 256 2107 302 347 2108 240 256 2109 239 254 2110 301 349 2111 237 250 2112 300 353 2113 299 350 2114 238 252 2115 299 350 2116 301 349 2117 252 352 2118 242 245 2119 298 351 2120 242 245 2121 241 244 2122 298 351 2123 300 353 2124 237 250 2125 297 266 2126 237 250 2127 236 248 2128 297 266 2129</p>
        </triangles>
      </mesh>
    </geometry>
    <geometry id="JULIETTE_OEIL_GA_JULI-mesh" name="JULIETTE_OEIL_GA JULI">
      <mesh>
        <source id="JULIETTE_OEIL_GA_JULI-mesh-positions">
          <float_array id="JULIETTE_OEIL_GA_JULI-mesh-positions-array" count="2370">-91.88335 -7.552389 90.36939 -70.87232 -7.416572 54.6162 -69.99855 -15.65055 55.27744 -92.66123 -15.64219 90.75672 -62.19481 -7.195431 48.86859 -55.7442 -7.608853 41.47899 -55.46046 -15.39052 43.68297 -61.06019 -15.72522 49.73125 -30.00235 -5.35475 27.32021 -27.89709 -20.15246 30.80349 16.19614 -10.73285 13.41228 15.86769 -18.74979 15.69843 46.31253 -8.945894 11.06441 46.13559 -15.58975 12.45693 78.2842 -8.096072 27.33608 77.09835 -15.70933 28.22612 95.62757 -7.484628 56.74808 95.9433 -4.755378 58.41747 96.13711 -10.65894 58.50513 100.2287 -5.372404 61.58519 108.6899 -8.092852 88.72174 102.0352 -20.78829 82.94391 98.64119 -11.83197 61.45191 100.9651 -6.430841 108.2367 99.33669 -13.23502 107.9001 103.5942 -15.89288 96.57993 98.77848 -6.380974 118.5772 97.0444 -7.949577 127.7979 96.44446 -16.73416 128.7251 98.42809 -13.34956 118.4756 93.49214 -7.552152 156.1365 84.30805 -6.149234 180.0435 83.20421 -12.8647 179.2581 92.60958 -15.79971 156.6906 61.74771 -7.204172 202.5284 61.65576 -14.94482 201.7882 34.60376 -7.752737 215.894 34.36885 -16.21927 214.1913 2.765934 -8.798628 218.6665 1.846199 -18.40729 217.7184 -27.90701 -8.645288 214.3335 -28.23946 -18.08644 213.6972 -55.4088 -7.552343 202.6263 -55.02726 -15.7999 202.1011 -77.71102 -7.4413 184.362 -76.95664 -15.23913 184.1089 -95.48902 -5.360463 153.9041 -94.87983 -13.68876 153.5445 -99.82706 -5.413429 120.2141 -99.09206 -11.54324 118.4325 -66.68833 -30.82341 59.4057 -87.74727 -31.2108 91.71329 -51.60151 -31.21618 49.0884 -57.21524 -30.91093 54.37053 -26.78841 -31.65248 33.86463 15.89198 -30.47247 20.62854 45.82131 -30.84794 18.56136 72.40545 -28.37095 30.40584 83.61484 -14.74133 38.16898 81.09862 -28.55619 41.08638 96.09195 -31.082 83.64704 92.31574 -28.4589 64.85759 79.01287 -27.01043 178.0344 87.7645 -31.21057 159.4179 59.31669 -28.347 199.1211 33.18394 -29.42948 211.2362 3.000072 -28.05893 215.309 -26.557 -24.14613 212.7422 -52.06801 -31.30256 199.3379 -72.87842 -31.53834 181.3233 -89.59339 -31.8546 151.4788 -93.50359 -32.56883 118.6735 -67.95842 -44.75404 70.11814 -81.97901 -45.85311 93.58747 -45.87435 -46.12817 54.49398 -56.9019 -46.29329 62.53093 -25.32503 -44.57316 40.0352 15.2104 -43.96752 29.03263 43.28084 -41.76932 25.83492 66.17037 -42.39043 36.86252 74.30105 -43.76501 47.05715 90.13513 -41.8202 84.24512 85.87641 -41.55022 67.18303 74.25548 -43.0032 173.6135 79.02284 -45.8529 166.5876 55.25519 -43.56999 193.1828 30.98808 -43.67295 204.9556 2.621149 -44.16477 208.1174 -25.00869 -39.55538 206.952 -47.59507 -46.17068 193.8365 -68.00227 -45.78123 177.3841 -84.07457 -45.54592 149.8875 -87 -48.08089 121.1982 -57.46551 -61.04209 76.18549 -57.07548 -54.12733 68.95938 -42.77023 -54.81082 58.85585 -41.61037 -60.67652 63.52649 -23.61475 -53.38109 44.98966 -21.44815 -59.8636 49.39388 14.23491 -51.75413 35.29438 12.20884 -57.97456 41.29703 37.95132 -49.59575 31.95339 33.85041 -55.56191 37.49439 57.56624 -48.21454 39.47772 51.52012 -58.88734 46.73465 65.97064 -50.50651 50.02925 60.62131 -60.38759 55.13095 79.9817 -51.61006 69.04301 84.78079 -51.81677 85.98752 81.72686 -58.41653 94.18622 75.15763 -59.43809 72.89775 73.76673 -46.37614 171.6111 49.78593 -55.49709 187.7607 61.31524 -55.58433 178.3857 28.24955 -56.45915 196.7845 1.573131 -57.65481 199.0966 -22.1985 -53.74961 198.8104 -44.56246 -58.84154 186.1822 -63.81478 -58.14465 171.5092 -74.10331 -59.36637 146.6464 -80.43492 -60.0619 118.7786 -77.34 -54.17823 93.09339 -74.43452 -54.17823 92.88587 -47.7115 -75.57678 81.65647 -55.97996 -78.81986 96.49295 -33.27985 -74.35166 70.52089 -15.53401 -73.99423 60.90991 11.23604 -75.30017 61.03137 25.06859 -72.60403 57.87792 38.42293 -73.89142 62.20012 44.73831 -75.48634 66.85382 61.50065 -82.09848 96.64218 56.7817 -77.50505 80.3722 81.13903 -61.59872 107.0563 61.48979 -83.56179 106.3269 81.76036 -61.12832 118.4769 83.05258 -57.75875 128.1547 61.47956 -83.05727 132.3554 61.48105 -84.73957 114.122 66.47626 -59.78033 163.2634 51.54651 -82.19407 151.0724 48.61294 -60.18613 184.3334 25.65099 -66.25845 188.8169 1.500914 -69.0351 189.108 -19.02569 -69.37106 186.1446 -39.22633 -68.57895 179.8596 -59.92881 -65.7101 167.8456 -73.53486 -64.33579 142.0539 -77.52946 -60.06189 118.571 -58.78454 -82.81267 115.3231 -37.97941 -98.2943 98.2854 -31.84105 -96.33961 88.39923 -27.88767 -100.7208 90.57904 -32.93779 -102.7098 100.4113 -22.01858 -93.99346 79.66022 -20.02192 -99.36631 82.77616 -10.97928 -93.57585 74.82204 -10.33534 -97.59641 77.28183 1.970334 -93.09719 72.55573 0.3278792 -97.83065 76.47243 13.7743 -94.00873 74.42104 11.1147 -97.96662 78.16074 22.82159 -93.89368 78.75667 20.62522 -98.37362 82.55521 26.57933 -94.38179 81.0951 23.30071 -98.46379 84.35535 34.4108 -95.73765 88.53336 40.51063 -97.46642 98.97663 35.46911 -99.97899 99.96869 31.45331 -98.36931 90.83927 41.33782 -98.77491 105.5478 36.2434 -101.2409 106.5418 41.78674 -99.79692 111.5184 40.41859 -100.7004 122.5743 34.34844 -103.7055 122.7343 36.88932 -101.9921 111.7784 35.02548 -101.771 133.7111 29.77038 -104.9044 132.7275 25.45913 -102.8485 142.6524 20.70524 -106.4779 138.6841 14.14464 -103.388 148.0798 11.38563 -107.2778 143.6592 -0.1888428 -103.5307 150.5295 0.8951709 -107.8286 145.044 -12.90929 -103.4934 148.0664 -10.11049 -107.261 144.8544 -22.38299 -103.0629 143.8214 -20.0219 -106.9861 139.8446 -31.69126 -102.5559 135.7785 -27.88763 -106.7324 132.0417 -37.97938 -101.4798 123.3337 -32.93776 -105.482 122.2095 -39.97897 -99.88705 110.8095 -34.67789 -104.0959 111.3103 -9.146221 -107.9967 139.6645 0.3942918 -107.9625 141.4453 8.898901 -107.5041 140.2913 18.22899 -106.5772 135.9405 24.90244 -105.4795 129.6611 29.37011 -104.1297 121.1548 30.83699 -102.7459 111.8388 30.18306 -102.2251 107.743 29.37061 -101.5779 102.6545 25.50045 -100.2942 94.25479 20.31839 -99.91913 89.61078 18.48678 -99.68805 87.79386 10.13472 -99.1512 83.57221 1.463021 -99.47906 82.00666 -8.254181 -99.80416 83.36591 -16.40204 -100.9613 87.37882 -23.22273 -102.4768 93.90378 -27.77471 -103.8431 102.6541 -29.17235 -105.0612 111.4851 -28.1202 -106.3221 119.9906 -23.66281 -107.3275 128.7341 -17.04741 -108.1113 135.5072 44.72009 -92.14495 141.9026 51.49191 -92.91947 126.2835 53.28688 -91.56087 112.1722 53.16376 -90.89332 105.8533 52.88372 -89.02314 97.20914 48.24068 -85.04004 82.82575 36.58379 -82.05059 71.5858 31.33974 -79.92259 67.34569 19.30794 -81.03905 66.13643 5.106009 -80.77153 65.53539 -12.10389 -82.21697 69.11472 -27.27289 -83.0885 75.18047 -39.40336 -85.61182 85.13913 -49.33542 -85.95432 97.4776 -51.84285 -89.0612 113.98 -57.30569 -83.39531 133.892 -50.17178 -90.01669 130.3177 -47.86407 -83.02112 151.5645 -39.9323 -90.55307 145.5554 -32.23503 -81.10211 163.8374 -27.73568 -88.17404 157.3516 -14.53369 -79.09046 171.8388 -14.15452 -85.23691 165.2011 3.199918 -79.53848 173.0213 0.5679047 -86.70064 165.2835 20.29076 -80.13969 170.4007 18.26012 -88.42583 161.8632 36.72425 -80.88532 163.5718 32.63333 -89.45033 155.2789 85.72805 -8.033864 37.49835 97.46553 -7.773887 56.90891 96.99259 -10.41797 57.55039 95.96118 -13.0763 56.72145 96.40843 -11.84237 61.14673 97.90554 -5.799817 61.42971 87.56017 -28.55218 52.84465 80.65592 -42.82255 56.27399 69.24993 -59.69383 63.07415 73.98934 -51.70006 58.69007 50.01768 -76.43006 71.22089 41.43597 -82.94461 74.98638 25.75317 -98.54643 86.00543 29.57719 -95.06089 83.86601 21.99732 -100.1309 91.27628 -70.62942 -64.33579 141.8463 -56.9942 -68.26203 161.0073 -38.47275 -70.68956 174.5102 -17.75099 -72.06717 180.8587 2.455689 -71.93131 183.2985 23.78181 -69.98442 182.7393 47.18709 -63.92375 178.7702 60.78501 -57.79072 174.858 72.01557 -50.55414 167.1345 86.78356 -43.15049 141.4508 79.02284 -45.8529 163.8614 83.73392 -54.68439 133.5373 90.84435 -31.60999 140.7961 87.7645 -31.21057 156.6918 92.60958 -15.79971 153.9645 93.49214 -7.552152 153.4104 -73.2749 -50.74244 81.95194 -70.36943 -50.74243 81.74442 -63.78287 -30.82341 59.19818 -65.05297 -44.75404 69.91062 -67.09307 -15.65055 55.06992 -67.96688 -7.416568 54.40868 -22.96175 -100.168 93.69022 -27.69328 -101.6385 102.5039 -16.46204 -99.07379 87.57672 -8.246649 -98.1512 83.60257 0.8763797 -97.39476 82.11759 10.13472 -97.57975 83.57221 18.48678 -98.1166 87.79386 20.31839 -98.34767 89.61078 29.37061 -100.0065 102.6545 25.11502 -98.95282 94.36908 30.18306 -100.6536 107.743 29.37061 -102.3425 121.0232 30.83699 -101.1745 111.8388 25.11503 -103.3962 129.3085 18.73193 -104.6363 135.7568 9.920509 -105.4967 140.2498 1.695869 -106.1232 141.6056 -9.130753 -106.1277 139.9197 -16.92178 -105.8322 135.822 -23.59261 -105.2325 129.1034 -28.07171 -104.0879 119.9884 -29.22476 -102.8205 111.5222 21.99731 -98.55948 91.27628 97.31909 -31.00425 95.98447 91.17667 -42.85796 95.26309 86.09659 -51.222 94.68418 97.56097 1.63283e-4 55.30261 95.47685 1.60616e-4 55.2943 96.18709 1.61525e-4 58.6948 98.34659 1.64288e-4 61.35807 100.5373 1.67091e-4 61.40933 109.753 1.78882e-4 89.20948 101.8239 1.68737e-4 108.5402 99.09932 1.65251e-4 118.6703 97.59378 1.63324e-4 126.9489 94.30031 1.5911e-4 152.903 94.30031 1.5911e-4 155.6291 85.31888 1.47619e-4 180.7628 61.83192 1.17567e-4 203.2062 34.81886 8.3003e-5 217.4532 3.608136 4.30684e-5 219.5345 -27.60258 3.13379e-6 214.9161 -55.75818 -3.28917e-5 203.1072 -78.40183 -6.18646e-5 184.5937 -96.04688 -8.44418e-5 154.2334 -100.0443 -8.95565e-5 121.2651 -92.44865 -7.98378e-5 90.18573 -71.67245 -5.32543e-5 54.01065 -70.2311 -5.14101e-5 52.70626 -64.30539 -4.3828e-5 47.40024 -54.80157 -3.16677e-5 40.0175 -28.1684 2.40982e-6 26.06937 15.88213 5.87732e-5 12.0148 46.61381 9.80948e-5 10.35678 77.86222 1.38078e-4 26.18053 86.55188 1.49196e-4 36.83124 79.4767 -24.96198 118.0099 80.10211 -25.98006 112.5555 78.64894 -26.45757 125.721 77.61513 -38.44577 135.2465 77.73119 -46.19533 133.6454 78.09932 -51.44355 128.716 78.70874 -53.08854 125.4744 79.28342 -54.34828 119.1384 79.96444 -53.41677 112.8563 80.64939 -50.16127 107.0596 80.87564 -45.84961 103.5448 81.15961 -41.27716 102.0984 80.9984 -32.74451 103.9143 80.53733 -28.26645 108.0474 -91.88335 7.552231 90.36939 -92.66129 15.64203 90.75672 -69.99858 15.65045 55.27744 -70.87236 7.416468 54.6162 -62.19482 7.195349 48.86859 -61.06023 15.72514 49.73125 -55.46049 15.39046 43.68297 -55.74423 7.608788 41.47899 -27.89714 20.15246 30.80349 -30.00237 5.354751 27.32021 15.86764 18.74991 15.69843 16.19611 10.73297 13.41228 46.13556 15.58995 12.45693 46.3125 8.946088 11.06441 77.09832 15.70961 28.22612 78.2842 8.096348 27.33608 95.62757 7.484951 56.74808 96.13708 10.65926 58.50513 95.9433 4.755702 58.41747 100.2287 5.372737 61.58519 98.64116 11.83229 61.45191 102.0351 20.78862 82.94391 108.6899 8.09321 88.72174 103.5941 15.89322 96.57993 99.33666 13.23534 107.9001 100.965 6.431178 108.2367 98.77845 6.381305 118.5772 98.42806 13.34988 118.4756 96.4444 16.73448 128.7251 97.04437 7.949903 127.7979 93.49211 7.552469 156.1365 92.60951 15.80003 156.6906 83.20418 12.86499 179.2581 84.30805 6.149527 180.0435 61.65573 14.94506 201.7882 61.74769 7.204408 202.5284 34.3688 16.21943 214.1913 34.60373 7.752903 215.894 1.846152 18.40737 217.7184 2.765911 8.798713 218.6665 -28.23951 18.08644 213.6972 -27.90704 8.645296 214.3335 -55.02729 15.79984 202.1011 -55.40883 7.552278 202.6263 -76.9567 15.23901 184.1089 -77.71105 7.441179 184.362 -94.87986 13.6886 153.5445 -95.48905 5.360296 153.9041 -99.09209 11.54306 118.4325 -99.82706 5.413251 120.2141 -87.74733 31.21064 91.71329 -66.68839 30.82332 59.4057 -57.21532 30.91086 54.37053 -51.60158 31.21612 49.0884 -26.78848 31.65249 33.86463 15.89191 30.47259 20.62854 45.82123 30.84814 18.56136 72.40536 28.37121 30.40584 81.09856 28.55647 41.08638 83.61481 14.74162 38.16898 92.31568 28.45921 64.85759 96.09189 31.08232 83.64704 87.76444 31.21087 159.4179 79.0128 27.01071 178.0344 59.31661 28.34723 199.1211 33.18386 29.42964 211.2362 2.999999 28.05901 215.309 -26.55706 24.14613 212.7422 -52.06809 31.3025 199.3379 -72.87848 31.53822 181.3233 -89.59349 31.85444 151.4788 -93.50365 32.56866 118.6735 -81.97914 45.85297 93.58747 -67.95854 44.75394 70.11814 -56.90202 46.29322 62.53093 -45.87447 46.12811 54.49398 -25.32514 44.57316 40.0352 15.21029 43.96763 29.03263 43.28073 41.7695 25.83492 66.17024 42.39067 36.86252 74.30096 43.76526 47.05715 85.87628 41.55052 67.18303 90.13501 41.82049 84.24512 79.02272 45.85318 166.5876 74.25536 43.00345 173.6135 55.25506 43.5702 193.1828 30.98797 43.67309 204.9556 2.621037 44.16485 208.1174 -25.0088 39.5554 206.952 -47.59519 46.17063 193.8365 -68.00239 45.78112 177.3841 -84.07469 45.54578 149.8875 -87.00012 48.08073 121.1982 -57.46566 61.04201 76.18549 -41.61052 60.67648 63.52649 -42.77037 54.81078 58.85585 -57.07561 54.12724 68.95938 -21.4483 59.8636 49.39388 -23.61488 53.38109 44.98966 12.20869 57.97465 41.29703 14.23478 51.75424 35.29438 33.85028 55.56206 37.49439 37.95119 49.59591 31.95339 51.51996 58.88753 46.73465 57.56612 48.21476 39.47772 60.62115 60.38781 55.13095 65.97052 50.50675 50.02925 79.98155 51.61034 69.04301 75.15748 59.43835 72.89775 81.7267 58.4168 94.18622 84.78067 51.81705 85.98752 73.7666 46.37639 171.6111 61.31509 55.58457 178.3857 49.78578 55.49728 187.7607 28.2494 56.45927 196.7845 1.572983 57.65489 199.0966 -22.19864 53.74963 198.8104 -44.56261 58.84149 186.1822 -63.81493 58.14457 171.5092 -74.10346 59.36624 146.6464 -80.43508 60.06175 118.7786 -77.34012 54.1781 93.09339 -74.43467 54.1781 92.88587 -55.98016 78.81979 96.49295 -47.71168 75.57673 81.65647 -33.28004 74.35163 70.52089 -15.5342 73.99425 60.90991 11.23585 75.30028 61.03137 25.0684 72.60416 57.87792 38.42274 73.89158 62.20012 44.73813 75.48653 66.85382 56.7815 77.50526 80.3722 61.50044 82.09871 96.64218 61.48957 83.56201 106.3269 81.13887 61.599 107.0563 81.76021 61.1286 118.4769 61.48084 84.73979 114.122 61.47935 83.0575 132.3554 83.05243 57.75903 128.1547 51.54629 82.1943 151.0724 66.47611 59.78057 163.2634 48.61279 60.18632 184.3334 25.65082 66.25858 188.8169 1.500738 69.03517 189.108 -19.02588 69.37109 186.1446 -39.22652 68.57891 179.8596 -59.92898 65.71002 167.8456 -73.53501 64.33567 142.0539 -77.52961 60.06176 118.571 -58.78476 82.81259 115.3231 -37.97966 98.2943 98.2854 -32.93805 102.7098 100.4113 -27.88793 100.7208 90.57904 -31.84129 96.33959 88.39923 -20.02218 99.36632 82.77616 -22.01883 93.99347 79.66022 -10.33559 97.59645 77.28183 -10.97952 93.57589 74.82204 0.3276289 97.83073 76.47243 1.970096 93.09726 72.55573 11.11445 97.96672 78.16074 13.77406 94.00884 74.42104 20.62497 98.37373 82.55521 22.82135 93.8938 78.75667 23.30046 98.46392 84.35535 26.57908 94.38193 81.0951 34.41055 95.73782 88.53336 31.45306 98.36945 90.83927 35.46885 99.97916 99.96869 40.51039 97.46662 98.97663 36.24314 101.241 106.5418 41.33757 98.77508 105.5478 41.7865 99.79712 111.5184 36.88906 101.9923 111.7784 34.34817 103.7057 122.7343 40.41833 100.7006 122.5743 29.77011 104.9046 132.7275 35.02522 101.7711 133.7111 20.70497 106.478 138.6841 25.45887 102.8486 142.6524 11.38536 107.2779 143.6592 14.14437 103.3881 148.0798 0.8948948 107.8287 145.044 -0.1891078 103.5308 150.5295 -10.11076 107.261 144.8544 -12.90956 103.4934 148.0664 -20.02217 106.9861 139.8446 -22.38325 103.0629 143.8214 -27.88791 106.7324 132.0417 -31.69152 102.5559 135.7785 -32.93803 105.482 122.2095 -37.97964 101.4798 123.3337 -34.67817 104.0959 111.3103 -39.97923 99.88703 110.8095 0.3940154 107.9626 141.4453 -9.146494 107.9967 139.6645 8.898628 107.5041 140.2913 18.22872 106.5773 135.9405 24.90217 105.4796 129.6611 29.36984 104.1298 121.1548 30.83674 102.7461 111.8388 29.37035 101.5781 102.6545 30.1828 102.2252 107.743 25.5002 100.2943 94.25479 18.48653 99.68819 87.79386 20.31814 99.91928 89.61078 10.13447 99.15131 83.57221 1.462766 99.47914 82.00666 -8.254438 99.80423 83.36591 -16.4023 100.9613 87.37882 -23.22299 102.4768 93.90378 -27.77498 103.8431 102.6541 -29.17262 105.0611 111.4851 -28.12048 106.3221 119.9906 -23.66308 107.3276 128.7341 -17.04769 108.1113 135.5072 51.49167 92.9197 126.2835 44.71985 92.14514 141.9026 53.28664 91.56107 112.1722 52.88349 89.02337 97.20914 53.16353 90.89355 105.8533 48.24046 85.04024 82.82575 31.33954 79.92272 67.34569 36.58358 82.05075 71.5858 19.30773 81.03919 66.13643 5.105803 80.77161 65.53539 -12.1041 82.21702 69.11472 -27.2731 83.08852 75.18047 -39.40357 85.61177 85.13913 -49.33563 85.95427 97.4776 -51.84308 89.06112 113.98 -57.30591 83.39524 133.892 -50.17201 90.01664 130.3177 -47.86429 83.02108 151.5645 -39.93252 90.55303 145.5554 -32.23522 81.10209 163.8374 -27.73591 88.17406 157.3516 -14.53389 79.0905 171.8388 -14.15473 85.23696 165.2011 3.199714 79.53856 173.0213 0.567683 86.70072 165.2835 20.29055 80.1398 170.4007 18.25989 88.42597 161.8632 36.72404 80.88549 163.5718 32.6331 89.4505 155.2789 95.96115 13.07662 56.72145 96.99256 10.41829 57.55039 97.46549 7.774214 56.90891 85.72805 8.034158 37.49835 97.90554 5.800144 61.42971 96.4084 11.84269 61.14673 87.56011 28.55248 52.84465 80.65579 42.82283 56.27399 69.24978 59.69408 63.07415 73.98919 51.70032 58.69007 50.01748 76.43025 71.22089 41.43575 82.94477 74.98638 25.75292 98.54656 86.00543 29.57695 95.06102 83.86601 21.99706 100.1311 91.27628 -70.62957 64.33567 141.8463 -56.99438 68.26194 161.0073 -38.47293 70.68954 174.5102 -17.75118 72.06719 180.8587 2.455505 71.93138 183.2985 23.78162 69.98455 182.7393 47.18693 63.92394 178.7702 60.78488 57.79094 174.858 72.01544 50.55438 167.1345 86.78343 43.15077 141.4508 83.7338 54.68467 133.5373 79.02272 45.85318 163.8614 90.84429 31.6103 140.7961 87.76444 31.21087 156.6918 92.60951 15.80003 153.9645 93.49211 7.552469 153.4104 -73.27503 50.74231 81.95194 -70.36958 50.74232 81.74442 -63.78295 30.82332 59.19818 -65.0531 44.75394 69.91062 -67.09313 15.65045 55.06992 -67.96688 7.416472 54.40868 -27.69354 101.6385 102.5039 -22.96201 100.168 93.69022 -16.46229 99.07379 87.57672 -8.246901 98.15128 83.60257 0.8761304 97.39484 82.11759 10.13447 97.57985 83.57221 18.48653 98.11671 87.79386 20.31814 98.34781 89.61078 25.11477 98.95296 94.36908 29.37035 100.0066 102.6545 30.1828 100.6538 107.743 30.83674 101.1746 111.8388 29.37035 102.3426 121.0232 25.11477 103.3963 129.3085 18.73166 104.6364 135.7568 9.920237 105.4968 140.2498 1.695597 106.1233 141.6056 -9.131025 106.1278 139.9197 -16.92206 105.8322 135.822 -23.59288 105.2326 129.1034 -28.07198 104.0879 119.9884 -29.22501 102.8205 111.5222 21.99706 98.55962 91.27628 97.31901 31.00457 95.98447 91.17655 42.85828 95.26309 86.09647 51.22227 94.68418 80.10205 25.98034 112.5555 79.47664 24.96226 118.0099 78.64888 26.45784 125.721 77.61504 38.44604 135.2465 77.73107 46.1956 133.6454 78.0992 51.44381 128.716 78.70862 53.0888 125.4744 79.2833 54.34855 119.1384 79.96429 53.41703 112.8563 80.64926 50.16153 107.0596 80.87552 45.84988 103.5448 81.15949 41.27743 102.0984 80.99834 32.7448 103.9143 80.53726 28.26673 108.0474 81.86637 40.9029 116.8591 81.60186 -40.90263 116.8591 -0.4227085 94.37069 113.201 -1.627627 -95.06802 112.3897 78.97154 31.57664 132.1679 78.39199 -31.33014 131.6083 56.51282 82.6259 141.7139 74.76427 58.7698 145.709 59.0112 70.98744 157.1679 72.26589 70.40827 130.255 65.63854 70.69786 143.7115 56.51303 -82.62567 141.7139 72.26607 -70.40801 130.255 74.76442 -58.76954 145.709 59.01138 -70.9872 157.1679 65.63873 -70.6976 143.7115 85.25874 -48.91744 137.494 81.44969 -61.36352 112.7666 83.39366 -38.53173 160.2766 93.6444 -24.17207 134.7606 71.62071 -72.93395 116.2994 82.9032 -44.50169 152.6561 75.5192 -48.20352 165.498 89.30442 -31.41028 148.7439 71.31441 -72.58025 106.6916 81.43294 -60.00762 100.6213 90.18704 -23.50514 155.3281 65.96967 -68.47158 76.63497 71.61376 -70.25751 95.4142 94.52702 -16.26693 141.3448 61.48542 -84.15068 110.2245 78.44225 -58.92731 83.54199 59.14117 -79.80176 88.50719 61.49522 -82.83013 101.4846 77.87474 -52.61926 150.3359 88.81395 -37.38024 141.1234 58.9963 -82.84147 137.0346 54.02977 -82.40987 146.3931 77.65933 -64.08338 129.2049 66.87282 -76.73264 131.3052 78.9085 -58.26414 136.9319 70.62034 -59.27494 154.4862 62.74382 -65.38377 160.2156 55.27894 -76.59064 154.1201 66.87356 -77.57379 122.1885 77.01322 -65.76816 124.366 62.32505 -70.8424 150.4397 70.20157 -64.73358 144.7102 68.9524 -70.55281 136.9832 61.07588 -76.66164 142.7127 68.79171 -69.36454 86.02458 71.46408 -71.41888 101.0529 80.38896 -48.56048 151.496 86.10381 -37.95598 150.7 91.91572 -23.83861 145.0444 71.46756 -72.7571 111.4955 66.4727 -65.05867 152.4629 73.93045 -64.40848 136.9576 58.17741 -76.62614 148.4164 63.97435 -76.69714 137.0089 71.61357 70.25775 95.4142 90.18698 23.50545 155.3281 65.96949 68.4718 76.63497 81.44954 61.3638 112.7666 71.31423 72.58051 106.6916 71.62052 72.9342 116.2994 77.87462 52.61952 150.3359 81.43279 60.0079 100.6213 82.90308 44.50197 152.6561 61.48521 84.1509 110.2245 75.51908 48.20378 165.498 85.25862 48.91772 137.494 88.81386 37.38053 141.1234 93.64434 24.17239 134.7606 93.05081 11.67625 153.6874 96.74439 12.34219 128.2615 89.30436 31.41058 148.7439 94.52696 16.26725 141.3448 61.49501 82.83036 101.4846 83.39357 38.53203 160.2766 95.26824 7.751186 140.6041 78.4421 58.92757 83.54199 59.14097 79.80199 88.50719 77.01305 65.76844 124.366 66.87336 77.57403 122.1885 68.79154 69.36478 86.02458 71.4639 71.41913 101.0529 80.38885 48.56075 151.496 86.10372 37.95628 150.7 91.91566 23.83892 145.0444 94.8976 12.00922 140.9745 71.46738 72.75736 111.4955 61.21517 83.03454 132.8532 82.61157 57.8128 129.0885 71.91337 70.42367 130.9708 83.42214 54.57482 134.4309 86.57703 43.22264 142.0468 90.76238 31.59967 141.2188 96.34241 16.70963 129.3964 96.94989 7.939333 128.4791 84.99958 48.89873 138.2388 88.6697 37.41115 141.6328 93.55239 24.15465 135.3076 96.64615 12.32448 128.9377 86.55953 -43.2285 142.0977 90.75544 -31.59846 141.2549 96.33377 -16.70718 129.4537 83.39566 -54.56516 134.5071 61.3362 -83.04481 132.6255 82.81334 -57.78793 128.6614 72.07476 -70.41637 130.6435 84.9776 -48.89683 138.3024 88.65749 -37.41348 141.6763 93.5446 -24.15282 135.3543 77.44406 -64.10214 129.6525 66.70549 -76.73059 131.6345</float_array>
          <technique_common>
            <accessor source="#JULIETTE_OEIL_GA_JULI-mesh-positions-array" count="790" stride="3">
              <param name="X" type="float"/>
              <param name="Y" type="float"/>
              <param name="Z" type="float"/>
            </accessor>
          </technique_common>
        </source>
        <source id="JULIETTE_OEIL_GA_JULI-mesh-normals">
          <float_array id="JULIETTE_OEIL_GA_JULI-mesh-normals-array" count="2388">0.7863314 0.2198257 0.577373 0.9344467 -0.03899383 -0.3539618 0.7134468 0.6512768 0.2585194 0.5152218 -0.04080456 -0.8560851 0.5465078 0.6746853 -0.496114 0.7200384 1.7602e-7 0.6939343 0.4575325 -1.07463e-6 -0.889193 0.7863265 -0.2198334 0.5773768 0.7134488 -0.6512801 0.2585055 0.934446 0.03899657 -0.3539632 0.5465028 -0.6746959 -0.496105 0.515222 0.04080367 -0.8560849 0.9128245 -3.25376e-6 -0.4083522 0.8548401 0.1634145 0.4924877 0.930713 0.1773573 0.3198716 0.9962853 0.0198459 0.08379715 0.8329602 0.1627981 0.5288424 0.9859827 0.1081158 0.1270796 0.8932815 -0.2238374 -0.3898013 0.8797853 0.08961391 -0.4668483 0.9416171 -0.2819121 -0.184073 0.9972531 0.007422506 0.07369703 0.8797913 0.2871512 0.3788292 0.8895791 0.4184526 0.1831577 0.8790467 0.4750927 0.03954786 0.9904962 -0.1373297 0.007616937 0.9642984 -0.2587676 -0.05628436 0.8795628 0.4344714 -0.1939176 0.8762789 -0.292959 0.3825055 0.8860379 -0.4250107 0.1852099 0.9958024 -0.01579773 0.09015631 0.9621361 0.2661032 -0.0590201 0.9899072 0.1416336 -0.004889726 0.8756161 -0.4814031 0.03934043 0.8702563 -0.4592255 -0.17823 0.9985451 0.02035683 0.04993402 0.9879757 -0.09067678 0.1252269 0.8512279 -0.162297 0.4990701 0.8290639 -0.1660681 0.5339237 0.9389576 0.2784315 -0.2020757 0.9291002 -0.17286 0.3269438 0.8711756 -0.07237184 -0.4856082 0.9005951 0.1689909 -0.4004629 0.851123 0.3815514 -0.3605664 0.8689768 -0.3623247 -0.337046 0.9776763 0.08873045 0.1904625 0.8273453 0.04461067 0.5599195 0.03536027 0.9903117 -0.1342849 0.8831487 0.1622988 0.4401224 -0.9214416 -0.04015147 -0.3864365 -0.5810399 -0.1231653 -0.8045018 -0.503995 -0.1894661 -0.8426693 0.9755514 -0.1193342 0.1845504 0.8300591 -0.1324612 0.5417157 0.8195245 -0.1886638 0.5410967 0.578741 -0.1384651 0.8036706 0.5803006 -0.197125 0.7901854 0.2695683 -0.1485649 0.9514523 0.2723246 -0.1919451 0.942866 -0.02411371 -0.1124144 0.9933688 -0.01692241 -0.170738 0.9851712 -0.2687175 -0.06769365 0.9608375 -0.2797111 -0.1537567 0.9476923 -0.5176406 -0.0720269 0.8525611 -0.5223341 -0.1616144 0.8372861 -0.7587164 -0.09169167 0.6449357 -0.7520111 -0.185683 0.6324566 -0.9434953 -0.1004428 0.3157975 -0.9318158 -0.1935663 0.307004 -0.9965552 -0.0595619 -0.0577079 -0.9869369 -0.143801 -0.07264298 -0.9153283 -0.1547573 -0.3717856 -0.4247837 -0.427152 -0.7981856 -0.8704092 -0.3326314 -0.3629661 0.7719962 -0.302074 0.5592615 0.9043729 -0.3669999 0.217763 0.5585753 -0.3332588 0.7595607 0.2633753 -0.3298431 0.9065523 0.002101242 -0.3154646 0.9489351 -0.2450373 -0.3014156 0.9214692 -0.4960683 -0.3342484 0.8013703 -0.7211693 -0.34333 0.601697 -0.8951584 -0.3353062 0.2937027 -0.9414651 -0.3334472 -0.04956436 -0.4112191 -0.6602822 -0.6284316 0.7018981 -0.3982211 0.5905584 0.7295967 -0.6154528 0.2981721 0.5235885 -0.479662 0.7041161 0.2435897 -0.4841352 0.8404031 -0.004252076 -0.4757495 0.8795705 -0.2306649 -0.4484869 0.8635122 -0.4467749 -0.4713748 0.7603935 -0.6758477 -0.4684324 0.5690351 -0.8375 -0.4643613 0.2880318 -0.8897227 -0.4563628 -0.01124733 -0.8557296 -0.3892241 -0.3409273 0.6415694 -0.5692164 0.5141805 0.2178665 -0.5978522 0.7714318 0.4452099 -0.5663012 0.6936073 -0.0094859 -0.6013448 0.7989334 -0.2005467 -0.5785093 0.7906377 -0.4062666 -0.5806993 0.705504 -0.6490593 -0.5563271 0.5188664 -0.8063088 -0.5090938 0.3011475 -0.5469726 -0.8295419 -0.1126116 -0.5241562 -0.7790961 -0.3439036 0.5989875 -0.5785849 0.5535824 0.4020243 -0.7199264 0.5657584 0.2040712 -0.7629587 0.6133913 0.003603875 -0.7814877 0.6239104 -0.1500594 -0.7882491 0.5967795 -0.2986925 -0.7911159 0.5337776 -0.5128122 -0.7630019 0.3935121 -0.6076328 -0.7854373 0.1177738 -0.4774776 -0.7366905 -0.4788554 -0.4448418 -0.2037104 -0.8721342 -0.3679317 -0.2306985 -0.90078 0.9781842 -0.1908093 0.08214306 0.99309 -0.09409326 0.07013368 -0.3813205 -0.4334022 -0.8165521 -0.4068004 -0.6170139 -0.6736524 0.6854906 -0.6368699 0.3528447 -0.3964006 -0.903027 -0.1655567 0.5689653 -0.7177748 0.4013453 0.3912168 -0.7816329 0.4857977 0.1860862 -0.8199352 0.5413671 -0.1238391 -0.8554172 0.5029169 0.01898294 -0.8457549 0.533234 -0.2856392 -0.851324 0.4400658 -0.4425116 -0.8430097 0.3058076 -0.4783488 -0.8729849 0.09528893 -0.3734924 -0.7884051 -0.4887955 -0.3797492 -0.8579811 -0.3459179 0.9975458 0.003728926 0.06991702 0.9857127 -2.45636e-7 0.1684355 0.8375223 1.5906e-7 0.5464032 0.5809242 0 0.8139578 0.2690947 6.34301e-7 0.9631138 -0.02562904 1.70636e-7 0.9996716 -0.2649328 2.74158e-7 0.964267 -0.5175729 -1.89581e-7 0.8556392 -0.764752 -9.3932e-7 0.6443248 -0.9469201 -2.61074e-7 0.321469 -0.9992303 -3.71249e-7 -0.03922945 -0.9261946 -5.6799e-7 -0.3770461 -0.5017713 1.73347e-5 -0.8650004 -0.9214394 0.0401507 -0.3864421 -0.9153293 0.1547543 -0.3717839 -0.503995 0.1894661 -0.8426694 0.9755548 0.1193056 0.1845514 0.9593454 0.2023195 0.1967821 0.8195241 0.1886667 0.5410963 0.580299 0.1971267 0.7901861 0.5787377 0.138467 0.8036726 0.2723239 0.1919458 0.9428662 -0.01692289 0.1707381 0.9851712 -0.02411299 0.1124145 0.9933688 -0.2797126 0.1537563 0.9476919 -0.2687177 0.06769293 0.9608374 -0.5223749 0.1615886 0.8372655 -0.5176405 0.07202565 0.8525613 -0.7520115 0.1856812 0.6324564 -0.7587167 0.09168928 0.6449357 -0.9318162 0.1935648 0.3070038 -0.9869375 0.1437984 -0.07263886 -0.9965518 0.05961 -0.05771863 -0.8704099 0.3326293 -0.3629663 -0.4247841 0.4271516 -0.7981854 0.9043719 0.3670018 0.2177644 0.7719951 0.3020756 0.5592621 0.5585604 0.3332187 0.7595891 0.2633219 0.3299322 0.9065353 0.002101719 0.3154642 0.9489352 -0.2450374 0.301415 0.9214693 -0.4960691 0.3342483 0.8013699 -0.7211702 0.3433288 0.6016967 -0.8951824 0.3352673 0.2936741 -0.9414659 0.3334448 -0.04956442 -0.8557295 0.3892228 -0.3409292 -0.4112206 0.6602809 -0.628432 0.7295954 0.6154536 0.2981736 0.7018969 0.398221 0.5905597 0.5235869 0.479663 0.7041165 0.2436571 0.4840596 0.8404271 -0.004251837 0.4757489 0.8795709 -0.2306637 0.4484863 0.8635128 -0.4467755 0.4713738 0.7603937 -0.6758551 0.4684271 0.5690308 -0.8375011 0.4643597 0.2880316 -0.889729 0.4563503 -0.01125937 0.6415693 0.569217 0.51418 0.4452081 0.5663018 0.6936079 0.2178661 0.5978533 0.7714312 -0.009486019 0.6013444 0.7989337 -0.2005478 0.5785085 0.7906382 -0.4062662 0.5806981 0.7055051 -0.6490595 0.5563257 0.5188676 -0.8063079 0.5090946 0.3011485 -0.5469747 0.8295409 -0.1126088 -0.524153 0.7790966 -0.3439073 0.5989874 0.5785853 0.5535823 0.4020248 0.7199271 0.565757 0.2040705 0.7629593 0.6133909 0.003602981 0.7814875 0.6239105 -0.1500906 0.7882458 0.5967758 -0.2986946 0.7911154 0.5337771 -0.5128136 0.7630013 0.3935115 -0.6076313 0.7854381 0.1177763 -0.4774769 0.7366895 -0.4788575 -0.4448422 0.2037124 -0.8721334 -0.5810403 0.1231635 -0.8045017 -0.367932 0.230699 -0.9007797 -0.4067992 0.6170152 -0.6736518 0.6854916 0.6368746 0.3528343 -0.3964031 0.9030257 -0.1655575 0.5689648 0.7177755 0.4013444 0.3912155 0.781634 0.4857968 0.1860835 0.8199355 0.5413675 -0.1238393 0.8554176 0.5029161 -0.2856403 0.851323 0.4400668 -0.4425128 0.8430088 0.305808 -0.373492 0.7884051 -0.4887956 -0.3797506 0.8579804 -0.3459179 0.9776797 0.08869856 0.1904597 0.8300556 0.1324627 0.5417208 0.2695693 0.148566 0.9514518 -0.9434906 0.100398 0.3158258 -0.6393851 -1.85552e-5 -0.7688868 0.9563252 -0.2795334 0.08545976 0.9593365 -0.2023532 0.1967911 0.9243044 -0.3664812 0.1065498 0.8818874 -0.4564742 0.1179234 0.7745347 -0.6213778 0.1182612 0.6295824 -0.7195088 0.2931437 0.8273159 0.04458361 0.559965 0.8832047 0.1623169 0.440003 0.9563251 0.2795334 0.08546036 0.924304 0.366482 0.1065514 0.8818866 0.4564755 0.1179249 0.7745341 0.6213773 0.1182681 0.6296152 0.7194824 0.2931381 -0.3813214 0.4334018 -0.8165518 0.01898241 0.8457551 0.5332338 -0.4783507 0.8729838 0.09528917 -0.6250794 0.6705526 0.3995436 -0.5502166 0.6784735 0.4867601 0.03541767 0.990306 -0.1343118 0.8194798 0.5700765 -0.05887222 0.78323 0.5416594 -0.3052146 -0.7511988 0.6392658 0.164437 -0.4681967 0.5147398 -0.7182165 -0.6330138 0.5647997 -0.529429 -0.2571595 0.4857562 -0.8354101 0.4922591 0.6445592 0.5849996 0.6654402 0.613744 0.4248619 -0.7542539 0.5797292 -0.3082455 -0.4850333 0.6359655 0.6002421 -0.2567701 0.6550678 0.7106022 0.03173881 0.6745208 0.7375733 0.7865606 0.5861755 0.1942188 -0.8016654 0.5940619 -0.06650531 -0.7769572 0.6280009 0.04418659 0.2767473 0.6637497 0.6948722 0.4951154 0.4894446 -0.7178473 0.2668054 0.4922299 -0.8285678 0.6681585 0.5120097 -0.5398243 -0.0197367 0.4753102 -0.879597 -0.5712667 0.6566892 0.4923554 0.2641507 -0.5027732 -0.8230697 0.4911431 -0.4985434 -0.7143061 0.04774916 -0.9896042 -0.1356604 -0.7674114 -0.6398329 0.04115623 -0.7930836 -0.6052945 -0.06809753 0.2754662 -0.6690919 0.6902424 0.03111559 -0.6809487 0.7316699 0.6637081 -0.5195703 -0.5380877 0.4902487 -0.6493542 0.5813737 0.8155978 -0.5754905 -0.0600925 0.7835397 -0.5907837 0.1924586 -0.2553798 -0.6628801 0.7038261 -0.481557 -0.6447412 0.5936427 -0.7433093 -0.6494829 0.160198 -0.0198403 -0.4869632 -0.8731971 0.7788481 -0.5480058 -0.305099 -0.2546846 -0.4982083 -0.8288091 -0.5656362 -0.6666489 0.4854225 -0.7455519 -0.5915778 -0.3069009 -0.6251937 -0.5770847 -0.5254579 -0.4626784 -0.5273287 -0.7126383 -0.6189103 -0.6796782 0.3936848 -0.5442532 -0.6882172 0.479735 0.6627902 -0.6184066 0.4222352 -0.6787551 -0.2171683 -0.7015194 -0.5872657 -0.1914732 -0.7864205 -0.5917146 -0.2877554 -0.753041 -0.3945268 -0.1756079 -0.9019482 -0.3785994 -0.2983399 -0.8761599 -0.1832088 -0.1865683 -0.9652082 -0.1843116 -0.303602 -0.9348022 0.1965996 -0.1596013 -0.9674068 0.1874172 -0.286468 -0.9395802 0.6503708 -0.1557465 -0.7434789 0.6349118 -0.2735891 -0.7225206 0.6284593 -0.1282853 -0.7671908 0.9693394 -0.2448594 0.02061343 0.8978165 -0.4111201 -0.157816 0.94642 -0.151058 0.2854306 0.8105278 -0.5068839 0.2934509 0.844754 -0.4272184 0.3222967 0.9857688 -0.05907791 0.1573843 0.890555 -0.4520829 -0.05032736 0.8681915 -0.4874994 0.09267228 -0.6669434 -0.2687081 -0.6949694 -0.5494422 -0.3963631 -0.7355335 -0.3703197 -0.3975044 -0.8395557 -0.1623028 -0.428832 -0.8886849 0.1818737 -0.4564361 -0.8709697 0.5622372 -0.429604 -0.7066327 0.7999621 -0.2873724 -0.5267615 0.7535127 -0.4067884 -0.5164706 0.8768241 -0.4547521 -0.1561416 0.847525 -0.4397637 -0.2971691 -0.6052582 -0.3934787 -0.6919806 -0.5057566 -0.4800358 -0.7167816 -0.3535886 -0.4981624 -0.7917129 -0.1357213 -0.5457823 -0.8268624 0.1581429 -0.6123148 -0.7746364 0.4585347 -0.6445252 -0.6118279 0.6051267 -0.6301133 -0.4865993 0.8567995 -0.4864314 -0.1711119 0.8157103 -0.5033733 -0.2850123 -0.5736181 -0.559 -0.5987331 -0.4715157 -0.5682407 -0.6743704 -0.4513244 -0.6129804 -0.648507 -0.3252466 -0.5785098 -0.7480249 -0.2754029 -0.6517791 -0.7066381 -0.1130473 -0.6188676 -0.777318 -0.08331799 -0.6929744 -0.7161318 0.1150323 -0.6719459 -0.7316122 0.08130365 -0.7227182 -0.6863441 0.3612524 -0.708193 -0.6065967 0.3150343 -0.7250742 -0.6123896 0.5047004 -0.6832996 -0.5276166 0.4454445 -0.7067738 -0.5495907 -0.5973835 -0.5918943 -0.5411045 -0.5527503 -0.6129825 -0.5645526 -0.6870626 -0.6329671 -0.356788 -0.4050953 -0.6317765 -0.6608754 -0.2104788 -0.6839292 -0.6985267 -0.0369994 -0.6992924 -0.7138776 0.0676375 -0.7494851 -0.6585569 0.2094199 -0.7691799 -0.6037432 0.3144428 -0.7692619 -0.5562033 -0.6176728 -0.7014068 -0.3556811 -0.5235183 -0.6260849 -0.577881 -0.3339126 -0.8379402 -0.4316927 -0.3951599 -0.5414592 -0.7420719 -0.2533119 -0.8008068 -0.542717 -0.2237643 -0.5159397 -0.8268831 -0.142001 -0.7715428 -0.620127 -0.02617245 -0.5641907 -0.8252297 -0.009002029 -0.8208053 -0.5711373 0.1667994 -0.6501796 -0.7412452 0.120297 -0.8592923 -0.4971371 0.2768311 -0.6997476 -0.6585726 0.2023794 -0.8745098 -0.4407668 0.3186601 -0.7261838 -0.6091903 0.2294029 -0.8798383 -0.416244 0.4586457 -0.8381405 -0.2952367 0.2909604 -0.9224771 -0.2537284 0.3041679 -0.8918321 -0.3348395 0.4768931 -0.8582661 -0.1896112 0.268645 -0.9453566 -0.1847459 0.5107674 -0.8560637 0.07919472 0.3046262 -0.9523882 -0.01263695 0.2878431 -0.950268 -0.1188999 0.4745147 -0.8302683 0.2923873 0.3115969 -0.9404763 0.1356896 0.3642459 -0.7910538 0.4914864 0.2344435 -0.9492642 0.2096037 0.2076634 -0.7533097 0.6240195 0.1474043 -0.9342679 0.3246774 -0.001441717 -0.7182442 0.6957896 0.02076053 -0.9259898 0.3769776 -0.2121307 -0.7169542 0.6640612 -0.1319165 -0.8946038 0.4269451 -0.3759196 -0.7301414 0.5705945 -0.2716243 -0.8975483 0.3473144 -0.5284867 -0.7541217 0.3898746 -0.3729207 -0.9063998 0.1984177 -0.6300975 -0.7651404 0.1324284 -0.4286924 -0.9026911 0.03703433 -0.6567515 -0.7463334 -0.1079999 -0.4256453 -0.8980185 -0.1113052 -0.3838671 -0.883813 -0.2674338 0.1951649 -0.7654247 -0.6132175 0.05729579 -0.74913 -0.6599406 -0.1306574 -0.7122566 -0.6896516 -0.3069246 -0.7266605 -0.6146234 -0.4396803 -0.7617179 -0.4758858 -0.5540833 -0.7731995 -0.3084711 -0.6164987 -0.7783134 -0.1189863 -0.6568703 -0.7539838 -0.005460023 -0.5720942 -0.8191554 0.04114413 -0.4319414 -0.8749401 0.2188757 -0.4835504 -0.7791407 0.3988971 -0.3828821 -0.8144606 0.435953 -0.1966279 -0.8212446 0.5356258 -0.009412288 -0.8547961 0.5188786 0.2147352 -0.8633005 0.4567289 0.391772 -0.8478462 0.3573119 0.5136035 -0.8329362 0.2059825 0.5831027 -0.8104543 0.05617034 0.6012157 -0.792681 -0.1009786 0.5352026 -0.7982455 -0.2763374 0.4757049 -0.7796669 -0.4072156 0.3590822 -0.7838873 -0.506538 0.7094686 -0.7045423 -0.01656937 0.6941089 -0.6795172 0.2376325 0.6014708 -0.785902 0.1434961 0.279164 -0.7401561 -0.6117488 0.2052077 -0.7219619 -0.6608031 0.1042804 -0.653931 -0.749333 -0.03427398 -0.5982444 -0.8005804 -0.201211 -0.5804082 -0.7890758 -0.3821231 -0.5865205 -0.7141258 -0.5342745 -0.6031776 -0.5922226 -0.6551853 -0.6621338 -0.363746 -0.7344636 -0.6726039 -0.09037327 -0.687609 -0.7188389 -0.1022964 -0.6243671 -0.7615944 0.1736085 -0.6817455 -0.7029571 0.2026685 -0.4830431 -0.7559134 0.4418871 -0.5159909 -0.729217 0.4494398 -0.3185163 -0.7237523 0.612152 -0.3065702 -0.748118 0.5885017 -0.1633441 -0.7083039 0.6867492 -0.1339968 -0.7655227 0.6293012 -0.006861865 -0.7049523 0.7092215 0.01034951 -0.7671187 0.6414219 0.1742491 -0.7155024 0.6765305 0.3485201 -0.7315682 0.5859537 0.1626325 -0.7549024 0.6353527 0.539263 -0.6922165 0.4796163 0.3430004 -0.7384659 0.5805334 0.8253013 -0.1226622 -0.5512094 0.9741935 0.1803337 0.1357457 0.8515706 -0.294464 -0.4337264 0.815368 -0.4040784 -0.4146031 0.5673404 -0.6883858 -0.4519403 0.6311681 -0.6308166 -0.4513285 0.7593077 -0.5748674 -0.3049251 0.4243138 -0.7588648 -0.4940468 0.5432897 -0.7333902 -0.4086259 0.4655418 -0.7640912 -0.4465821 0.3644548 -0.7582216 -0.5406226 0.4113862 -0.7969441 -0.4423141 0.2640473 -0.8848426 -0.3838394 0.6626284 -0.6414412 0.3866223 -0.5760412 -0.4737989 -0.6661015 0.7302256 -0.5559881 -0.397049 0.8205252 -0.5435238 -0.1769754 -0.435081 -0.803646 0.4060266 0.5091197 -0.7657188 0.3930293 0.6201168 -0.7829152 -0.04999178 0.6011166 -0.7844155 -0.1528114 0.5554225 -0.780381 -0.287248 0.3575733 -0.7553043 -0.549233 0.9794375 -0.08555489 0.182709 0.498785 -0.8620813 -0.08960711 0.8168529 -0.1882693 -0.5452578 0.913275 9.45436e-7 0.4073438 0.6132926 0 -0.7898558 0.9988517 -1.77533e-7 0.04791146 0.9517506 -3.51451e-7 0.3068726 0.9786432 1.50929e-7 0.2055665 0.987591 -0.003135621 0.1570165 -0.679071 -1.41212e-7 -0.7340726 -0.5662256 2.95602e-6 -0.8242504 -0.3675581 -2.94531e-7 -0.9300006 -0.1844251 -2.23238e-7 -0.9828466 0.2056913 0 -0.978617 0.6234053 0 -0.7818989 0.8253001 0 -0.5646944 0.794049 -0.4333423 0.4262636 0.8198835 -0.4153552 0.3940446 0.8624839 -0.5043922 -0.04135501 0.8854822 -0.3986443 0.238755 0.981129 -0.1628798 -0.1041924 0.9961725 -0.087305 -0.004278302 0.9737278 -0.2276561 -0.005189836 0.9400163 -0.3407303 -0.0165022 -0.6787525 0.2171703 -0.7015213 -0.6669424 0.2687074 -0.6949707 -0.5917133 0.2877542 -0.7530425 -0.3785996 0.2983391 -0.8761599 -0.3945267 0.1756066 -0.9019485 -0.1843142 0.3036011 -0.9348019 -0.1832078 0.1865683 -0.9652084 0.1874176 0.286468 -0.9395802 0.196606 0.1595482 -0.9674143 0.634911 0.2735913 -0.7225205 0.6284601 0.1282874 -0.7671899 0.8252989 0.1226648 -0.5512124 0.8978207 0.4111229 -0.1577853 0.8447552 0.4272201 0.3222914 0.8105276 0.5068841 0.2934512 0.9464198 0.151063 0.2854288 -0.6052616 0.3934527 -0.6919924 -0.5494425 0.3963618 -0.735534 -0.3703201 0.3975037 -0.8395557 -0.1623039 0.4288317 -0.8886849 0.1818746 0.4564378 -0.8709685 0.5622353 0.4296059 -0.7066331 0.7535109 0.4067888 -0.516473 0.8475456 0.4397222 -0.2971717 0.8768234 0.4547535 -0.1561415 -0.5760415 0.4737984 -0.6661016 -0.5057576 0.4800344 -0.7167819 -0.3535988 0.4981588 -0.7917107 -0.1357192 0.5457826 -0.8268626 0.1581425 0.6123164 -0.7746352 0.4585345 0.6445253 -0.6118279 0.6051379 0.6301371 -0.4865546 0.815709 0.5033749 -0.2850133 0.8567909 0.4864503 -0.171101 -0.4513256 0.6129794 -0.6485071 -0.4714656 0.5683179 -0.6743404 -0.5736183 0.5589997 -0.5987333 -0.2754045 0.6517781 -0.7066383 -0.325248 0.5785089 -0.748025 -0.08331698 0.6929748 -0.7161314 -0.1130488 0.6188681 -0.7773174 0.08130216 0.7227183 -0.6863442 0.1150305 0.6719464 -0.731612 0.315032 0.7250753 -0.6123895 0.445442 0.7067753 -0.5495909 0.5046985 0.6832983 -0.52762 -0.6870334 0.6330047 -0.3567774 -0.5527514 0.6129814 -0.5645527 -0.5973844 0.5918928 -0.5411052 -0.4050968 0.6317752 -0.6608758 -0.2104798 0.6839277 -0.6985279 -0.03700166 0.6992909 -0.7138789 0.06763255 0.749479 -0.6585645 0.2094191 0.7691795 -0.603744 0.3144446 0.7692599 -0.5562049 -0.7344642 0.6726031 -0.09037417 -0.6176945 0.7013548 -0.3557457 -0.3838679 0.8838126 -0.2674339 -0.3339123 0.8379396 -0.4316944 -0.5235204 0.6260831 -0.5778808 -0.2533122 0.8008068 -0.542717 -0.3951611 0.5414586 -0.7420716 -0.1420034 0.7715417 -0.6201277 -0.2237651 0.5159392 -0.8268833 -0.009002268 0.820805 -0.5711376 -0.02617371 0.5641903 -0.8252298 0.1202957 0.8592922 -0.4971377 0.1667978 0.6501804 -0.741245 0.2023764 0.8745105 -0.4407667 0.2768288 0.6997485 -0.6585726 0.2294005 0.8798382 -0.4162454 0.3041194 0.8918563 -0.3348194 0.2909584 0.9224783 -0.2537263 0.4586456 0.8381415 -0.2952345 0.26868 0.9453403 -0.1847774 0.4768919 0.8582673 -0.1896086 0.2878435 0.9502679 -0.1188994 0.3046197 0.9523903 -0.01263439 0.5107666 0.8560639 0.07919657 0.3115967 0.940477 0.1356856 0.4745146 0.8302673 0.2923902 0.2344421 0.9492649 0.2096026 0.3642204 0.7910621 0.4914917 0.1473979 0.9342704 0.3246734 0.2076138 0.7533068 0.6240398 0.02076059 0.9259894 0.3769783 -0.001470088 0.7182492 0.6957844 -0.1319186 0.8946027 0.426947 -0.2121315 0.7169513 0.6640642 -0.2716245 0.8975483 0.3473144 -0.3729215 0.9063985 0.1984221 -0.528508 0.7541054 0.3898776 -0.4286925 0.9026911 0.03703522 -0.6300992 0.7651391 0.1324282 -0.4256681 0.8980135 -0.1112595 -0.656767 0.7463268 -0.1079515 0.05729383 0.7491304 -0.6599403 0.1951572 0.7654157 -0.6132313 -0.1306375 0.7122813 -0.6896298 -0.3069244 0.7266601 -0.6146239 -0.4396893 0.7617122 -0.4758865 -0.5540682 0.7732257 -0.3084326 -0.6164954 0.7783159 -0.1189875 -0.572089 0.8191588 0.04114592 -0.6568699 0.7539843 -0.005459904 -0.431939 0.8749412 0.2188758 -0.3829169 0.8144737 0.4358982 -0.4835161 0.7791417 0.3989365 -0.1966285 0.8212453 0.5356243 -0.009413063 0.8547964 0.5188782 0.2147229 0.8633297 0.4566793 0.3917459 0.8478565 0.3573157 0.5136039 0.8329359 0.2059829 0.5831019 0.8104549 0.0561704 0.6012198 0.7926772 -0.1009827 0.5351913 0.7982479 -0.2763521 0.4756783 0.7796806 -0.4072204 0.3590839 0.7838865 -0.5065379 0.7094684 0.7045425 -0.01657038 0.6201157 0.782916 -0.04999357 0.601484 0.7858834 0.1435423 0.2052057 0.7219614 -0.6608043 0.2791612 0.7401568 -0.6117491 0.1042803 0.6539326 -0.7493315 -0.03427618 0.5982444 -0.8005803 -0.2012122 0.5804075 -0.789076 -0.3821256 0.58652 -0.7141249 -0.5342762 0.6031759 -0.5922228 -0.6552152 0.6620943 -0.363764 -0.6876102 0.7188379 -0.1022953 -0.6243675 0.7615936 0.1736102 -0.4830588 0.7559292 0.4418429 -0.6817474 0.7029551 0.2026686 -0.3185178 0.7237516 0.612152 -0.5159911 0.7292166 0.4494401 -0.1633447 0.7083039 0.686749 -0.3065722 0.748116 0.5885033 -0.006862103 0.7049522 0.7092217 -0.1339992 0.765522 0.6293014 0.1742482 0.7155026 0.6765306 0.01034957 0.7671197 0.6414207 0.3485295 0.7315802 0.5859332 0.343 0.7384667 0.5805324 0.544297 0.6900457 0.4770511 0.5090849 0.765762 0.3929898 0.9741986 -0.1803138 0.1357353 0.8515962 0.2944391 -0.4336929 0.8153374 0.4041066 -0.4146357 0.5673395 0.6883853 -0.4519419 0.6897673 0.6646328 -0.287201 0.7593206 0.5748081 -0.3050048 0.4655402 0.7640924 -0.4465819 0.5432881 0.733392 -0.4086249 0.4243136 0.7588648 -0.4940469 0.4113848 0.7969437 -0.4423159 0.3644538 0.7582227 -0.5406218 0.2640486 0.8848422 -0.3838395 0.1626305 0.7549027 0.6353529 0.6628756 0.6398008 0.3889098 0.361252 0.708193 -0.6065969 0.7302245 0.5559901 -0.3970481 0.8205246 0.543525 -0.1769746 -0.4350745 0.8036496 0.4060267 -0.3759207 0.7301412 0.5705941 0.4987849 0.862081 -0.08961021 0.601114 0.7844178 -0.1528095 0.555411 0.7804053 -0.2872045 0.3575711 0.7553057 -0.5492324 0.318661 0.7261834 -0.6091903 0.8680604 0.4877685 0.09248423 0.7999607 0.2873725 -0.5267639 0.6311669 0.6308172 -0.4513292 0.8168503 0.1882712 -0.5452611 0.6503709 0.1557481 -0.7434785 0.9693391 0.2448611 0.02061331 0.9794151 0.08571434 0.1827551 0.9860792 0.05126857 0.1581749 -0.5872652 0.1914727 -0.7864208 0.7940497 0.4333417 0.4262629 0.8198821 0.4153567 0.3940458 0.8854812 0.3986486 0.2387514 0.8624302 0.5041814 -0.04489123 0.8908318 0.4513918 -0.05161625 0.9963134 0.08573347 -0.003099381 0.9177365 -0.09384793 0.3859432 0.9177209 0.09380799 0.3859903 0.8789762 0.4195222 -0.22672 0.8787431 -0.4192895 -0.2280505 0.6490403 0.6772624 0.3465003 0.5937237 0.6434561 0.4831735 0.7169196 0.6066276 0.3435539 0.7228451 0.6123213 0.3202463 0.6466188 -0.6755753 0.3542348 0.7297323 -0.6474678 -0.2197186 0.6897669 -0.6646326 -0.2872024 0.7245081 -0.6609866 -0.1954094 0.6726943 -0.6884884 -0.2710463 0.5937231 -0.7361149 -0.3250042 0.6640996 -0.7116447 -0.229202 0.6092562 -0.7124265 -0.3482177 0.9400022 -0.3407704 -0.01647108 0.7472167 -0.659429 -0.08258843 0.7459481 -0.655943 -0.1153271 0.7454273 -0.6553285 -0.1219955 0.7051699 -0.7019398 -0.1000801 0.6935817 -0.7103781 -0.119614 0.7693369 -0.5747213 0.2789555 0.7425487 -0.5904792 0.3161578 0.8996263 -0.3704921 0.2311023 0.8434745 -0.4751791 0.2505109 0.9542797 -0.2462443 0.1694525 0.930718 -0.3093475 0.1951106 0.9749643 -0.1616259 0.1527149 0.753795 -0.656442 -0.02961587 0.7539455 -0.6550326 -0.04998636 0.7067711 -0.7017411 -0.08963352 0.7548001 -0.655702 0.01821625 0.7568506 -0.6456775 0.1013799 0.7555 -0.6174348 0.219076 0.7563805 -0.6501661 0.07192194 0.7592367 -0.610144 0.2264601 0.759833 -0.6118896 0.2196475 0.7328032 -0.6031258 0.3150216 0.5964947 -0.6483055 0.4731745 0.7142515 -0.623485 0.3179801 0.7244826 -0.6086059 0.3236107 0.5909389 -0.6477826 0.4808005 0.7061108 -0.6237168 0.3352385 0.7180714 -0.6064555 0.3414459 0.7303172 -0.6055452 0.3161518 0.734361 -0.5937886 0.3288299 0.7292444 -0.5895863 0.3472616 0.5833098 -0.6469966 0.4910653 0.6947133 -0.6236632 0.3583542 0.7087767 -0.6034392 0.3653723 0.6416787 -0.6768913 0.3606476 0.7219436 -0.5835978 0.3717676 0.6403015 -0.6784414 0.3601822 0.9858279 0.05105888 0.1598013 0.7297182 0.6474677 -0.2197657 0.6092568 0.7124261 -0.3482174 0.6726931 0.688489 -0.271048 0.5937232 0.7361153 -0.325003 0.6640976 0.7116306 -0.2292518 0.7245383 0.6609509 -0.1954181 0.6935887 0.7103637 -0.1196589 0.7459607 0.6560114 -0.114855 0.9439088 0.3289483 -0.02879816 0.7051697 0.7019401 -0.1000794 0.7472403 0.6594061 -0.08255606 0.9427142 0.3320021 -0.03262805 0.7410629 0.5922515 0.3163289 0.7694407 0.5745797 0.278961 0.8435274 0.4750838 0.250513 0.8996226 0.3704826 0.2311316 0.9307529 0.3092578 0.1950864 0.9542948 0.2461965 0.1694372 0.9745649 0.1615527 0.1553192 0.8273352 0.0445981 0.5599352 0.9866568 0.07358509 0.1452363 0.7548002 0.6557019 0.01821625 0.7539454 0.6550328 -0.04998582 0.7067708 0.7017415 -0.08963227 0.9802713 0.1955283 -0.02892708 0.9701817 0.2408595 -0.02710223 0.9879502 0.07439517 0.1357194 0.8837237 0.2938719 -0.3642414 0.9376397 0.3013204 -0.1733139 0.9625709 0.02404189 -0.2699618 0.9733385 0.2109615 -0.09004139 0.8161267 0.5170403 -0.258083 0.7563788 0.650168 0.07192194 0.755356 0.6176861 0.2188636 0.7568493 0.6456789 0.1013805 0.6945681 0.6808643 0.2323768 0.6458078 0.6764491 0.3540467 0.7337743 0.5809114 0.3523029 0.7146131 0.6231778 0.3177697 0.7691238 0.5540144 0.3186169 0.8331573 0.4646807 0.2998682 0.8786497 0.3958467 0.2669832 0.914282 0.3283752 0.2371879 0.9397262 0.2792693 0.1972901 0.9583758 0.2296946 0.1695768 0.9769394 0.1465774 0.155256 0.9877381 0.05788755 0.1449915 0.9886174 0.05576974 0.139734 0.814822 -0.5181405 -0.2599914 0.8837062 -0.2939669 -0.3642071 0.9422685 -0.2933743 -0.1614363 0.7215998 -0.6154844 0.3169744 0.8785775 -0.3960508 0.2669187 0.8330329 -0.4649243 0.2998362 0.8428512 -0.4395099 0.3105366 0.7640427 -0.5605409 0.3194257 0.9397045 -0.2793511 0.1972779 0.9142541 -0.3284821 0.2371478 0.9771269 -0.1434472 0.1569905 0.9583618 -0.2297087 0.1696367 0.7118349 -0.6273325 0.3158246 0.741311 -0.5829181 0.332663 0.7371875 -0.5771162 0.3514137 0.7311524 -0.5689701 0.3764163 0.6463649 -0.671055 0.3631774</float_array>
          <technique_common>
            <accessor source="#JULIETTE_OEIL_GA_JULI-mesh-normals-array" count="796" stride="3">
              <param name="X" type="float"/>
              <param name="Y" type="float"/>
              <param name="Z" type="float"/>
            </accessor>
          </technique_common>
        </source>
        <source id="JULIETTE_OEIL_GA_JULI-mesh-map">
          <float_array id="JULIETTE_OEIL_GA_JULI-mesh-map-array" count="9450">0.3836764 0.1350756 0.4090984 0.1578593 0.3276355 0.1719763 0.3903082 0.2078565 0.3183025 0.2080691 0.3276355 0.1719763 0.4090984 0.1578593 0.3836764 0.1350756 0.4974694 0.1226129 0.5025177 0.2063512 0.3903082 0.2078565 0.4090984 0.1578593 0.5959559 0.1412688 0.6552203 0.1780411 0.5684013 0.1633152 0.6552203 0.1780411 0.6718113 0.2119981 0.5972343 0.2092872 0.5684013 0.1633152 0.499299 0.1640042 0.4974694 0.1226129 0.5684013 0.1633152 0.5972343 0.2092872 0.5025177 0.2063512 0.7219889 0.3427526 0.8099821 0.3449661 0.8295567 0.520449 0.6125135 0.3579661 0.7219889 0.3427526 0.8295567 0.520449 0.8099821 0.3449661 0.8578298 0.3459514 0.8295567 0.520449 0.8758835 0.6649382 0.8000231 0.6976843 0.8295567 0.520449 0.9049652 0.6372925 0.8758835 0.6649382 0.8295567 0.520449 0.8578298 0.3459514 0.9680665 0.3614739 0.8295567 0.520449 0.5960699 0.4444504 0.6125135 0.3579661 0.8295567 0.520449 0.5956546 0.5309137 0.5960699 0.4444504 0.8295567 0.520449 0.6139626 0.5940057 0.5956546 0.5309137 0.8295567 0.520449 0.9680665 0.3614739 0.9761038 0.4666923 0.8295567 0.520449 0.9514341 0.5648282 0.9049652 0.6372925 0.8295567 0.520449 0.9761038 0.4666923 0.9514341 0.5648282 0.8295567 0.520449 0.6319231 0.6108527 0.6139626 0.5940057 0.8295567 0.520449 0.3953153 0.457521 0.3999747 0.5275585 0.1582877 0.5401899 0.01643848 0.492946 0.02883279 0.3689087 0.1582877 0.5401899 0.3886358 0.5943367 0.2877144 0.6934515 0.1582877 0.5401899 0.1247853 0.3585157 0.210087 0.3502665 0.1582877 0.5401899 0.312599 0.3538451 0.3781415 0.363943 0.1582877 0.5401899 0.3781415 0.363943 0.3953153 0.457521 0.1582877 0.5401899 0.03541427 0.5622622 0.01643848 0.492946 0.1582877 0.5401899 0.210087 0.3502665 0.2647218 0.3514277 0.1582877 0.5401899 0.02883279 0.3689087 0.1247853 0.3585157 0.1582877 0.5401899 0.3999747 0.5275585 0.3886358 0.5943367 0.1582877 0.5401899 0.1161512 0.6709256 0.07804614 0.6303112 0.1582877 0.5401899 0.07804614 0.6303112 0.03541427 0.5622622 0.1582877 0.5401899 0.2647218 0.3514277 0.312599 0.3538451 0.1582877 0.5401899 0.8000231 0.6976843 0.7158909 0.6864202 0.8295567 0.520449 0.7158909 0.6864202 0.6319231 0.6108527 0.8295567 0.520449 0.2877144 0.6934515 0.1936818 0.7091985 0.1582877 0.5401899 0.1936818 0.7091985 0.1161512 0.6709256 0.1582877 0.5401899 1 0 0.4999995 0 1 1 0.4999995 0 0 0 1 1 0.4090984 0.1578593 0.3903082 0.2078565 0.3276355 0.1719763 0.499299 0.1640042 0.4090984 0.1578593 0.4974694 0.1226129 0.499299 0.1640042 0.5025177 0.2063512 0.4090984 0.1578593 0.5684013 0.1633152 0.6552203 0.1780411 0.5972343 0.2092872 0.5959559 0.1412688 0.5684013 0.1633152 0.4974694 0.1226129 0.499299 0.1640042 0.5684013 0.1633152 0.5025177 0.2063512 1.292193 1.311265 1.011654 1.7186 0.9650558 1.629786 0.5486326 0.5337084 0.5923727 0.5289866 0.5925902 0.5426568 0.642695 0.5303872 0.6421918 0.5452667 0.5925902 0.5426568 0.642695 0.5303872 0.6898342 0.5319083 0.6891474 0.5487413 0.7429635 0.5358034 0.743723 0.5568662 0.6891474 0.5487413 0.8022755 0.5385919 0.8015653 0.5626509 0.743723 0.5568662 0.8022755 0.5385919 0.8715299 0.5406174 0.8688335 0.5666468 0.8715299 0.5406174 0.9616225 0.5502385 0.9550049 0.5845553 0.9616225 0.5502385 1.185647 0.5721884 1.143377 0.6417151 1.345655 0.9233261 1.287933 0.9551358 1.143377 0.6417151 1.292193 1.311265 1.216292 1.264781 1.287933 0.9551358 0.9650558 1.629786 0.8961732 1.471338 1.086398 1.210651 0.5925902 0.5426568 0.5963547 0.5722562 0.5617761 0.5855318 0.6421918 0.5452667 0.6430726 0.5716251 0.5963547 0.5722562 0.6891474 0.5487413 0.6885835 0.5754413 0.6430726 0.5716251 0.6891474 0.5487413 0.743723 0.5568662 0.7401968 0.5782256 0.743723 0.5568662 0.8015653 0.5626509 0.7968167 0.5776405 0.8015653 0.5626509 0.8688335 0.5666468 0.8565407 0.6139154 0.8688335 0.5666468 0.9550049 0.5845553 0.9309278 0.6500697 0.9550049 0.5845553 1.143377 0.6417151 1.05018 0.7533876 1.143377 0.6417151 1.287933 0.9551358 1.11847 0.9784536 1.216292 1.264781 1.086398 1.210651 1.11847 0.9784536 1.086398 1.210651 0.8961732 1.471338 0.8868369 1.309735 0.5963547 0.5722562 0.5977401 0.6076436 0.5840724 0.6143733 0.5963547 0.5722562 0.6430726 0.5716251 0.6432175 0.6046416 0.6885835 0.5754413 0.6874192 0.6068462 0.6432175 0.6046416 0.7401968 0.5782256 0.7362518 0.6166137 0.6874192 0.6068462 0.7401968 0.5782256 0.7968167 0.5776405 0.7902235 0.6179936 0.8565407 0.6139154 0.8397479 0.6594725 0.7902235 0.6179936 0.8565407 0.6139154 0.9309278 0.6500697 0.90378 0.7014529 0.9309278 0.6500697 1.05018 0.7533876 0.988019 0.8015857 1.05018 0.7533876 1.11847 0.9784536 1.015889 0.9673119 1.11847 0.9784536 1.086398 1.210651 0.990175 1.153973 0.5840724 0.6143733 0.5977401 0.6076436 0.5961076 0.6156911 0.6874192 0.6068462 0.6853677 0.6386425 0.6458778 0.6333699 0.7362518 0.6166137 0.7320444 0.6528455 0.6853677 0.6386425 0.7362518 0.6166137 0.7902235 0.6179936 0.7792116 0.6575747 0.8397479 0.6594725 0.8263154 0.7013238 0.7792116 0.6575747 0.90378 0.7014529 0.8800924 0.7460108 0.8263154 0.7013238 0.988019 0.8015857 0.9239897 0.8425824 0.8800924 0.7460108 1.015889 0.9673119 0.9493046 0.9809342 0.9239897 0.8425824 0.990175 1.153973 0.9373856 1.132724 0.9493046 0.9809342 0.6207494 0.6348592 0.6458778 0.6333699 0.6444591 0.6456272 0.6853677 0.6386425 0.6830008 0.6662392 0.6444591 0.6456272 0.7320444 0.6528455 0.7246499 0.6869 0.6830008 0.6662392 0.7320444 0.6528455 0.7792116 0.6575747 0.7634351 0.7060061 0.8263154 0.7013238 0.8067073 0.7304736 0.7634351 0.7060061 0.8263154 0.7013238 0.8800924 0.7460108 0.8611641 0.7690322 0.9239897 0.8425824 0.9102854 0.8679242 0.8611641 0.7690322 0.9239897 0.8425824 0.9493046 0.9809342 0.9102854 0.8679242 0.990175 1.153973 0.8868369 1.309735 0.9128335 1.208696 0.9819335 1.735731 0.9379749 1.642257 0.9650558 1.629786 0.5461853 0.5528034 0.5435956 0.5341703 0.5486326 0.5337084 0.9379749 1.642257 0.8733937 1.477973 0.8961732 1.471338 0.867228 1.31357 0.8868369 1.309735 0.8961732 1.471338 0.592401 0.6289464 0.5961076 0.6156911 0.6207494 0.6348592 0.9344784 0.9831836 0.9493046 0.9809342 0.9373856 1.132724 0.6174671 0.6428992 0.6207494 0.6348592 0.6444591 0.6456272 0.6412089 0.6596993 0.6444591 0.6456272 0.6830008 0.6662392 0.6811115 0.6824988 0.6830008 0.6662392 0.7246499 0.6869 0.7579231 0.7206276 0.7190843 0.7008256 0.7246499 0.6869 0.7579231 0.7206276 0.7634351 0.7060061 0.8067073 0.7304736 0.8029426 0.7472246 0.8067073 0.7304736 0.8611641 0.7690322 0.8511518 0.794592 0.8611641 0.7690322 0.9102854 0.8679242 0.9344784 0.9831836 0.8981138 0.8702618 0.9102854 0.8679242 0.8963405 1.210263 0.9128335 1.208696 0.8868369 1.309735 0.9214417 1.13381 0.9373856 1.132724 0.9128335 1.208696 0.5435956 0.5341703 0.5420175 0.5166034 0.547092 0.5166034 0.5922787 0.516602 0.5923727 0.5289866 0.5486326 0.5337084 0.64318 0.5166004 0.642695 0.5303872 0.5923727 0.5289866 0.64318 0.5166004 0.690223 0.5165992 0.6898342 0.5319083 0.7416791 0.5165975 0.7429635 0.5358034 0.6898342 0.5319083 0.8017961 0.5165959 0.8022755 0.5385919 0.7429635 0.5358034 0.8727397 0.5165939 0.8715299 0.5406174 0.8022755 0.5385919 0.8727397 0.5165939 0.9642898 0.516591 0.9616225 0.5502385 0.9642898 0.516591 1.213935 0.5165829 1.185647 0.5721884 1.402191 0.8947201 1.345655 0.9233261 1.185647 0.5721884 1.345655 0.9233261 1.402191 0.8947201 1.375062 1.351323 1.011654 1.7186 1.292193 1.311265 1.375062 1.351323 1.043452 1.825496 0.9819335 1.735731 1.011654 1.7186 1.292154 -0.2780948 1.216256 -0.2316062 0.9650112 -0.5965894 0.5486319 0.4994979 0.5511071 0.4813159 0.5925891 0.4905469 0.5925891 0.4905469 0.6421908 0.4879342 0.6426946 0.5028138 0.6426946 0.5028138 0.6421908 0.4879342 0.6891464 0.4844566 0.6891464 0.4844566 0.7437214 0.4763289 0.7429627 0.4973919 0.7437214 0.4763289 0.8015635 0.4705414 0.8022745 0.4946001 0.8022745 0.4946001 0.8015635 0.4705414 0.8688313 0.4665412 0.8715286 0.4925704 0.8688313 0.4665412 0.9550017 0.4486274 0.9616213 0.4829438 0.9550017 0.4486274 1.143371 0.3914556 1.143371 0.3914556 1.28791 0.0780282 1.345634 0.1098335 1.28791 0.0780282 1.216256 -0.2316062 1.292154 -0.2780948 1.086367 -0.1774697 0.8961359 -0.438142 0.9650112 -0.5965894 0.5617733 0.4476736 0.5963525 0.460947 0.5925891 0.4905469 0.5963525 0.460947 0.6430705 0.4615754 0.6421908 0.4879342 0.6430705 0.4615754 0.6885812 0.4577571 0.6891464 0.4844566 0.6891464 0.4844566 0.6885812 0.4577571 0.7401944 0.4549699 0.7437214 0.4763289 0.7401944 0.4549699 0.7968145 0.4555521 0.8015635 0.4705414 0.7968145 0.4555521 0.8565368 0.4192734 0.8688313 0.4665412 0.8565368 0.4192734 0.9309217 0.3831149 0.9550017 0.4486274 0.9309217 0.3831149 1.050169 0.2797902 1.143371 0.3914556 1.050169 0.2797902 1.118449 0.05472218 1.118449 0.05472218 1.086367 -0.1774697 1.216256 -0.2316062 1.086367 -0.1774697 0.9901477 -0.120787 0.8868055 -0.2765412 0.5840688 0.4188302 0.5977367 0.4255592 0.5963525 0.460947 0.5963525 0.460947 0.5977367 0.4255592 0.6432144 0.428559 0.6432144 0.428559 0.6874156 0.4263523 0.6885812 0.4577571 0.6874156 0.4263523 0.736248 0.4165821 0.7401944 0.4549699 0.7401944 0.4549699 0.736248 0.4165821 0.7902195 0.4151993 0.7902195 0.4151993 0.8397418 0.3737176 0.8565368 0.4192734 0.8565368 0.4192734 0.8397418 0.3737176 0.9037721 0.3317338 0.9309217 0.3831149 0.9037721 0.3317338 0.9880063 0.2315965 1.050169 0.2797902 0.9880063 0.2315965 1.015869 0.06587028 1.118449 0.05472218 1.015869 0.06587028 0.9901477 -0.120787 0.5840688 0.4188302 0.5961041 0.4175118 0.5977367 0.4255592 0.6458737 0.3998304 0.6853631 0.3945559 0.6874156 0.4263523 0.6853631 0.3945559 0.7320392 0.3803507 0.736248 0.4165821 0.736248 0.4165821 0.7320392 0.3803507 0.7792062 0.3756188 0.7792062 0.3756188 0.8263078 0.3318672 0.8397418 0.3737176 0.8263078 0.3318672 0.880083 0.2871775 0.9037721 0.3317338 0.880083 0.2871775 0.9239757 0.1906042 0.9880063 0.2315965 0.9239757 0.1906042 0.9492846 0.05225229 1.015869 0.06587028 0.9492846 0.05225229 0.9373604 -0.09953486 0.9901477 -0.120787 0.6207453 0.3983421 0.6444544 0.3875735 0.6458737 0.3998304 0.6444544 0.3875735 0.6829953 0.3669595 0.6853631 0.3945559 0.6829953 0.3669595 0.7246432 0.3462969 0.7320392 0.3803507 0.7320392 0.3803507 0.7246432 0.3462969 0.763428 0.327189 0.763428 0.327189 0.8066988 0.302719 0.8263078 0.3318672 0.8263078 0.3318672 0.8066988 0.302719 0.8611539 0.2641575 0.8611539 0.2641575 0.9102704 0.1652632 0.9239757 0.1906042 0.9239757 0.1906042 0.9102704 0.1652632 0.9492846 0.05225229 0.9901477 -0.120787 0.9373604 -0.09953486 0.9128054 -0.175505 0.9818847 -0.7025324 1.011605 -0.6854034 0.9650112 -0.5965894 0.9379309 -0.6090577 0.9650112 -0.5965894 0.8961359 -0.438142 0.8961359 -0.438142 0.8868055 -0.2765412 0.8671973 -0.2803755 0.6207453 0.3983421 0.5961041 0.4175118 0.5923969 0.4042567 0.9373604 -0.09953486 0.9492846 0.05225229 0.9344586 0.05000329 0.6444544 0.3875735 0.6207453 0.3983421 0.6174627 0.3903023 0.6829953 0.3669595 0.6444544 0.3875735 0.6412037 0.3735015 0.7246432 0.3462969 0.6829953 0.3669595 0.6811053 0.3506999 0.757915 0.3125677 0.763428 0.327189 0.7246432 0.3462969 0.8066988 0.302719 0.763428 0.327189 0.757915 0.3125677 0.8611539 0.2641575 0.8066988 0.302719 0.8029333 0.2859682 0.9102704 0.1652632 0.8611539 0.2641575 0.8511403 0.2385982 0.9344586 0.05000329 0.9492846 0.05225229 0.9102704 0.1652632 0.8868055 -0.2765412 0.9128054 -0.175505 0.8963126 -0.1770709 0.9128054 -0.175505 0.9373604 -0.09953486 0.9214165 -0.1006206 0.547092 0.5166034 0.5420175 0.5166034 0.5435949 0.4990364 0.5486319 0.4994979 0.5923722 0.5042172 0.5922787 0.516602 0.5923722 0.5042172 0.6426946 0.5028138 0.64318 0.5166004 0.64318 0.5166004 0.6426946 0.5028138 0.6898334 0.5012899 0.6898334 0.5012899 0.7429627 0.4973919 0.7416791 0.5165975 0.7429627 0.4973919 0.8022745 0.4946001 0.8017961 0.5165959 0.8022745 0.4946001 0.8715286 0.4925704 0.8727397 0.5165939 0.8727397 0.5165939 0.8715286 0.4925704 0.9616213 0.4829438 0.9642898 0.516591 0.9616213 0.4829438 1.185644 0.4609794 1.185644 0.4609794 1.345634 0.1098335 1.40217 0.138435 1.345634 0.1098335 1.292154 -0.2780948 1.375019 -0.3181572 1.375019 -0.3181572 1.292154 -0.2780948 1.011605 -0.6854034 1.043398 -0.792299 1.063561 -0.7752737 1.011605 -0.6854034 0.6458737 0.3998304 0.6432144 0.428559 0.5977367 0.4255592 0.6207453 0.3983421 0.6458737 0.3998304 0.5977367 0.4255592 0.5961041 0.4175118 0.6207453 0.3983421 0.5977367 0.4255592 0.5977401 0.6076436 0.6432175 0.6046416 0.6458778 0.6333699 0.5977401 0.6076436 0.6458778 0.6333699 0.6207494 0.6348592 0.5977401 0.6076436 0.6207494 0.6348592 0.5961076 0.6156911 0.5515973 0.5700206 0.5511085 0.5518904 0.5617761 0.5855318 0.5570093 0.5872378 0.5515973 0.5700206 0.5617761 0.5855318 0.5515973 0.5700206 0.5461853 0.5528034 0.5511085 0.5518904 0.568427 0.6020861 0.5617761 0.5855318 0.5840724 0.6143733 0.5798447 0.6169343 0.568427 0.6020861 0.5840724 0.6143733 0.568427 0.6020861 0.5570093 0.5872378 0.5617761 0.5855318 0.5861228 0.6229404 0.5840724 0.6143733 0.5961076 0.6156911 0.592401 0.6289464 0.5861228 0.6229404 0.5961076 0.6156911 0.5861228 0.6229404 0.5798447 0.6169343 0.5840724 0.6143733 0.5448893 0.4897199 0.5511071 0.4813159 0.5486319 0.4994979 0.5435949 0.4990364 0.5448893 0.4897199 0.5486319 0.4994979 0.5448893 0.4897199 0.5461837 0.4804033 0.5511071 0.4813159 0.5515951 0.4631855 0.5617733 0.4476736 0.5511071 0.4813159 0.5461837 0.4804033 0.5515951 0.4631855 0.5511071 0.4813159 0.5515951 0.4631855 0.5570065 0.4459677 0.5617733 0.4476736 0.5684237 0.4311185 0.5840688 0.4188302 0.5617733 0.4476736 0.5570065 0.4459677 0.5684237 0.4311185 0.5617733 0.4476736 0.5684237 0.4311185 0.5798408 0.4162694 0.5840688 0.4188302 0.5861188 0.410263 0.5961041 0.4175118 0.5840688 0.4188302 0.5798408 0.4162694 0.5861188 0.410263 0.5840688 0.4188302 0.5861188 0.410263 0.5923969 0.4042567 0.5961041 0.4175118 1.216292 1.264781 1.292193 1.311265 0.9650558 1.629786 0.5511085 0.5518904 0.5486326 0.5337084 0.5925902 0.5426568 0.5923727 0.5289866 0.642695 0.5303872 0.5925902 0.5426568 0.6421918 0.5452667 0.642695 0.5303872 0.6891474 0.5487413 0.6898342 0.5319083 0.7429635 0.5358034 0.6891474 0.5487413 0.7429635 0.5358034 0.8022755 0.5385919 0.743723 0.5568662 0.8015653 0.5626509 0.8022755 0.5385919 0.8688335 0.5666468 0.8688335 0.5666468 0.8715299 0.5406174 0.9550049 0.5845553 0.9550049 0.5845553 0.9616225 0.5502385 1.143377 0.6417151 1.185647 0.5721884 1.345655 0.9233261 1.143377 0.6417151 1.345655 0.9233261 1.292193 1.311265 1.287933 0.9551358 1.216292 1.264781 0.9650558 1.629786 1.086398 1.210651 0.5511085 0.5518904 0.5925902 0.5426568 0.5617761 0.5855318 0.5925902 0.5426568 0.6421918 0.5452667 0.5963547 0.5722562 0.6421918 0.5452667 0.6891474 0.5487413 0.6430726 0.5716251 0.6885835 0.5754413 0.6891474 0.5487413 0.7401968 0.5782256 0.7401968 0.5782256 0.743723 0.5568662 0.7968167 0.5776405 0.7968167 0.5776405 0.8015653 0.5626509 0.8565407 0.6139154 0.8565407 0.6139154 0.8688335 0.5666468 0.9309278 0.6500697 0.9309278 0.6500697 0.9550049 0.5845553 1.05018 0.7533876 1.05018 0.7533876 1.143377 0.6417151 1.11847 0.9784536 1.287933 0.9551358 1.216292 1.264781 1.11847 0.9784536 0.990175 1.153973 1.086398 1.210651 0.8868369 1.309735 0.5617761 0.5855318 0.5963547 0.5722562 0.5840724 0.6143733 0.5977401 0.6076436 0.5963547 0.5722562 0.6432175 0.6046416 0.6430726 0.5716251 0.6885835 0.5754413 0.6432175 0.6046416 0.6885835 0.5754413 0.7401968 0.5782256 0.6874192 0.6068462 0.7362518 0.6166137 0.7401968 0.5782256 0.7902235 0.6179936 0.7968167 0.5776405 0.8565407 0.6139154 0.7902235 0.6179936 0.8397479 0.6594725 0.8565407 0.6139154 0.90378 0.7014529 0.90378 0.7014529 0.9309278 0.6500697 0.988019 0.8015857 0.988019 0.8015857 1.05018 0.7533876 1.015889 0.9673119 1.015889 0.9673119 1.11847 0.9784536 0.990175 1.153973 0.6432175 0.6046416 0.6874192 0.6068462 0.6458778 0.6333699 0.6874192 0.6068462 0.7362518 0.6166137 0.6853677 0.6386425 0.7320444 0.6528455 0.7362518 0.6166137 0.7792116 0.6575747 0.7902235 0.6179936 0.8397479 0.6594725 0.7792116 0.6575747 0.8397479 0.6594725 0.90378 0.7014529 0.8263154 0.7013238 0.90378 0.7014529 0.988019 0.8015857 0.8800924 0.7460108 0.988019 0.8015857 1.015889 0.9673119 0.9239897 0.8425824 1.015889 0.9673119 0.990175 1.153973 0.9493046 0.9809342 0.6458778 0.6333699 0.6853677 0.6386425 0.6444591 0.6456272 0.6853677 0.6386425 0.7320444 0.6528455 0.6830008 0.6662392 0.7246499 0.6869 0.7320444 0.6528455 0.7634351 0.7060061 0.7792116 0.6575747 0.8263154 0.7013238 0.7634351 0.7060061 0.8067073 0.7304736 0.8263154 0.7013238 0.8611641 0.7690322 0.8800924 0.7460108 0.9239897 0.8425824 0.8611641 0.7690322 0.9373856 1.132724 0.990175 1.153973 0.9128335 1.208696 1.011654 1.7186 0.9819335 1.735731 0.9650558 1.629786 0.5511085 0.5518904 0.5461853 0.5528034 0.5486326 0.5337084 0.9650558 1.629786 0.9379749 1.642257 0.8961732 1.471338 0.8733937 1.477973 0.867228 1.31357 0.8961732 1.471338 0.6174671 0.6428992 0.592401 0.6289464 0.6207494 0.6348592 0.9214417 1.13381 0.9344784 0.9831836 0.9373856 1.132724 0.6412089 0.6596993 0.6174671 0.6428992 0.6444591 0.6456272 0.6811115 0.6824988 0.6412089 0.6596993 0.6830008 0.6662392 0.7190843 0.7008256 0.6811115 0.6824988 0.7246499 0.6869 0.7634351 0.7060061 0.7579231 0.7206276 0.7246499 0.6869 0.8029426 0.7472246 0.7579231 0.7206276 0.8067073 0.7304736 0.8511518 0.794592 0.8029426 0.7472246 0.8611641 0.7690322 0.8981138 0.8702618 0.8511518 0.794592 0.9102854 0.8679242 0.9493046 0.9809342 0.9344784 0.9831836 0.9102854 0.8679242 0.867228 1.31357 0.8963405 1.210263 0.8868369 1.309735 0.8963405 1.210263 0.9214417 1.13381 0.9128335 1.208696 0.5486326 0.5337084 0.5435956 0.5341703 0.547092 0.5166034 0.547092 0.5166034 0.5922787 0.516602 0.5486326 0.5337084 0.5922787 0.516602 0.64318 0.5166004 0.5923727 0.5289866 0.642695 0.5303872 0.64318 0.5166004 0.6898342 0.5319083 0.690223 0.5165992 0.7416791 0.5165975 0.6898342 0.5319083 0.7416791 0.5165975 0.8017961 0.5165959 0.7429635 0.5358034 0.8017961 0.5165959 0.8727397 0.5165939 0.8022755 0.5385919 0.8715299 0.5406174 0.8727397 0.5165939 0.9616225 0.5502385 0.9616225 0.5502385 0.9642898 0.516591 1.185647 0.5721884 1.213935 0.5165829 1.402191 0.8947201 1.185647 0.5721884 1.292193 1.311265 1.345655 0.9233261 1.375062 1.351323 1.063614 1.808469 1.011654 1.7186 1.375062 1.351323 1.063614 1.808469 1.043452 1.825496 1.011654 1.7186 1.011605 -0.6854034 1.292154 -0.2780948 0.9650112 -0.5965894 0.5923722 0.5042172 0.5486319 0.4994979 0.5925891 0.4905469 0.5923722 0.5042172 0.5925891 0.4905469 0.6426946 0.5028138 0.6898334 0.5012899 0.6426946 0.5028138 0.6891464 0.4844566 0.6898334 0.5012899 0.6891464 0.4844566 0.7429627 0.4973919 0.7429627 0.4973919 0.7437214 0.4763289 0.8022745 0.4946001 0.8715286 0.4925704 0.8022745 0.4946001 0.8688313 0.4665412 0.9616213 0.4829438 0.8715286 0.4925704 0.9550017 0.4486274 1.185644 0.4609794 0.9616213 0.4829438 1.143371 0.3914556 1.185644 0.4609794 1.143371 0.3914556 1.345634 0.1098335 1.345634 0.1098335 1.28791 0.0780282 1.292154 -0.2780948 1.216256 -0.2316062 1.086367 -0.1774697 0.9650112 -0.5965894 0.5511071 0.4813159 0.5617733 0.4476736 0.5925891 0.4905469 0.5925891 0.4905469 0.5963525 0.460947 0.6421908 0.4879342 0.6421908 0.4879342 0.6430705 0.4615754 0.6891464 0.4844566 0.7437214 0.4763289 0.6891464 0.4844566 0.7401944 0.4549699 0.8015635 0.4705414 0.7437214 0.4763289 0.7968145 0.4555521 0.8688313 0.4665412 0.8015635 0.4705414 0.8565368 0.4192734 0.9550017 0.4486274 0.8688313 0.4665412 0.9309217 0.3831149 1.143371 0.3914556 0.9550017 0.4486274 1.050169 0.2797902 1.28791 0.0780282 1.143371 0.3914556 1.118449 0.05472218 1.28791 0.0780282 1.118449 0.05472218 1.216256 -0.2316062 0.8961359 -0.438142 1.086367 -0.1774697 0.8868055 -0.2765412 0.5617733 0.4476736 0.5840688 0.4188302 0.5963525 0.460947 0.6430705 0.4615754 0.5963525 0.460947 0.6432144 0.428559 0.6430705 0.4615754 0.6432144 0.428559 0.6885812 0.4577571 0.6885812 0.4577571 0.6874156 0.4263523 0.7401944 0.4549699 0.7968145 0.4555521 0.7401944 0.4549699 0.7902195 0.4151993 0.7968145 0.4555521 0.7902195 0.4151993 0.8565368 0.4192734 0.9309217 0.3831149 0.8565368 0.4192734 0.9037721 0.3317338 1.050169 0.2797902 0.9309217 0.3831149 0.9880063 0.2315965 1.118449 0.05472218 1.050169 0.2797902 1.015869 0.06587028 1.086367 -0.1774697 1.118449 0.05472218 0.9901477 -0.120787 0.6432144 0.428559 0.6458737 0.3998304 0.6874156 0.4263523 0.6874156 0.4263523 0.6853631 0.3945559 0.736248 0.4165821 0.7902195 0.4151993 0.736248 0.4165821 0.7792062 0.3756188 0.7902195 0.4151993 0.7792062 0.3756188 0.8397418 0.3737176 0.8397418 0.3737176 0.8263078 0.3318672 0.9037721 0.3317338 0.9037721 0.3317338 0.880083 0.2871775 0.9880063 0.2315965 0.9880063 0.2315965 0.9239757 0.1906042 1.015869 0.06587028 1.015869 0.06587028 0.9492846 0.05225229 0.9901477 -0.120787 0.6458737 0.3998304 0.6444544 0.3875735 0.6853631 0.3945559 0.6853631 0.3945559 0.6829953 0.3669595 0.7320392 0.3803507 0.7792062 0.3756188 0.7320392 0.3803507 0.763428 0.327189 0.7792062 0.3756188 0.763428 0.327189 0.8263078 0.3318672 0.880083 0.2871775 0.8263078 0.3318672 0.8611539 0.2641575 0.880083 0.2871775 0.8611539 0.2641575 0.9239757 0.1906042 0.8868055 -0.2765412 0.9901477 -0.120787 0.9128054 -0.175505 0.9379309 -0.6090577 0.9818847 -0.7025324 0.9650112 -0.5965894 0.8733565 -0.4447754 0.9379309 -0.6090577 0.8961359 -0.438142 0.8733565 -0.4447754 0.8961359 -0.438142 0.8671973 -0.2803755 0.6174627 0.3903023 0.6207453 0.3983421 0.5923969 0.4042567 0.9214165 -0.1006206 0.9373604 -0.09953486 0.9344586 0.05000329 0.6412037 0.3735015 0.6444544 0.3875735 0.6174627 0.3903023 0.6811053 0.3506999 0.6829953 0.3669595 0.6412037 0.3735015 0.7190774 0.3323715 0.7246432 0.3462969 0.6811053 0.3506999 0.7190774 0.3323715 0.757915 0.3125677 0.7246432 0.3462969 0.8029333 0.2859682 0.8066988 0.302719 0.757915 0.3125677 0.8511403 0.2385982 0.8611539 0.2641575 0.8029333 0.2859682 0.8980986 0.1629263 0.9102704 0.1652632 0.8511403 0.2385982 0.8980986 0.1629263 0.9344586 0.05000329 0.9102704 0.1652632 0.8671973 -0.2803755 0.8868055 -0.2765412 0.8963126 -0.1770709 0.8963126 -0.1770709 0.9128054 -0.175505 0.9214165 -0.1006206 0.5486319 0.4994979 0.547092 0.5166034 0.5435949 0.4990364 0.547092 0.5166034 0.5486319 0.4994979 0.5922787 0.516602 0.5922787 0.516602 0.5923722 0.5042172 0.64318 0.5166004 0.690223 0.5165992 0.64318 0.5166004 0.6898334 0.5012899 0.690223 0.5165992 0.6898334 0.5012899 0.7416791 0.5165975 0.7416791 0.5165975 0.7429627 0.4973919 0.8017961 0.5165959 0.8017961 0.5165959 0.8022745 0.4946001 0.8727397 0.5165939 0.9642898 0.516591 0.8727397 0.5165939 0.9616213 0.4829438 1.213935 0.5165829 0.9642898 0.516591 1.185644 0.4609794 1.213935 0.5165829 1.185644 0.4609794 1.40217 0.138435 1.40217 0.138435 1.345634 0.1098335 1.375019 -0.3181572 1.063561 -0.7752737 1.375019 -0.3181572 1.011605 -0.6854034 0.9818847 -0.7025324 1.043398 -0.792299 1.011605 -0.6854034 0.8390445 0.8084658 0.7870682 0.849638 0.4866871 0.4900097 0.04640191 0.4170608 0.08597958 0.293077 0.4866871 0.4900097 0.9176484 0.691435 0.8390445 0.8084658 0.4866871 0.4900097 0.8238617 0.1707256 0.9049976 0.2821048 0.4866871 0.4900097 0.7024 0.08372634 0.8238617 0.1707256 0.4866871 0.4900097 0.1663279 0.8125672 0.08830082 0.7016888 0.4866871 0.4900097 0.9049976 0.2821048 0.9522667 0.4149733 0.4866871 0.4900097 0.6847355 0.9213052 0.5475755 0.9563859 0.4866871 0.4900097 0.5475755 0.9563859 0.4063103 0.9478176 0.4866871 0.4900097 0.08830082 0.7016888 0.04339385 0.556032 0.4866871 0.4900097 0.9566061 0.5559186 0.939317 0.6163817 0.4866871 0.4900097 0.4063103 0.9478176 0.2758231 0.897187 0.4866871 0.4900097 0.2758231 0.897187 0.1663279 0.8125672 0.4866871 0.4900097 0.2925111 0.08538556 0.4183002 0.04338383 0.4866871 0.4900097 0.939317 0.6163817 0.9176484 0.691435 0.4866871 0.4900097 0.04339385 0.556032 0.04640191 0.4170608 0.4866871 0.4900097 0.9522667 0.4149733 0.9566061 0.5559186 0.4866871 0.4900097 0.1762243 0.168367 0.2925111 0.08538556 0.4866871 0.4900097 0.4183002 0.04338383 0.58322 0.04338383 0.4866871 0.4900097 0.08597958 0.293077 0.1762243 0.168367 0.4866871 0.4900097 0.58322 0.04338383 0.7024 0.08372634 0.4866871 0.4900097 0.7371869 0.8867527 0.6847355 0.9213052 0.4866871 0.4900097 0.7870682 0.849638 0.7371869 0.8867527 0.4866871 0.4900097 0.08442693 0.6971001 0.04561716 0.5705484 0.4814799 0.4728427 0.8536795 0.7857257 0.8135128 0.8366686 0.4814799 0.4728427 0.6941057 0.08482557 0.811036 0.1606595 0.4814799 0.4728427 0.04561716 0.5705484 0.04561722 0.4279997 0.4814799 0.4728427 0.5619789 0.04560548 0.6941057 0.08482557 0.4814799 0.4728427 0.1720408 0.1783871 0.2829129 0.09528332 0.4814799 0.4728427 0.9002069 0.2697432 0.9517845 0.4008821 0.4814799 0.4728427 0.901789 0.7242439 0.8536795 0.7857257 0.4814799 0.4728427 0.1801155 0.8311297 0.08442693 0.6971001 0.4814799 0.4728427 0.811036 0.1606595 0.9002069 0.2697432 0.4814799 0.4728427 0.04561722 0.4279997 0.09449058 0.2824363 0.4814799 0.4728427 0.2820357 0.9046431 0.1801155 0.8311297 0.4814799 0.4728427 0.9517845 0.4008821 0.9543828 0.4633969 0.4814799 0.4728427 0.8135128 0.8366686 0.69646 0.9152045 0.4814799 0.4728427 0.5609921 0.9541388 0.4233025 0.9528449 0.4814799 0.4728427 0.69646 0.9152045 0.5609921 0.9541388 0.4814799 0.4728427 0.9505699 0.5920643 0.901789 0.7242439 0.4814799 0.4728427 0.9543828 0.4633969 0.9534372 0.5258594 0.4814799 0.4728427 0.4233025 0.9528449 0.2820357 0.9046431 0.4814799 0.4728427 0.2829129 0.09528332 0.4269211 0.04698985 0.4814799 0.4728427 0.09449058 0.2824363 0.1720408 0.1783871 0.4814799 0.4728427 0.4269211 0.04698985 0.5619789 0.04560548 0.4814799 0.4728427 0.9534372 0.5258594 0.9505699 0.5920643 0.4814799 0.4728427 0.9013661 1.789728 0.7888323 1.831137 0.7850721 1.721698 0.4427017 1.84717 0.4793822 1.647114 0.7850721 1.721698 0.03663676 1.436194 0.1140351 1.375942 0.4793822 1.647114 0.03663676 1.436194 -0.09758937 1.053053 -0.023355 1.051976 -0.09758937 1.053053 0.03538268 0.6326433 0.08574169 0.7046353 0.2966778 0.5382292 0.3151248 0.5338101 0.3017852 0.5654892 0.3710284 0.5297878 0.3723449 0.5339123 0.3216658 0.541305 0.4199662 0.5301895 0.4242905 0.5355136 0.398666 0.5313954 0.8634213 1.683126 0.7850721 1.721698 0.7479913 1.530182 0.4793822 1.647114 0.5093594 1.516391 0.7479913 1.530182 0.4793822 1.647114 0.1140351 1.375942 0.2116323 1.298639 0.1140351 1.375942 -0.023355 1.051976 0.1222286 1.040129 -0.023355 1.051976 0.08574169 0.7046353 0.1554878 0.7982885 0.08574169 0.7046353 0.1566839 0.640189 0.2118301 0.7270599 0.3017852 0.5654892 0.3103353 0.5908285 0.3184608 0.6527242 0.8099568 1.507975 0.7479913 1.530182 0.7112065 1.375832 0.7479913 1.530182 0.5093594 1.516391 0.544481 1.390397 0.5093594 1.516391 0.2116323 1.298639 0.3134481 1.221941 0.2116323 1.298639 0.1222286 1.040129 0.2150936 1.037363 0.1222286 1.040129 0.1554878 0.7982885 0.2372858 0.8606705 0.2118301 0.7270599 0.2796034 0.799327 0.2372858 0.8606705 0.3103353 0.5908285 0.3247326 0.6167011 0.3446845 0.7124016 0.7997162 1.269469 0.7009748 1.298673 0.7039003 1.247169 0.7009748 1.298673 0.5631282 1.312726 0.5735488 1.256852 0.5631282 1.312726 0.3677183 1.180584 0.4127888 1.152468 0.3677183 1.180584 0.2827187 1.04894 0.332215 1.05023 0.2827187 1.04894 0.2755918 0.9114135 0.3409559 0.9312653 0.3122307 0.8465105 0.3603638 0.8718751 0.3409559 0.9312653 0.8030852 1.202262 0.7508655 1.119192 0.7968884 1.055179 0.7039003 1.247169 0.6771667 1.148276 0.7508655 1.119192 0.5735488 1.256852 0.5900039 1.142694 0.6771667 1.148276 0.4127888 1.152468 0.5067332 1.056132 0.5900039 1.142694 0.4127888 1.152468 0.332215 1.05023 0.4564545 1.016656 0.332215 1.05023 0.3409559 0.9312653 0.4413109 0.9500074 0.3603638 0.8718751 0.446197 0.9138286 0.4413109 0.9500074 0.9344784 0.9831836 0.9214417 1.13381 0.7968884 1.055179 0.7202234 0.9956043 0.6927758 1.02169 0.6837871 1.001691 0.6927758 1.02169 0.6545565 1.03818 0.6543303 1.014085 0.6545565 1.03818 0.6181966 1.031746 0.6228004 1.015374 0.6181966 1.031746 0.5819518 1.012386 0.5965961 0.9976291 0.5819518 1.012386 0.5581324 0.9789129 0.5751044 0.9710586 0.5581324 0.9789129 0.5444405 0.9453247 0.5622332 0.9377846 0.5444405 0.9453247 0.5417233 0.9286848 0.5596771 0.9262444 0.5513802 0.8546297 0.5632787 0.8633474 0.5544741 0.8914427 0.5616168 0.8397126 0.5729058 0.8483022 0.5632787 0.8633474 0.589315 0.8078244 0.6002533 0.8186033 0.5803788 0.8359354 0.6124273 0.7953537 0.6202381 0.8068135 0.6002533 0.8186033 0.6379261 0.792068 0.6415235 0.8084704 0.6202381 0.8068135 0.6620415 0.7958157 0.6618739 0.8112473 0.6415235 0.8084704 0.6891906 0.8074002 0.6809594 0.8213265 0.6618739 0.8112473 0.6891906 0.8074002 0.7107002 0.8264806 0.700578 0.8338258 0.7107002 0.8264806 0.7261833 0.8460983 0.7155946 0.8555952 0.739467 0.8759789 0.7248416 0.8825067 0.7155946 0.8555952 0.739467 0.8759789 0.7438089 0.9169511 0.7278808 0.9135422 0.7438089 0.9169511 0.7380374 0.9574433 0.7221339 0.94655 0.7380374 0.9574433 0.7202234 0.9956043 0.7071641 0.9771953 0.700578 0.8338258 0.6942206 0.8447917 0.6783969 0.8297077 0.6809594 0.8213265 0.6783969 0.8297077 0.6624607 0.8212761 0.6618739 0.8112473 0.6624607 0.8212761 0.6423693 0.8172749 0.6415235 0.8084704 0.6423693 0.8172749 0.6242109 0.8198684 0.6202381 0.8068135 0.6242109 0.8198684 0.6062383 0.8296953 0.6002533 0.8186033 0.6062383 0.8296953 0.5911622 0.8464248 0.5729058 0.8483022 0.5851284 0.8578937 0.5789358 0.8701002 0.5632787 0.8633474 0.5789358 0.8701002 0.5736234 0.894795 0.5596771 0.9262444 0.5772585 0.9175171 0.5785537 0.9291028 0.5622332 0.9377846 0.5785537 0.9291028 0.5872341 0.9584336 0.5751044 0.9710586 0.5872341 0.9584336 0.6032508 0.9792623 0.5965961 0.9976291 0.6032508 0.9792623 0.6271083 0.9926652 0.6543303 1.014085 0.6228004 1.015374 0.6271083 0.9926652 0.6837871 1.001691 0.6543303 1.014085 0.6516802 0.9935423 0.7071641 0.9771953 0.6837871 1.001691 0.6760706 0.9835546 0.7221339 0.94655 0.7071641 0.9771953 0.6967658 0.9631649 0.7221339 0.94655 0.7091538 0.9390082 0.7150118 0.9141167 0.7278808 0.9135422 0.7150118 0.9141167 0.7134974 0.8865472 0.7248416 0.8825067 0.7134974 0.8865472 0.7059341 0.8632757 0.7155946 0.8555952 0.7059341 0.8632757 0.6942206 0.8447917 0.5359932 0.7741504 0.5649193 0.7407466 0.5744472 0.7774327 0.4413109 0.9500074 0.446197 0.9138286 0.4837689 0.9297301 0.4564545 1.016656 0.4413109 0.9500074 0.4803893 0.9594201 0.5067332 1.056132 0.4564545 1.016656 0.5067959 1.002858 0.5900039 1.142694 0.5067332 1.056132 0.5433235 1.050122 0.5900039 1.142694 0.6026681 1.082935 0.6631199 1.09253 0.6771667 1.148276 0.6631199 1.09253 0.7178308 1.068118 0.7508655 1.119192 0.7178308 1.068118 0.7659263 1.0319 0.8165888 0.9727249 0.7968884 1.055179 0.7659263 1.0319 0.8165888 0.9727249 0.7855659 0.9671476 0.7918906 0.9076147 0.8210245 0.9002509 0.7918906 0.9076147 0.7766351 0.8503844 0.8065631 0.8340315 0.7766351 0.8503844 0.7581427 0.8041725 0.7768948 0.7834859 0.7581427 0.8041725 0.7359479 0.7690916 0.7438284 0.7469358 0.7359479 0.7690916 0.7061409 0.7565697 0.7090651 0.7295643 0.7061409 0.7565697 0.6704915 0.7479282 0.6414505 0.7163133 0.6756721 0.7197808 0.6704915 0.7479282 0.6047672 0.7220296 0.6414505 0.7163133 0.6395318 0.7457952 0.2930764 0.5678225 0.2861354 0.5618663 0.2866506 0.5404327 0.2690863 0.5453081 0.2792895 0.5589411 0.2729979 0.5658387 0.2729979 0.5658387 0.2792895 0.5589411 0.2861354 0.5618663 0.2723287 0.582506 0.2729979 0.5658387 0.2930764 0.5678225 0.2723287 0.582506 0.2930764 0.5678225 0.3184608 0.6527242 0.2693027 0.6814768 0.3184608 0.6527242 0.3446845 0.7124016 0.3743167 0.8195211 0.3400557 0.7956194 0.3695899 0.7544964 0.4510045 0.8850014 0.465557 0.8436342 0.4940099 0.8673788 0.5418196 0.9135456 0.542267 0.8903564 0.5544741 0.8914427 0.5573868 0.915933 0.5544741 0.8914427 0.5736234 0.894795 0.8981138 0.8702618 0.9344784 0.9831836 0.8165888 0.9727249 0.8981138 0.8702618 0.8210245 0.9002509 0.8065631 0.8340315 0.8029426 0.7472246 0.8511518 0.794592 0.8065631 0.8340315 0.7579231 0.7206276 0.8029426 0.7472246 0.7768948 0.7834859 0.7190843 0.7008256 0.7579231 0.7206276 0.7438284 0.7469358 0.7190843 0.7008256 0.7090651 0.7295643 0.6756721 0.7197808 0.6811115 0.6824988 0.6756721 0.7197808 0.6414505 0.7163133 0.592401 0.6289464 0.6174671 0.6428992 0.5956763 0.6541285 0.8030852 1.202262 0.9214417 1.13381 0.8963405 1.210263 0.8733937 1.477973 0.8099568 1.507975 0.7983501 1.345758 0.8634213 1.683126 0.8099568 1.507975 0.8733937 1.477973 0.9013661 1.789728 0.8634213 1.683126 0.9379749 1.642257 0.7997162 1.269469 0.8963405 1.210263 0.867228 1.31357 0.7009748 1.298673 0.7997162 1.269469 0.7983501 1.345758 0.7112065 1.375832 0.544481 1.390397 0.5631282 1.312726 0.544481 1.390397 0.3134481 1.221941 0.3677183 1.180584 0.3134481 1.221941 0.2150936 1.037363 0.2827187 1.04894 0.2150936 1.037363 0.2372858 0.8606705 0.2755918 0.9114135 0.2372858 0.8606705 0.2796034 0.799327 0.3122307 0.8465105 0.3695899 0.7544964 0.3400557 0.7956194 0.3102661 0.7521293 0.3247326 0.6167011 0.3455081 0.6868282 0.3695899 0.7544964 0.703075 0.914452 0.70228 0.912374 0.71096 0.909952 0.693964 0.913589 0.694309 0.91186 0.70228 0.912374 0.685976 0.910241 0.686735 0.908878 0.694309 0.91186 0.685976 0.910241 0.678747 0.904592 0.680376 0.903785 0.678747 0.904592 0.674626 0.897549 0.675827 0.897001 0.674626 0.897549 0.672262 0.889528 0.673439 0.889096 0.672262 0.889528 0.672127 0.887141 0.673444 0.886743 0.671427 0.880177 0.675453 0.869593 0.676772 0.870802 0.675453 0.869593 0.679148 0.865062 0.680146 0.866635 0.682177 0.861636 0.690359 0.856988 0.690397 0.858944 0.690359 0.856988 0.699275 0.855623 0.698546 0.857525 0.699275 0.855623 0.70749 0.857307 0.706325 0.858661 0.70749 0.857307 0.715554 0.86178 0.71386 0.862488 0.715554 0.86178 0.720909 0.867403 0.719058 0.867342 0.720909 0.867403 0.725131 0.875029 0.723732 0.875492 0.725131 0.875029 0.727141 0.882814 0.725391 0.882824 0.727141 0.882814 0.726706 0.891348 0.725053 0.890936 0.723927 0.899889 0.722107 0.899263 0.725053 0.890936 0.719194 0.906437 0.717565 0.905237 0.722107 0.899263 0.712341 0.911642 0.71096 0.909952 0.717565 0.905237 0.671995 0.88495 0.671427 0.880177 0.673246 0.880276 0.7581427 0.8041725 0.7261833 0.8460983 0.7107002 0.8264806 0.7359479 0.7690916 0.7107002 0.8264806 0.6891906 0.8074002 0.6704915 0.7479282 0.7061409 0.7565697 0.6891906 0.8074002 0.6395318 0.7457952 0.6704915 0.7479282 0.6620415 0.7958157 0.605371 0.7581886 0.6395318 0.7457952 0.6379261 0.792068 0.5744472 0.7774327 0.605371 0.7581886 0.6124273 0.7953537 0.5487904 0.799427 0.5744472 0.7774327 0.589315 0.8078244 0.5378889 0.8113325 0.5616168 0.8397126 0.5513802 0.8546297 0.520905 0.8279935 0.5513802 0.8546297 0.542267 0.8903564 0.4844318 0.9056168 0.4940099 0.8673788 0.542267 0.8903564 0.4837689 0.9297301 0.5417233 0.9286848 0.5444405 0.9453247 0.5067959 1.002858 0.4803893 0.9594201 0.5444405 0.9453247 0.5433235 1.050122 0.5067959 1.002858 0.5581324 0.9789129 0.6026681 1.082935 0.5433235 1.050122 0.5819518 1.012386 0.6026681 1.082935 0.6181966 1.031746 0.6545565 1.03818 0.6631199 1.09253 0.6545565 1.03818 0.6927758 1.02169 0.7178308 1.068118 0.6927758 1.02169 0.7202234 0.9956043 0.7659263 1.0319 0.7202234 0.9956043 0.7380374 0.9574433 0.7855659 0.9671476 0.7380374 0.9574433 0.7438089 0.9169511 0.7918906 0.9076147 0.7438089 0.9169511 0.739467 0.8759789 0.7766351 0.8503844 0.739467 0.8759789 0.7261833 0.8460983 0.3710284 0.5297878 0.3976483 0.5283265 0.398666 0.5313954 0.5616168 0.8397126 0.5378889 0.8113325 0.5487904 0.799427 0.5729058 0.8483022 0.5616168 0.8397126 0.5709721 0.827048 0.5729058 0.8483022 0.5803788 0.8359354 0.5911622 0.8464248 0.679148 0.865062 0.682177 0.861636 0.682789 0.863398 0.1566839 0.640189 0.2723287 0.582506 0.2693027 0.6814768 0.2118301 0.7270599 0.2693027 0.6814768 0.3102661 0.7521293 0.2796034 0.799327 0.3102661 0.7521293 0.3400557 0.7956194 0.3122307 0.8465105 0.3400557 0.7956194 0.3743167 0.8195211 0.3603638 0.8718751 0.3743167 0.8195211 0.4510045 0.8850014 0.446197 0.9138286 0.4510045 0.8850014 0.4844318 0.9056168 0.4837689 0.9297301 0.4844318 0.9056168 0.5418196 0.9135456 0.5417233 0.9286848 0.5418196 0.9135456 0.5573868 0.915933 0.5772585 0.9175171 0.5596771 0.9262444 0.5573868 0.915933 0.672127 0.887141 0.671995 0.88495 0.673431 0.884505 0.03538268 0.6326433 0.1440104 0.5847711 0.1566839 0.640189 0.2583712 0.5166086 0.2653017 0.5162884 0.2690863 0.5453081 0.2966778 0.5382292 0.2866506 0.5404327 0.2869126 0.5166081 0.297028 0.5166081 0.3159744 0.5166061 0.3151248 0.5338101 0.3159744 0.5166061 0.3707039 0.5166059 0.3710284 0.5297878 0.3707039 0.5166059 0.3974578 0.5166055 0.3976483 0.5283265 0.4173251 0.5166052 0.4199662 0.5301895 0.3976483 0.5283265 0.5420175 0.5166034 0.5435956 0.5341703 0.4199662 0.5301895 0.9474719 1.899427 0.9013661 1.789728 0.9819335 1.735731 0.9474719 1.899427 0.7821028 1.952892 0.7888323 1.831137 0.7821028 1.952892 0.3964162 1.918406 0.4427017 1.84717 0.3964162 1.918406 -0.07333576 1.532116 0.03663676 1.436194 -0.07333576 1.532116 -0.2106288 1.049125 -0.09758937 1.053053 -0.04045617 0.5166129 0.03538268 0.6326433 -0.09758937 1.053053 0.03538268 0.6326433 -0.04045617 0.5166129 0.1337133 0.5166105 0.1440104 0.5847711 0.1337133 0.5166105 0.2583712 0.5166086 0.3017852 0.5654892 0.3151248 0.5338101 0.3216658 0.541305 0.3017852 0.5654892 0.3216658 0.541305 0.3234872 0.5726759 0.3103353 0.5908285 0.3234872 0.5726759 0.3341815 0.5986645 0.3455081 0.6868282 0.3247326 0.6167011 0.3341815 0.5986645 0.3800262 0.6886505 0.3455081 0.6868282 0.3642367 0.674778 0.3990999 0.5348657 0.3956194 0.5415086 0.368892 0.5431801 0.4231383 0.5390881 0.4157525 0.5445463 0.3956194 0.5415086 0.4531252 0.6055045 0.4382139 0.6015735 0.4433272 0.5907948 0.44642 0.6131705 0.4338232 0.6113454 0.4382139 0.6015735 0.44642 0.6131705 0.4314559 0.6737973 0.4195283 0.6234878 0.4314559 0.6737973 0.4092423 0.6833329 0.4062798 0.6305858 0.4092423 0.6833329 0.3832927 0.685696 0.3865455 0.636306 0.3689512 0.6746659 0.3587608 0.6335374 0.3865455 0.636306 0.3689512 0.6746659 0.3392236 0.5991469 0.354412 0.6012721 0.3392236 0.5991469 0.3288795 0.5737321 0.3530863 0.5780157 0.3288795 0.5737321 0.3265823 0.5438477 0.3547471 0.5480046 0.3744509 0.5373976 0.368892 0.5431801 0.3547471 0.5480046 0.9013175 -0.7565234 0.8633771 -0.6499227 0.7850285 -0.68849 0.7850285 -0.68849 0.4793477 -0.6138935 0.4426619 -0.8139436 0.4793477 -0.6138935 0.1140159 -0.34271 0.03661745 -0.4029579 0.03661745 -0.4029579 0.1140159 -0.34271 -0.0233637 -0.01874583 -0.09759676 -0.01982015 -0.0233637 -0.01874583 0.08573865 0.3285877 0.2966777 0.4949868 0.2930752 0.4653936 0.3017843 0.467723 0.3195403 0.4824069 0.3723439 0.4991744 0.3710278 0.5034241 0.8633771 -0.6499227 0.8099197 -0.4747735 0.7479548 -0.4969772 0.7479548 -0.4969772 0.5093283 -0.4831743 0.4793477 -0.6138935 0.4793477 -0.6138935 0.5093283 -0.4831743 0.2116132 -0.2654132 0.1140159 -0.34271 0.2116132 -0.2654132 0.1222179 -0.006903529 -0.0233637 -0.01874583 0.1222179 -0.006903529 0.1554825 0.234933 0.08573865 0.3285877 0.1554825 0.234933 0.211826 0.306159 0.3184584 0.3804907 0.3103337 0.4423834 0.3017843 0.467723 0.8099197 -0.4747735 0.7983188 -0.3125588 0.711176 -0.3426278 0.7479548 -0.4969772 0.711176 -0.3426278 0.5444528 -0.3571845 0.5093283 -0.4831743 0.5444528 -0.3571845 0.3134295 -0.1887201 0.2116132 -0.2654132 0.3134295 -0.1887201 0.2150816 -0.004140973 0.1222179 -0.006903529 0.2150816 -0.004140973 0.2372784 0.1725482 0.2372784 0.1725482 0.2795972 0.2338901 0.211826 0.306159 0.3446806 0.3208124 0.3247302 0.41651 0.3103337 0.4423834 0.703874 -0.2139667 0.7009469 -0.2654696 0.7996878 -0.2362709 0.7009469 -0.2654696 0.703874 -0.2139667 0.5735244 -0.223643 0.5631023 -0.2795154 0.5735244 -0.223643 0.4127703 -0.1192536 0.3676998 -0.1473662 0.4127703 -0.1192536 0.3322008 -0.01701349 0.282705 -0.01572102 0.3322008 -0.01701349 0.3409449 0.10195 0.3409449 0.10195 0.3603548 0.1613389 0.3122227 0.1867057 0.7968674 -0.02198427 0.7508426 -0.08599394 0.8030589 -0.1690649 0.7508426 -0.08599394 0.6771441 -0.1150736 0.703874 -0.2139667 0.6771441 -0.1150736 0.5899829 -0.1094875 0.5735244 -0.223643 0.5899829 -0.1094875 0.5067161 -0.02292203 0.4127703 -0.1192536 0.4127703 -0.1192536 0.5067161 -0.02292203 0.4564394 0.01655477 0.3322008 -0.01701349 0.4564394 0.01655477 0.441298 0.08320385 0.441298 0.08320385 0.4461851 0.1193816 0.3603548 0.1613389 0.9344586 0.05000329 0.8165706 0.06046873 0.7968674 -0.02198427 0.7202053 0.03759425 0.7071465 0.05600363 0.6837692 0.03151011 0.6927573 0.01151037 0.6837692 0.03151011 0.6543124 0.01911711 0.6545378 -0.004977703 0.6543124 0.01911711 0.622783 0.01782929 0.6181786 0.001457273 0.622783 0.01782929 0.5965795 0.03557497 0.5819353 0.02081871 0.5965795 0.03557497 0.5750892 0.06214612 0.558117 0.05429285 0.5750892 0.06214612 0.5622194 0.09542065 0.5444266 0.08788144 0.5622194 0.09542065 0.5596637 0.1069605 0.5544622 0.1417627 0.5632677 0.1698575 0.5513696 0.1785755 0.5632677 0.1698575 0.5728951 0.1849026 0.5616065 0.1934921 0.5803685 0.197269 0.6002436 0.2146001 0.5893055 0.2253792 0.6002436 0.2146001 0.6202285 0.2263892 0.6124181 0.2378492 0.6202285 0.2263892 0.6415135 0.2247315 0.6379168 0.2411337 0.6415135 0.2247315 0.6618636 0.221954 0.6620316 0.2373855 0.6618636 0.221954 0.6809483 0.2118745 0.6891799 0.2257996 0.6891799 0.2257996 0.6809483 0.2118745 0.7005661 0.1993746 0.7106885 0.206719 0.7005661 0.1993746 0.7155813 0.177605 0.7155813 0.177605 0.7248271 0.1506929 0.7394528 0.1572192 0.7394528 0.1572192 0.7248271 0.1506929 0.7278649 0.1196567 0.7437927 0.1162468 0.7278649 0.1196567 0.7221169 0.08664888 0.7380203 0.07575488 0.7221169 0.08664888 0.7071465 0.05600363 0.6783857 0.2034935 0.694208 0.1884099 0.7005661 0.1993746 0.66245 0.2119252 0.6783857 0.2034935 0.6809483 0.2118745 0.6423591 0.2159271 0.66245 0.2119252 0.6618636 0.221954 0.6242007 0.2133343 0.6423591 0.2159271 0.6415135 0.2247315 0.6062282 0.2035081 0.6242007 0.2133343 0.6202285 0.2263892 0.5911516 0.186779 0.6062282 0.2035081 0.6002436 0.2146001 0.5789246 0.1631041 0.5851176 0.1753103 0.5728951 0.1849026 0.5736114 0.1384094 0.5789246 0.1631041 0.5632677 0.1698575 0.5785399 0.1041013 0.5772454 0.115687 0.5596637 0.1069605 0.5872192 0.07477009 0.5785399 0.1041013 0.5622194 0.09542065 0.6032349 0.05394119 0.5872192 0.07477009 0.5750892 0.06214612 0.6270915 0.04053735 0.6032349 0.05394119 0.5965795 0.03557497 0.6543124 0.01911711 0.6516628 0.0396595 0.6270915 0.04053735 0.6837692 0.03151011 0.6760531 0.04964619 0.6516628 0.0396595 0.7071465 0.05600363 0.6967486 0.07003462 0.6760531 0.04964619 0.7221169 0.08664888 0.7091372 0.09419125 0.6967486 0.07003462 0.7149959 0.1190828 0.7091372 0.09419125 0.7221169 0.08664888 0.7134824 0.1466534 0.7149959 0.1190828 0.7278649 0.1196567 0.7059201 0.1699263 0.7134824 0.1466534 0.7248271 0.1506929 0.694208 0.1884099 0.7059201 0.1699263 0.7155813 0.177605 0.5359849 0.2590553 0.5487815 0.2337781 0.5744386 0.2557714 0.441298 0.08320385 0.4803756 0.07378923 0.4837562 0.1034787 0.4564394 0.01655477 0.5067806 0.03035056 0.4803756 0.07378923 0.5067161 -0.02292203 0.5433061 -0.0169143 0.5067806 0.03035056 0.5899829 -0.1094875 0.6026489 -0.04972964 0.5433061 -0.0169143 0.6630993 -0.0593273 0.6026489 -0.04972964 0.5899829 -0.1094875 0.7178104 -0.03491848 0.6630993 -0.0593273 0.6771441 -0.1150736 0.7659061 0.001296222 0.7178104 -0.03491848 0.7508426 -0.08599394 0.8165706 0.06046873 0.7855481 0.06604772 0.7659061 0.001296222 0.7918749 0.1255804 0.7855481 0.06604772 0.8165706 0.06046873 0.7766222 0.1828111 0.7918749 0.1255804 0.8210092 0.1329421 0.7581312 0.2290235 0.7766222 0.1828111 0.8065502 0.1991618 0.7359381 0.2641053 0.7581312 0.2290235 0.7768841 0.249709 0.706132 0.2766289 0.7359381 0.2641053 0.7438194 0.2862606 0.6704831 0.2852719 0.706132 0.2766289 0.7090572 0.3036337 0.6414434 0.3168877 0.6395239 0.2874062 0.6704831 0.2852719 0.6047601 0.3111729 0.6053628 0.2750142 0.6395239 0.2874062 0.2866504 0.4927834 0.2886944 0.4742299 0.2930752 0.4653936 0.2729968 0.4673776 0.2834485 0.4726753 0.2713256 0.4856685 0.2886944 0.4742299 0.2834485 0.4726753 0.2729968 0.4673776 0.2723273 0.4507105 0.2930752 0.4653936 0.2729968 0.4673776 0.3184584 0.3804907 0.2930752 0.4653936 0.2723273 0.4507105 0.3446806 0.3208124 0.3184584 0.3804907 0.2692995 0.3517402 0.3743095 0.2136915 0.3982208 0.2543233 0.369585 0.2787166 0.4939994 0.1658291 0.4655473 0.1895748 0.4509938 0.1482084 0.5544622 0.1417627 0.5422551 0.1428495 0.541807 0.1196603 0.5736114 0.1384094 0.5544622 0.1417627 0.557374 0.1172719 0.8980986 0.1629263 0.8210092 0.1329421 0.8165706 0.06046873 0.8065502 0.1991618 0.8210092 0.1329421 0.8980986 0.1629263 0.8029333 0.2859682 0.7768841 0.249709 0.8065502 0.1991618 0.757915 0.3125677 0.7438194 0.2862606 0.7768841 0.249709 0.7190774 0.3323715 0.7090572 0.3036337 0.7438194 0.2862606 0.6756646 0.3134186 0.7090572 0.3036337 0.7190774 0.3323715 0.6414434 0.3168877 0.6756646 0.3134186 0.6811053 0.3506999 0.5923969 0.4042567 0.5956716 0.3790739 0.6174627 0.3903023 0.8030589 -0.1690649 0.7996878 -0.2362709 0.8963126 -0.1770709 0.8733565 -0.4447754 0.8671973 -0.2803755 0.7983188 -0.3125588 0.8733565 -0.4447754 0.8099197 -0.4747735 0.8633771 -0.6499227 0.9379309 -0.6090577 0.8633771 -0.6499227 0.9013175 -0.7565234 0.7996878 -0.2362709 0.7983188 -0.3125588 0.8671973 -0.2803755 0.7009469 -0.2654696 0.711176 -0.3426278 0.7983188 -0.3125588 0.711176 -0.3426278 0.7009469 -0.2654696 0.5631023 -0.2795154 0.5444528 -0.3571845 0.5631023 -0.2795154 0.3676998 -0.1473662 0.3134295 -0.1887201 0.3676998 -0.1473662 0.282705 -0.01572102 0.2150816 -0.004140973 0.282705 -0.01572102 0.2755823 0.1218044 0.2372784 0.1725482 0.2755823 0.1218044 0.3122227 0.1867057 0.369585 0.2787166 0.3446806 0.3208124 0.3102612 0.281086 0.369585 0.2787166 0.3455051 0.3572574 0.3247302 0.41651 0.706516 0.54801 0.700122 0.542433 0.701556 0.541255 0.700122 0.542433 0.694542 0.539344 0.694968 0.538123 0.694542 0.539344 0.688852 0.53871 0.688707 0.537658 0.688707 0.537658 0.688852 0.53871 0.683624 0.541418 0.682396 0.540456 0.683624 0.541418 0.678932 0.546854 0.677589 0.546224 0.678932 0.546854 0.676029 0.556639 0.674143 0.556434 0.676029 0.556639 0.67688 0.56002 0.674827 0.574558 0.67774 0.573365 0.684346 0.593789 0.681225 0.595066 0.684346 0.593789 0.685626 0.604218 0.683246 0.610141 0.684396 0.609702 0.686868 0.613819 0.686732 0.614731 0.686868 0.613819 0.692378 0.612395 0.693402 0.613626 0.692378 0.612395 0.69918 0.608592 0.700707 0.609638 0.69918 0.608592 0.706406 0.602667 0.708461 0.603285 0.706406 0.602667 0.711692 0.597016 0.713795 0.596899 0.711692 0.597016 0.71629 0.588178 0.717936 0.58868 0.71629 0.588178 0.717701 0.580479 0.719821 0.58049 0.717701 0.580479 0.717579 0.571797 0.717579 0.571797 0.715233 0.562332 0.717354 0.56186 0.715233 0.562332 0.71152 0.554958 0.713483 0.554071 0.71152 0.554958 0.706516 0.54801 0.708236 0.5470001 0.674794 0.564821 0.677742 0.564416 0.67774 0.573365 0.7106885 0.206719 0.7261705 0.187101 0.7581312 0.2290235 0.6891799 0.2257996 0.7106885 0.206719 0.7359381 0.2641053 0.6704831 0.2852719 0.6620316 0.2373855 0.6891799 0.2257996 0.6395239 0.2874062 0.6379168 0.2411337 0.6620316 0.2373855 0.6053628 0.2750142 0.6124181 0.2378492 0.6379168 0.2411337 0.5744386 0.2557714 0.5893055 0.2253792 0.6124181 0.2378492 0.5487815 0.2337781 0.5709621 0.2061563 0.5893055 0.2253792 0.5513696 0.1785755 0.5616065 0.1934921 0.5378796 0.2218734 0.5422551 0.1428495 0.5513696 0.1785755 0.5208956 0.2052131 0.5422551 0.1428495 0.4939994 0.1658291 0.4844198 0.1275919 0.5444266 0.08788144 0.54171 0.1045212 0.4837562 0.1034787 0.5067806 0.03035056 0.558117 0.05429285 0.5444266 0.08788144 0.5433061 -0.0169143 0.5819353 0.02081871 0.558117 0.05429285 0.6026489 -0.04972964 0.6181786 0.001457273 0.5819353 0.02081871 0.6545378 -0.004977703 0.6181786 0.001457273 0.6026489 -0.04972964 0.6927573 0.01151037 0.6545378 -0.004977703 0.6630993 -0.0593273 0.7202053 0.03759425 0.6927573 0.01151037 0.7178104 -0.03491848 0.7380203 0.07575488 0.7202053 0.03759425 0.7659061 0.001296222 0.7437927 0.1162468 0.7380203 0.07575488 0.7855481 0.06604772 0.7394528 0.1572192 0.7437927 0.1162468 0.7918749 0.1255804 0.7261705 0.187101 0.7394528 0.1572192 0.7766222 0.1828111 0.3710278 0.5034241 0.3723439 0.4991744 0.3986645 0.5016908 0.5616065 0.1934921 0.5709621 0.2061563 0.5487815 0.2337781 0.5728951 0.1849026 0.5803685 0.197269 0.5709621 0.2061563 0.5911516 0.186779 0.5803685 0.197269 0.5728951 0.1849026 0.684396 0.609702 0.683246 0.610141 0.68315 0.604709 0.2692995 0.3517402 0.2723273 0.4507105 0.1566817 0.3930313 0.3102612 0.281086 0.2692995 0.3517402 0.211826 0.306159 0.3400494 0.2375948 0.3102612 0.281086 0.2795972 0.2338901 0.3743095 0.2136915 0.3400494 0.2375948 0.3122227 0.1867057 0.4509938 0.1482084 0.3743095 0.2136915 0.3603548 0.1613389 0.4844198 0.1275919 0.4509938 0.1482084 0.4461851 0.1193816 0.541807 0.1196603 0.4844198 0.1275919 0.4837562 0.1034787 0.557374 0.1172719 0.541807 0.1196603 0.54171 0.1045212 0.5772454 0.115687 0.5757149 0.1255772 0.557374 0.1172719 0.677742 0.564416 0.674794 0.564821 0.674427 0.56055 0.1566817 0.3930313 0.1440092 0.4484495 0.03538095 0.4005807 0.2713256 0.4856685 0.2653017 0.5162884 0.2583712 0.5166086 0.2869126 0.5166081 0.2866504 0.4927834 0.2966777 0.4949868 0.297028 0.5166081 0.2966777 0.4949868 0.3151246 0.4994021 0.3159744 0.5166061 0.3151246 0.4994021 0.3710278 0.5034241 0.3707039 0.5166059 0.3710278 0.5034241 0.3976476 0.5048847 0.3976476 0.5048847 0.4199653 0.5030211 0.4173251 0.5166052 0.9818847 -0.7025324 0.9013175 -0.7565234 0.9474182 -0.8662227 0.9474182 -0.8662227 0.9013175 -0.7565234 0.7887853 -0.7979271 0.782052 -0.9196789 0.7887853 -0.7979271 0.4426619 -0.8139436 0.396375 -0.8851763 0.4426619 -0.8139436 0.03661745 -0.4029579 -0.07335495 -0.498874 0.03661745 -0.4029579 -0.09759676 -0.01982015 -0.09759676 -0.01982015 0.03538095 0.4005807 -0.04045617 0.5166129 0.1337133 0.5166105 -0.04045617 0.5166129 0.03538095 0.4005807 0.2583712 0.5166086 0.1337133 0.5166105 0.1440092 0.4484495 0.3017843 0.467723 0.3195403 0.4824069 0.3151246 0.4994021 0.321361 0.4510352 0.3195403 0.4824069 0.3017843 0.467723 0.3320552 0.4250462 0.321361 0.4510352 0.3103337 0.4423834 0.3455051 0.3572574 0.3642347 0.3693069 0.3320552 0.4250462 0.3800225 0.3554344 0.3642347 0.3693069 0.3455051 0.3572574 0.3545767 0.4867921 0.3776155 0.489955 0.3990985 0.4982206 0.3776155 0.489955 0.3944067 0.4910353 0.4231358 0.4939976 0.4399425 0.4394068 0.4298049 0.4183827 0.4464136 0.3819099 0.4464136 0.3819099 0.4298049 0.4183827 0.4165223 0.4087181 0.3841035 0.3961233 0.3560101 0.3978421 0.3689494 0.3694187 0.3689494 0.3694187 0.3560101 0.3978421 0.3530382 0.424938 0.3370975 0.4245637 0.3530382 0.424938 0.3515452 0.4452279 0.3267535 0.449979 0.3515452 0.4452279 0.3517563 0.4639461 0.3517563 0.4639461 0.3545767 0.4867921 0.3744499 0.4956892 0.6414434 0.3168877 0.6412037 0.3735015 0.6174627 0.3903023 0.6414434 0.3168877 0.6174627 0.3903023 0.5956716 0.3790739 0.2723273 0.4507105 0.2729968 0.4673776 0.2660424 0.4815359 0.2723273 0.4507105 0.2660424 0.4815359 0.1440092 0.4484495 0.1566817 0.3930313 0.2723273 0.4507105 0.1440092 0.4484495 0.6174671 0.6428992 0.6412089 0.6596993 0.6414505 0.7163133 0.5956763 0.6541285 0.6174671 0.6428992 0.6414505 0.7163133 0.2660431 0.5516808 0.2729979 0.5658387 0.2723287 0.582506 0.1440104 0.5847711 0.2660431 0.5516808 0.2723287 0.582506 0.1440104 0.5847711 0.2723287 0.582506 0.1566839 0.640189 0.3944067 0.4910353 0.4037854 0.4885352 0.4231358 0.4939976 0.4037854 0.4885352 0.413164 0.4860351 0.4525274 0.4651484 0.4387412 0.5678558 0.4272468 0.556201 0.4525306 0.5680602 0.4272468 0.556201 0.4157525 0.5445463 0.4231383 0.5390881 0.5848359 0.3018151 0.6047601 0.3111729 0.6002158 0.3451234 0.5613874 0.3376098 0.6002158 0.3451234 0.5956716 0.3790739 0.5848359 0.3018151 0.5744386 0.2557714 0.6053628 0.2750142 0.6047601 0.3111729 0.5848359 0.3018151 0.6053628 0.2750142 0.5227853 0.3796975 0.5956716 0.3790739 0.5923969 0.4042567 0.5956716 0.3790739 0.6002158 0.3451234 0.6414434 0.3168877 0.6002158 0.3451234 0.6047601 0.3111729 0.6414434 0.3168877 0.5848432 0.7313881 0.605371 0.7581886 0.5744472 0.7774327 0.3891264 0.7337694 0.3695899 0.7544964 0.3455081 0.6868282 0.3800262 0.6886505 0.3891264 0.7337694 0.3455081 0.6868282 0.3891264 0.7337694 0.3982265 0.7788883 0.3695899 0.7544964 0.3891263 0.7337694 0.3800262 0.6886505 0.4402562 0.7460485 0.3891263 0.7337694 0.424133 0.771812 0.4318917 0.8112612 0.4402562 0.7460485 0.5004863 0.8034465 0.4830217 0.8235403 0.424133 0.771812 0.4830217 0.8235403 0.465557 0.8436342 0.4108175 0.6872888 0.4658001 0.7369245 0.4525905 0.744291 0.3954218 0.6879696 0.4525905 0.744291 0.4402562 0.7460485 0.4658001 0.7369245 0.5207827 0.7865604 0.5106345 0.7950034 0.4525905 0.744291 0.5106345 0.7950034 0.5004863 0.8034465 0.5106345 0.7950034 0.5378889 0.8113325 0.520905 0.8279935 0.5004863 0.8034465 0.5106345 0.7950034 0.520905 0.8279935 0.5106345 0.7950034 0.5207827 0.7865604 0.5378889 0.8113325 0.4830216 0.8235403 0.520905 0.8279935 0.4940099 0.8673788 0.465557 0.8436342 0.4830216 0.8235403 0.4940099 0.8673788 0.4830216 0.8235403 0.5004863 0.8034465 0.520905 0.8279935 0.4318917 0.8112612 0.4510045 0.8850014 0.3743167 0.8195211 0.3982265 0.7788883 0.4318917 0.8112612 0.3743167 0.8195211 0.4318917 0.8112612 0.465557 0.8436342 0.4510045 0.8850014 0.5798447 0.6169343 0.5861228 0.6229404 0.5272146 0.6102304 0.5861228 0.6229404 0.592401 0.6289464 0.5246911 0.6175989 0.5570093 0.5872378 0.568427 0.6020861 0.5178512 0.5891681 0.568427 0.6020861 0.5798447 0.6169343 0.5213838 0.6008645 0.5461853 0.5528034 0.5515973 0.5700206 0.4894066 0.5574787 0.5515973 0.5700206 0.5570093 0.5872378 0.5061841 0.5762299 0.4852379 0.5441585 0.4199662 0.5301895 0.5435956 0.5341703 0.5461853 0.5528034 0.4852379 0.5441585 0.5435956 0.5341703 0.4108175 0.6872888 0.4226151 0.6817312 0.4735097 0.7283384 0.4658001 0.7369246 0.4735097 0.7283384 0.5283879 0.7803554 0.4226151 0.6817312 0.4344125 0.6761736 0.4852029 0.725162 0.4735097 0.7283384 0.4852029 0.725162 0.5359932 0.7741504 0.5283879 0.7803554 0.5487904 0.799427 0.5378889 0.8113325 0.5207827 0.7865604 0.5283879 0.7803554 0.5378889 0.8113325 0.5283879 0.7803554 0.5359932 0.7741504 0.5487904 0.799427 0.4709124 0.6769632 0.5074124 0.6777529 0.5217028 0.7259517 0.5217028 0.7259517 0.4852029 0.725162 0.4709124 0.6769632 0.4344125 0.6761736 0.4709124 0.6769632 0.4852029 0.725162 0.4852029 0.725162 0.5217028 0.7259517 0.5359932 0.7741504 0.4786589 0.646256 0.5074124 0.6777529 0.4709125 0.6769632 0.4499054 0.6147592 0.4786589 0.646256 0.4709125 0.6769632 0.5217028 0.7259517 0.5074124 0.6777529 0.5361658 0.7092497 0.5217028 0.7259517 0.5361658 0.7092497 0.5649193 0.7407466 0.5592335 0.6442862 0.5956763 0.6541285 0.597949 0.6711037 0.5592335 0.6442862 0.5738089 0.6705752 0.5420923 0.6624688 0.5738089 0.6705752 0.597949 0.6711037 0.6002217 0.688079 0.5738089 0.6705752 0.5808077 0.6892864 0.5613937 0.6904937 0.5227909 0.6344439 0.5420923 0.6624689 0.5103757 0.6543624 0.5420923 0.6624689 0.5613937 0.6904937 0.534403 0.6841233 0.5808077 0.6892864 0.6002217 0.688079 0.6024945 0.7050543 0.5808077 0.6892864 0.5891902 0.7093815 0.5731185 0.7109409 0.5891902 0.7093815 0.6024945 0.7050543 0.6047672 0.7220296 0.5891902 0.7093815 0.5948052 0.7267088 0.5848432 0.7313881 0.5613937 0.6904937 0.5731185 0.7109409 0.5584305 0.7138842 0.5731185 0.7109409 0.5848432 0.7313881 0.5748813 0.7360673 0.5748813 0.7360673 0.5848432 0.7313881 0.5744472 0.7774327 0.5848432 0.7313881 0.5948053 0.7267088 0.605371 0.7581886 0.5948053 0.7267088 0.6047672 0.7220296 0.605371 0.7581886 0.5246911 0.6175989 0.592401 0.6289464 0.5227909 0.6344439 0.5956763 0.6541285 0.5592336 0.6442862 0.592401 0.6289464 0.5592336 0.6442862 0.5227909 0.6344439 0.592401 0.6289464 0.6047672 0.7220296 0.6024944 0.7050543 0.6414505 0.7163133 0.6024944 0.7050543 0.6002217 0.688079 0.6414505 0.7163133 0.6002217 0.688079 0.597949 0.6711038 0.6414505 0.7163133 0.597949 0.6711038 0.5956763 0.6541285 0.6414505 0.7163133 0.4221268 0.5002965 0.3976476 0.5048847 0.3986645 0.5016908 0.4242883 0.4975719 0.4221268 0.5002965 0.3986645 0.5016908 0.4221268 0.5002965 0.4199653 0.5030211 0.3976476 0.5048847 0.3891216 0.3048788 0.3455051 0.3572574 0.369585 0.2787166 0.3982208 0.2543233 0.3891216 0.3048788 0.369585 0.2787166 0.3891216 0.3048788 0.3800225 0.3554344 0.3455051 0.3572574 0.4655473 0.1895748 0.4830125 0.2096678 0.4241262 0.2661802 0.4318841 0.221949 0.4241262 0.2661802 0.3891216 0.3048788 0.4830125 0.2096678 0.5004776 0.2297608 0.44025 0.2925977 0.3891216 0.3048788 0.4241262 0.2661802 0.44025 0.2925977 0.5004776 0.2297608 0.5106259 0.2382034 0.4525835 0.2944644 0.44025 0.2925977 0.4525835 0.2944644 0.3954171 0.3561147 0.5106259 0.2382034 0.5207742 0.2466459 0.465793 0.3017204 0.4525835 0.2944644 0.465793 0.3017204 0.4108118 0.356795 0.5106259 0.2382034 0.5208956 0.2052131 0.5378796 0.2218734 0.5207742 0.2466459 0.5106259 0.2382034 0.5378796 0.2218734 0.5106259 0.2382034 0.5004776 0.2297608 0.5208956 0.2052131 0.4830124 0.2096678 0.4939994 0.1658291 0.5208956 0.2052131 0.5004776 0.2297608 0.4830124 0.2096678 0.5208956 0.2052131 0.4830124 0.2096678 0.4655473 0.1895748 0.4939994 0.1658291 0.4318841 0.221949 0.3743095 0.2136915 0.4509938 0.1482084 0.4655473 0.1895748 0.4318841 0.221949 0.4509938 0.1482084 0.4318841 0.221949 0.3982208 0.2543233 0.3743095 0.2136915 0.5246863 0.4156054 0.5923969 0.4042567 0.5861188 0.410263 0.5272102 0.4229742 0.5861188 0.410263 0.5798408 0.4162694 0.5213797 0.432341 0.5798408 0.4162694 0.5684237 0.4311185 0.5178477 0.4440381 0.5684237 0.4311185 0.5570065 0.4459677 0.5061812 0.4569771 0.5570065 0.4459677 0.5515951 0.4631855 0.4894042 0.4757179 0.5515951 0.4631855 0.5461837 0.4804033 0.485236 0.4889876 0.5461837 0.4804033 0.5448893 0.4897199 0.4834937 0.4984005 0.5448893 0.4897199 0.5435949 0.4990364 0.5359849 0.2590553 0.4851955 0.3134818 0.4735026 0.3104801 0.5283796 0.2528506 0.4735026 0.3104801 0.465793 0.3017204 0.4851955 0.3134818 0.4344059 0.3679082 0.4226089 0.3623516 0.4735026 0.3104801 0.4226089 0.3623516 0.4108118 0.356795 0.5283796 0.2528506 0.5378796 0.2218734 0.5487815 0.2337781 0.5359849 0.2590553 0.5283796 0.2528506 0.5487815 0.2337781 0.5283796 0.2528506 0.5207742 0.2466459 0.5378796 0.2218734 0.4817801 0.5010288 0.5420175 0.5166034 0.4173251 0.5166052 0.4817801 0.5010288 0.5435949 0.4990364 0.5420175 0.5166034 0.4558302 0.4562916 0.413164 0.4860351 0.4366226 0.4614753 0.459133 0.4474348 0.4558302 0.4562916 0.4366226 0.4614753 0.4558302 0.4562916 0.4525274 0.4651484 0.413164 0.4860351 0.4561263 0.4375678 0.4366226 0.4614753 0.4399425 0.4394068 0.4531195 0.4277008 0.4561263 0.4375678 0.4399425 0.4394068 0.4561263 0.4375678 0.459133 0.4474348 0.4366226 0.4614753 0.4203432 0.3655176 0.4165223 0.4087181 0.4020329 0.4008462 0.4092369 0.3607507 0.4203432 0.3655176 0.4020329 0.4008462 0.4203432 0.3655176 0.4314495 0.3702844 0.4165223 0.4087181 0.396263 0.3595697 0.4020329 0.4008462 0.3841035 0.3961233 0.3832892 0.3583886 0.396263 0.3595697 0.3841035 0.3961233 0.396263 0.3595697 0.4092369 0.3607507 0.4020329 0.4008462 0.4525274 0.4651484 0.4378316 0.479573 0.4037854 0.4885352 0.4378316 0.479573 0.4231358 0.4939976 0.4037854 0.4885352 0.5216951 0.2977222 0.5074054 0.3363892 0.4709057 0.3521487 0.4709057 0.3521487 0.4851955 0.3134818 0.5216951 0.2977222 0.5359849 0.2590553 0.5216951 0.2977222 0.4851955 0.3134818 0.4851955 0.3134818 0.4709057 0.3521487 0.4344059 0.3679082 0.5074054 0.3363892 0.5216951 0.2977222 0.5649117 0.2924573 0.5216951 0.2977222 0.5359849 0.2590553 0.5649117 0.2924573 0.4344059 0.3679082 0.4709057 0.3521487 0.4498989 0.3803211 0.4709057 0.3521487 0.5074054 0.3363892 0.4498989 0.3803211 0.5923969 0.4042567 0.5246863 0.4156054 0.5227853 0.3796975 0.5649117 0.2924573 0.5748738 0.2971362 0.5343964 0.3369995 0.5748738 0.2971362 0.5848359 0.3018151 0.5613874 0.3376098 0.5074054 0.3363892 0.5343964 0.3369995 0.4863421 0.3800093 0.5343964 0.3369995 0.5613874 0.3376098 0.5227853 0.3796975 0.5848359 0.3018151 0.5748738 0.2971362 0.5744386 0.2557714 0.5748738 0.2971362 0.5649117 0.2924573 0.5744386 0.2557714 0.490831 0.4212797 0.4935786 0.4303288 0.4599471 0.4376834 0.5246863 0.4156054 0.5272102 0.4229742 0.4935786 0.4303288 0.4935786 0.4303288 0.4921491 0.4403768 0.4629185 0.4484127 0.5272102 0.4229742 0.5213797 0.432341 0.4921491 0.4403768 0.4629185 0.4484127 0.4921491 0.4403768 0.4884924 0.4511188 0.4921491 0.4403768 0.5213797 0.432341 0.5178477 0.4440381 0.4591372 0.4581996 0.4884924 0.4511189 0.4807685 0.4624819 0.4884924 0.4511189 0.5178477 0.4440381 0.5061812 0.4569771 0.4553558 0.4679865 0.4807685 0.4624819 0.4646131 0.4792486 0.4807685 0.4624819 0.5061812 0.4569771 0.4894042 0.4757179 0.439822 0.4827792 0.4646131 0.4792486 0.4547621 0.4932798 0.4646131 0.4792486 0.4894042 0.4757179 0.485236 0.4889876 0.4242883 0.4975719 0.4547621 0.4932798 0.4528102 0.4993485 0.4547621 0.4932798 0.485236 0.4889876 0.4834937 0.4984005 0.4221268 0.5002965 0.4528103 0.4993485 0.4508727 0.502025 0.4528103 0.4993485 0.4834937 0.4984005 0.4817801 0.5010288 0.4199653 0.5030211 0.4508727 0.502025 0.4173251 0.5166052 0.4508727 0.502025 0.4817801 0.5010288 0.4173251 0.5166052 -5.63589e-7 0.5000002 1 0.4999996 1 0 0 1 1 1 1 0.4999996 0.4231383 0.5390881 0.4378345 0.5535742 0.4272468 0.556201 0.4378345 0.5535742 0.4525306 0.5680602 0.4272468 0.556201 0.4558342 0.5769164 0.4433272 0.5907948 0.4387412 0.5678558 0.4525306 0.5680602 0.4558342 0.5769164 0.4387412 0.5678558 0.4558342 0.5769164 0.4591376 0.5857725 0.4433272 0.5907948 0 0 1 1 1 0 0.4629229 0.5847948 0.4921534 0.5928297 0.4935833 0.6028767 0.4921534 0.5928297 0.5213838 0.6008645 0.5272146 0.6102304 0.459952 0.5955231 0.4935833 0.6028767 0.4908361 0.6119251 0.4935833 0.6028767 0.5272146 0.6102304 0.5246911 0.6175989 0.4807714 0.5707259 0.488496 0.5820882 0.4591408 0.5750084 0.5061841 0.5762299 0.5178512 0.5891681 0.488496 0.5820882 0.488496 0.5820882 0.4921534 0.5928297 0.4629229 0.5847948 0.5178512 0.5891681 0.5213838 0.6008645 0.4921534 0.5928297 0.4547641 0.5398361 0.4646157 0.5539233 0.4398247 0.5503678 0.4852379 0.5441585 0.4894066 0.5574787 0.4646157 0.5539233 0.4646157 0.5539233 0.4807714 0.5707259 0.4553588 0.565222 0.4894066 0.5574787 0.5061841 0.5762299 0.4807714 0.5707259 0.4852379 0.5441585 0.4547642 0.5398361 0.4199662 0.5301895 0.4547642 0.5398361 0.4242905 0.5355136 0.4199662 0.5301895 0.4681268 0.6196804 0.4945173 0.6503092 0.4786589 0.646256 0.4863481 0.6246015 0.5103757 0.6543624 0.4945173 0.6503092 0.4945173 0.6503092 0.5209077 0.6809381 0.5074124 0.6777529 0.5103757 0.6543624 0.534403 0.6841233 0.5209077 0.6809381 0.5209077 0.6809381 0.5472981 0.7115669 0.5361658 0.7092497 0.534403 0.6841232 0.5584305 0.7138842 0.5472981 0.7115669 0.5472981 0.7115669 0.5699003 0.738407 0.5649193 0.7407466 0.5584305 0.7138842 0.5748813 0.7360673 0.5699003 0.738407 0.5649193 0.7407466 0.5699003 0.7384069 0.5744472 0.7774327 0.5699003 0.7384069 0.5748813 0.7360673 0.5744472 0.7774327 1 0 1 0.4999994 0 0.5 1 0.4999994 1 1 0 1 0.8634213 1.683126 0.9013661 1.789728 0.7850721 1.721698 0.7888323 1.831137 0.4427017 1.84717 0.7850721 1.721698 0.4427017 1.84717 0.03663676 1.436194 0.4793822 1.647114 0.1140351 1.375942 0.03663676 1.436194 -0.023355 1.051976 -0.023355 1.051976 -0.09758937 1.053053 0.08574169 0.7046353 0.2930764 0.5678225 0.2966778 0.5382292 0.3017852 0.5654892 0.3151248 0.5338101 0.3710284 0.5297878 0.3216658 0.541305 0.3976483 0.5283265 0.4199662 0.5301895 0.398666 0.5313954 0.8099568 1.507975 0.8634213 1.683126 0.7479913 1.530182 0.7850721 1.721698 0.4793822 1.647114 0.7479913 1.530182 0.5093594 1.516391 0.4793822 1.647114 0.2116323 1.298639 0.2116323 1.298639 0.1140351 1.375942 0.1222286 1.040129 0.1222286 1.040129 -0.023355 1.051976 0.1554878 0.7982885 0.1554878 0.7982885 0.08574169 0.7046353 0.2118301 0.7270599 0.2930764 0.5678225 0.3017852 0.5654892 0.3184608 0.6527242 0.7983501 1.345758 0.8099568 1.507975 0.7112065 1.375832 0.7112065 1.375832 0.7479913 1.530182 0.544481 1.390397 0.544481 1.390397 0.5093594 1.516391 0.3134481 1.221941 0.3134481 1.221941 0.2116323 1.298639 0.2150936 1.037363 0.2150936 1.037363 0.1222286 1.040129 0.2372858 0.8606705 0.1554878 0.7982885 0.2118301 0.7270599 0.2372858 0.8606705 0.3184608 0.6527242 0.3103353 0.5908285 0.3446845 0.7124016 0.8030852 1.202262 0.7997162 1.269469 0.7039003 1.247169 0.7039003 1.247169 0.7009748 1.298673 0.5735488 1.256852 0.5735488 1.256852 0.5631282 1.312726 0.4127888 1.152468 0.4127888 1.152468 0.3677183 1.180584 0.332215 1.05023 0.332215 1.05023 0.2827187 1.04894 0.3409559 0.9312653 0.2755918 0.9114135 0.3122307 0.8465105 0.3409559 0.9312653 0.9214417 1.13381 0.8030852 1.202262 0.7968884 1.055179 0.8030852 1.202262 0.7039003 1.247169 0.7508655 1.119192 0.7039003 1.247169 0.5735488 1.256852 0.6771667 1.148276 0.5735488 1.256852 0.4127888 1.152468 0.5900039 1.142694 0.5067332 1.056132 0.4127888 1.152468 0.4564545 1.016656 0.4564545 1.016656 0.332215 1.05023 0.4413109 0.9500074 0.3409559 0.9312653 0.3603638 0.8718751 0.4413109 0.9500074 0.8165888 0.9727249 0.9344784 0.9831836 0.7968884 1.055179 0.7071641 0.9771953 0.7202234 0.9956043 0.6837871 1.001691 0.6837871 1.001691 0.6927758 1.02169 0.6543303 1.014085 0.6543303 1.014085 0.6545565 1.03818 0.6228004 1.015374 0.6228004 1.015374 0.6181966 1.031746 0.5965961 0.9976291 0.5965961 0.9976291 0.5819518 1.012386 0.5751044 0.9710586 0.5751044 0.9710586 0.5581324 0.9789129 0.5622332 0.9377846 0.5622332 0.9377846 0.5444405 0.9453247 0.5596771 0.9262444 0.542267 0.8903564 0.5513802 0.8546297 0.5544741 0.8914427 0.5513802 0.8546297 0.5616168 0.8397126 0.5632787 0.8633474 0.5709721 0.827048 0.589315 0.8078244 0.5803788 0.8359354 0.589315 0.8078244 0.6124273 0.7953537 0.6002533 0.8186033 0.6124273 0.7953537 0.6379261 0.792068 0.6202381 0.8068135 0.6379261 0.792068 0.6620415 0.7958157 0.6415235 0.8084704 0.6620415 0.7958157 0.6891906 0.8074002 0.6618739 0.8112473 0.6809594 0.8213265 0.6891906 0.8074002 0.700578 0.8338258 0.700578 0.8338258 0.7107002 0.8264806 0.7155946 0.8555952 0.7261833 0.8460983 0.739467 0.8759789 0.7155946 0.8555952 0.7248416 0.8825067 0.739467 0.8759789 0.7278808 0.9135422 0.7278808 0.9135422 0.7438089 0.9169511 0.7221339 0.94655 0.7221339 0.94655 0.7380374 0.9574433 0.7071641 0.9771953 0.6809594 0.8213265 0.700578 0.8338258 0.6783969 0.8297077 0.6618739 0.8112473 0.6809594 0.8213265 0.6624607 0.8212761 0.6415235 0.8084704 0.6618739 0.8112473 0.6423693 0.8172749 0.6202381 0.8068135 0.6415235 0.8084704 0.6242109 0.8198684 0.6002533 0.8186033 0.6202381 0.8068135 0.6062383 0.8296953 0.5803788 0.8359354 0.6002533 0.8186033 0.5911622 0.8464248 0.5632787 0.8633474 0.5729058 0.8483022 0.5789358 0.8701002 0.5544741 0.8914427 0.5632787 0.8633474 0.5736234 0.894795 0.5622332 0.9377846 0.5596771 0.9262444 0.5785537 0.9291028 0.5751044 0.9710586 0.5622332 0.9377846 0.5872341 0.9584336 0.5965961 0.9976291 0.5751044 0.9710586 0.6032508 0.9792623 0.6228004 1.015374 0.5965961 0.9976291 0.6271083 0.9926652 0.6516802 0.9935423 0.6543303 1.014085 0.6271083 0.9926652 0.6760706 0.9835546 0.6837871 1.001691 0.6516802 0.9935423 0.6967658 0.9631649 0.7071641 0.9771953 0.6760706 0.9835546 0.7091538 0.9390082 0.7221339 0.94655 0.6967658 0.9631649 0.7278808 0.9135422 0.7221339 0.94655 0.7150118 0.9141167 0.7248416 0.8825067 0.7278808 0.9135422 0.7134974 0.8865472 0.7155946 0.8555952 0.7248416 0.8825067 0.7059341 0.8632757 0.700578 0.8338258 0.7155946 0.8555952 0.6942206 0.8447917 0.5487904 0.799427 0.5359932 0.7741504 0.5744472 0.7774327 0.4803893 0.9594201 0.4413109 0.9500074 0.4837689 0.9297301 0.5067959 1.002858 0.4564545 1.016656 0.4803893 0.9594201 0.5433235 1.050122 0.5067332 1.056132 0.5067959 1.002858 0.6026681 1.082935 0.5900039 1.142694 0.5433235 1.050122 0.6771667 1.148276 0.5900039 1.142694 0.6631199 1.09253 0.7508655 1.119192 0.6771667 1.148276 0.7178308 1.068118 0.7968884 1.055179 0.7508655 1.119192 0.7659263 1.0319 0.7855659 0.9671476 0.8165888 0.9727249 0.7659263 1.0319 0.8210245 0.9002509 0.8165888 0.9727249 0.7918906 0.9076147 0.8065631 0.8340315 0.8210245 0.9002509 0.7766351 0.8503844 0.7768948 0.7834859 0.8065631 0.8340315 0.7581427 0.8041725 0.7438284 0.7469358 0.7768948 0.7834859 0.7359479 0.7690916 0.7090651 0.7295643 0.7438284 0.7469358 0.7061409 0.7565697 0.6756721 0.7197808 0.7090651 0.7295643 0.6704915 0.7479282 0.6395318 0.7457952 0.6414505 0.7163133 0.6704915 0.7479282 0.605371 0.7581886 0.6047672 0.7220296 0.6395318 0.7457952 0.2966778 0.5382292 0.2930764 0.5678225 0.2866506 0.5404327 0.2660431 0.5516808 0.2690863 0.5453081 0.2729979 0.5658387 0.2930764 0.5678225 0.2729979 0.5658387 0.2861354 0.5618663 0.2693027 0.6814768 0.2723287 0.582506 0.3184608 0.6527242 0.3102661 0.7521293 0.2693027 0.6814768 0.3446845 0.7124016 0.3982265 0.7788883 0.3743167 0.8195211 0.3695899 0.7544964 0.4844318 0.9056168 0.4510045 0.8850014 0.4940099 0.8673788 0.5573868 0.915933 0.5418196 0.9135456 0.5544741 0.8914427 0.5757277 0.9076269 0.5573868 0.915933 0.5736234 0.894795 0.8210245 0.9002509 0.8981138 0.8702618 0.8165888 0.9727249 0.8511518 0.794592 0.8981138 0.8702618 0.8065631 0.8340315 0.7768948 0.7834859 0.8029426 0.7472246 0.8065631 0.8340315 0.7438284 0.7469358 0.7579231 0.7206276 0.7768948 0.7834859 0.7090651 0.7295643 0.7190843 0.7008256 0.7438284 0.7469358 0.6811115 0.6824988 0.7190843 0.7008256 0.6756721 0.7197808 0.6412089 0.6596993 0.6811115 0.6824988 0.6414505 0.7163133 0.7997162 1.269469 0.8030852 1.202262 0.8963405 1.210263 0.867228 1.31357 0.8733937 1.477973 0.7983501 1.345758 0.9379749 1.642257 0.8634213 1.683126 0.8733937 1.477973 0.9819335 1.735731 0.9013661 1.789728 0.9379749 1.642257 0.7983501 1.345758 0.7997162 1.269469 0.867228 1.31357 0.7112065 1.375832 0.7009748 1.298673 0.7983501 1.345758 0.7009748 1.298673 0.7112065 1.375832 0.5631282 1.312726 0.5631282 1.312726 0.544481 1.390397 0.3677183 1.180584 0.3677183 1.180584 0.3134481 1.221941 0.2827187 1.04894 0.2827187 1.04894 0.2150936 1.037363 0.2755918 0.9114135 0.2755918 0.9114135 0.2372858 0.8606705 0.3122307 0.8465105 0.3446845 0.7124016 0.3695899 0.7544964 0.3102661 0.7521293 0.3446845 0.7124016 0.3247326 0.6167011 0.3695899 0.7544964 0.712341 0.911642 0.703075 0.914452 0.71096 0.909952 0.703075 0.914452 0.693964 0.913589 0.70228 0.912374 0.693964 0.913589 0.685976 0.910241 0.694309 0.91186 0.686735 0.908878 0.685976 0.910241 0.680376 0.903785 0.680376 0.903785 0.678747 0.904592 0.675827 0.897001 0.675827 0.897001 0.674626 0.897549 0.673439 0.889096 0.673439 0.889096 0.672262 0.889528 0.673444 0.886743 0.673246 0.880276 0.671427 0.880177 0.676772 0.870802 0.676772 0.870802 0.675453 0.869593 0.680146 0.866635 0.682789 0.863398 0.682177 0.861636 0.690397 0.858944 0.690397 0.858944 0.690359 0.856988 0.698546 0.857525 0.698546 0.857525 0.699275 0.855623 0.706325 0.858661 0.706325 0.858661 0.70749 0.857307 0.71386 0.862488 0.71386 0.862488 0.715554 0.86178 0.719058 0.867342 0.719058 0.867342 0.720909 0.867403 0.723732 0.875492 0.723732 0.875492 0.725131 0.875029 0.725391 0.882824 0.725391 0.882824 0.727141 0.882814 0.725053 0.890936 0.726706 0.891348 0.723927 0.899889 0.725053 0.890936 0.723927 0.899889 0.719194 0.906437 0.722107 0.899263 0.719194 0.906437 0.712341 0.911642 0.717565 0.905237 0.673431 0.884505 0.671995 0.88495 0.673246 0.880276 0.7359479 0.7690916 0.7581427 0.8041725 0.7107002 0.8264806 0.7061409 0.7565697 0.7359479 0.7690916 0.6891906 0.8074002 0.6620415 0.7958157 0.6704915 0.7479282 0.6891906 0.8074002 0.6379261 0.792068 0.6395318 0.7457952 0.6620415 0.7958157 0.6124273 0.7953537 0.605371 0.7581886 0.6379261 0.792068 0.589315 0.8078244 0.5744472 0.7774327 0.6124273 0.7953537 0.5709721 0.827048 0.5487904 0.799427 0.589315 0.8078244 0.520905 0.8279935 0.5378889 0.8113325 0.5513802 0.8546297 0.4940099 0.8673788 0.520905 0.8279935 0.542267 0.8903564 0.5418196 0.9135456 0.4844318 0.9056168 0.542267 0.8903564 0.4803893 0.9594201 0.4837689 0.9297301 0.5444405 0.9453247 0.5581324 0.9789129 0.5067959 1.002858 0.5444405 0.9453247 0.5819518 1.012386 0.5433235 1.050122 0.5581324 0.9789129 0.6181966 1.031746 0.6026681 1.082935 0.5819518 1.012386 0.6631199 1.09253 0.6026681 1.082935 0.6545565 1.03818 0.7178308 1.068118 0.6631199 1.09253 0.6927758 1.02169 0.7659263 1.0319 0.7178308 1.068118 0.7202234 0.9956043 0.7855659 0.9671476 0.7659263 1.0319 0.7380374 0.9574433 0.7918906 0.9076147 0.7855659 0.9671476 0.7438089 0.9169511 0.7766351 0.8503844 0.7918906 0.9076147 0.739467 0.8759789 0.7581427 0.8041725 0.7766351 0.8503844 0.7261833 0.8460983 0.3723449 0.5339123 0.3710284 0.5297878 0.398666 0.5313954 0.5709721 0.827048 0.5616168 0.8397126 0.5487904 0.799427 0.5803788 0.8359354 0.5729058 0.8483022 0.5709721 0.827048 0.5851284 0.8578937 0.5729058 0.8483022 0.5911622 0.8464248 0.680146 0.866635 0.679148 0.865062 0.682789 0.863398 0.2118301 0.7270599 0.1566839 0.640189 0.2693027 0.6814768 0.2796034 0.799327 0.2118301 0.7270599 0.3102661 0.7521293 0.3122307 0.8465105 0.2796034 0.799327 0.3400557 0.7956194 0.3603638 0.8718751 0.3122307 0.8465105 0.3743167 0.8195211 0.446197 0.9138286 0.3603638 0.8718751 0.4510045 0.8850014 0.4837689 0.9297301 0.446197 0.9138286 0.4844318 0.9056168 0.5417233 0.9286848 0.4837689 0.9297301 0.5418196 0.9135456 0.5596771 0.9262444 0.5417233 0.9286848 0.5573868 0.915933 0.5757277 0.9076269 0.5772585 0.9175171 0.5573868 0.915933 0.673444 0.886743 0.672127 0.887141 0.673431 0.884505 0.08574169 0.7046353 0.03538268 0.6326433 0.1566839 0.640189 0.2660431 0.5516808 0.2583712 0.5166086 0.2690863 0.5453081 0.297028 0.5166081 0.2966778 0.5382292 0.2869126 0.5166081 0.2966778 0.5382292 0.297028 0.5166081 0.3151248 0.5338101 0.3151248 0.5338101 0.3159744 0.5166061 0.3710284 0.5297878 0.3710284 0.5297878 0.3707039 0.5166059 0.3976483 0.5283265 0.3974578 0.5166055 0.4173251 0.5166052 0.3976483 0.5283265 0.4173251 0.5166052 0.5420175 0.5166034 0.4199662 0.5301895 1.043452 1.825496 0.9474719 1.899427 0.9819335 1.735731 0.9013661 1.789728 0.9474719 1.899427 0.7888323 1.831137 0.7888323 1.831137 0.7821028 1.952892 0.4427017 1.84717 0.4427017 1.84717 0.3964162 1.918406 0.03663676 1.436194 0.03663676 1.436194 -0.07333576 1.532116 -0.09758937 1.053053 -0.2106288 1.049125 -0.04045617 0.5166129 -0.09758937 1.053053 0.1440104 0.5847711 0.03538268 0.6326433 0.1337133 0.5166105 0.2660431 0.5516808 0.1440104 0.5847711 0.2583712 0.5166086 0.3103353 0.5908285 0.3017852 0.5654892 0.3234872 0.5726759 0.3247326 0.6167011 0.3103353 0.5908285 0.3341815 0.5986645 0.3642367 0.674778 0.3455081 0.6868282 0.3341815 0.5986645 0.3744509 0.5373976 0.3990999 0.5348657 0.368892 0.5431801 0.3990999 0.5348657 0.4231383 0.5390881 0.3956194 0.5415086 0.4591376 0.5857725 0.4531252 0.6055045 0.4433272 0.5907948 0.4531252 0.6055045 0.44642 0.6131705 0.4382139 0.6015735 0.4338232 0.6113454 0.44642 0.6131705 0.4195283 0.6234878 0.4195283 0.6234878 0.4314559 0.6737973 0.4062798 0.6305858 0.4062798 0.6305858 0.4092423 0.6833329 0.3865455 0.636306 0.3832927 0.685696 0.3689512 0.6746659 0.3865455 0.636306 0.3587608 0.6335374 0.3689512 0.6746659 0.354412 0.6012721 0.354412 0.6012721 0.3392236 0.5991469 0.3530863 0.5780157 0.3530863 0.5780157 0.3288795 0.5737321 0.3547471 0.5480046 0.3265823 0.5438477 0.3744509 0.5373976 0.3547471 0.5480046 0.7887853 -0.7979271 0.9013175 -0.7565234 0.7850285 -0.68849 0.7887853 -0.7979271 0.7850285 -0.68849 0.4426619 -0.8139436 0.4426619 -0.8139436 0.4793477 -0.6138935 0.03661745 -0.4029579 -0.09759676 -0.01982015 0.03661745 -0.4029579 -0.0233637 -0.01874583 0.03538095 0.4005807 -0.09759676 -0.01982015 0.08573865 0.3285877 0.3151246 0.4994021 0.2966777 0.4949868 0.3017843 0.467723 0.3151246 0.4994021 0.3195403 0.4824069 0.3710278 0.5034241 0.7850285 -0.68849 0.8633771 -0.6499227 0.7479548 -0.4969772 0.7850285 -0.68849 0.7479548 -0.4969772 0.4793477 -0.6138935 0.1140159 -0.34271 0.4793477 -0.6138935 0.2116132 -0.2654132 -0.0233637 -0.01874583 0.1140159 -0.34271 0.1222179 -0.006903529 0.08573865 0.3285877 -0.0233637 -0.01874583 0.1554825 0.234933 0.1566817 0.3930313 0.08573865 0.3285877 0.211826 0.306159 0.2930752 0.4653936 0.3184584 0.3804907 0.3017843 0.467723 0.7479548 -0.4969772 0.8099197 -0.4747735 0.711176 -0.3426278 0.5093283 -0.4831743 0.7479548 -0.4969772 0.5444528 -0.3571845 0.2116132 -0.2654132 0.5093283 -0.4831743 0.3134295 -0.1887201 0.1222179 -0.006903529 0.2116132 -0.2654132 0.2150816 -0.004140973 0.1554825 0.234933 0.1222179 -0.006903529 0.2372784 0.1725482 0.1554825 0.234933 0.2372784 0.1725482 0.211826 0.306159 0.3184584 0.3804907 0.3446806 0.3208124 0.3103337 0.4423834 0.8030589 -0.1690649 0.703874 -0.2139667 0.7996878 -0.2362709 0.5631023 -0.2795154 0.7009469 -0.2654696 0.5735244 -0.223643 0.3676998 -0.1473662 0.5631023 -0.2795154 0.4127703 -0.1192536 0.282705 -0.01572102 0.3676998 -0.1473662 0.3322008 -0.01701349 0.2755823 0.1218044 0.282705 -0.01572102 0.3409449 0.10195 0.2755823 0.1218044 0.3409449 0.10195 0.3122227 0.1867057 0.9214165 -0.1006206 0.7968674 -0.02198427 0.8030589 -0.1690649 0.8030589 -0.1690649 0.7508426 -0.08599394 0.703874 -0.2139667 0.703874 -0.2139667 0.6771441 -0.1150736 0.5735244 -0.223643 0.5735244 -0.223643 0.5899829 -0.1094875 0.4127703 -0.1192536 0.3322008 -0.01701349 0.4127703 -0.1192536 0.4564394 0.01655477 0.3409449 0.10195 0.3322008 -0.01701349 0.441298 0.08320385 0.3409449 0.10195 0.441298 0.08320385 0.3603548 0.1613389 0.9214165 -0.1006206 0.9344586 0.05000329 0.7968674 -0.02198427 0.6927573 0.01151037 0.7202053 0.03759425 0.6837692 0.03151011 0.6545378 -0.004977703 0.6927573 0.01151037 0.6543124 0.01911711 0.6181786 0.001457273 0.6545378 -0.004977703 0.622783 0.01782929 0.5819353 0.02081871 0.6181786 0.001457273 0.5965795 0.03557497 0.558117 0.05429285 0.5819353 0.02081871 0.5750892 0.06214612 0.5444266 0.08788144 0.558117 0.05429285 0.5622194 0.09542065 0.54171 0.1045212 0.5444266 0.08788144 0.5596637 0.1069605 0.5422551 0.1428495 0.5544622 0.1417627 0.5513696 0.1785755 0.5513696 0.1785755 0.5632677 0.1698575 0.5616065 0.1934921 0.5709621 0.2061563 0.5803685 0.197269 0.5893055 0.2253792 0.5893055 0.2253792 0.6002436 0.2146001 0.6124181 0.2378492 0.6124181 0.2378492 0.6202285 0.2263892 0.6379168 0.2411337 0.6379168 0.2411337 0.6415135 0.2247315 0.6620316 0.2373855 0.6620316 0.2373855 0.6618636 0.221954 0.6891799 0.2257996 0.7106885 0.206719 0.6891799 0.2257996 0.7005661 0.1993746 0.7261705 0.187101 0.7106885 0.206719 0.7155813 0.177605 0.7261705 0.187101 0.7155813 0.177605 0.7394528 0.1572192 0.7437927 0.1162468 0.7394528 0.1572192 0.7278649 0.1196567 0.7380203 0.07575488 0.7437927 0.1162468 0.7221169 0.08664888 0.7202053 0.03759425 0.7380203 0.07575488 0.7071465 0.05600363 0.6809483 0.2118745 0.6783857 0.2034935 0.7005661 0.1993746 0.6618636 0.221954 0.66245 0.2119252 0.6809483 0.2118745 0.6415135 0.2247315 0.6423591 0.2159271 0.6618636 0.221954 0.6202285 0.2263892 0.6242007 0.2133343 0.6415135 0.2247315 0.6002436 0.2146001 0.6062282 0.2035081 0.6202285 0.2263892 0.5803685 0.197269 0.5911516 0.186779 0.6002436 0.2146001 0.5632677 0.1698575 0.5789246 0.1631041 0.5728951 0.1849026 0.5544622 0.1417627 0.5736114 0.1384094 0.5632677 0.1698575 0.5622194 0.09542065 0.5785399 0.1041013 0.5596637 0.1069605 0.5750892 0.06214612 0.5872192 0.07477009 0.5622194 0.09542065 0.5965795 0.03557497 0.6032349 0.05394119 0.5750892 0.06214612 0.622783 0.01782929 0.6270915 0.04053735 0.5965795 0.03557497 0.622783 0.01782929 0.6543124 0.01911711 0.6270915 0.04053735 0.6543124 0.01911711 0.6837692 0.03151011 0.6516628 0.0396595 0.6837692 0.03151011 0.7071465 0.05600363 0.6760531 0.04964619 0.7071465 0.05600363 0.7221169 0.08664888 0.6967486 0.07003462 0.7278649 0.1196567 0.7149959 0.1190828 0.7221169 0.08664888 0.7248271 0.1506929 0.7134824 0.1466534 0.7278649 0.1196567 0.7155813 0.177605 0.7059201 0.1699263 0.7248271 0.1506929 0.7005661 0.1993746 0.694208 0.1884099 0.7155813 0.177605 0.5649117 0.2924573 0.5359849 0.2590553 0.5744386 0.2557714 0.4461851 0.1193816 0.441298 0.08320385 0.4837562 0.1034787 0.441298 0.08320385 0.4564394 0.01655477 0.4803756 0.07378923 0.4564394 0.01655477 0.5067161 -0.02292203 0.5067806 0.03035056 0.5067161 -0.02292203 0.5899829 -0.1094875 0.5433061 -0.0169143 0.6771441 -0.1150736 0.6630993 -0.0593273 0.5899829 -0.1094875 0.7508426 -0.08599394 0.7178104 -0.03491848 0.6771441 -0.1150736 0.7968674 -0.02198427 0.7659061 0.001296222 0.7508426 -0.08599394 0.7968674 -0.02198427 0.8165706 0.06046873 0.7659061 0.001296222 0.8210092 0.1329421 0.7918749 0.1255804 0.8165706 0.06046873 0.8065502 0.1991618 0.7766222 0.1828111 0.8210092 0.1329421 0.7768841 0.249709 0.7581312 0.2290235 0.8065502 0.1991618 0.7438194 0.2862606 0.7359381 0.2641053 0.7768841 0.249709 0.7090572 0.3036337 0.706132 0.2766289 0.7438194 0.2862606 0.6756646 0.3134186 0.6704831 0.2852719 0.7090572 0.3036337 0.6756646 0.3134186 0.6414434 0.3168877 0.6704831 0.2852719 0.6414434 0.3168877 0.6047601 0.3111729 0.6395239 0.2874062 0.2966777 0.4949868 0.2866504 0.4927834 0.2930752 0.4653936 0.2660424 0.4815359 0.2729968 0.4673776 0.2713256 0.4856685 0.2930752 0.4653936 0.2886944 0.4742299 0.2729968 0.4673776 0.2692995 0.3517402 0.3184584 0.3804907 0.2723273 0.4507105 0.3102612 0.281086 0.3446806 0.3208124 0.2692995 0.3517402 0.3400494 0.2375948 0.3743095 0.2136915 0.369585 0.2787166 0.4844198 0.1275919 0.4939994 0.1658291 0.4509938 0.1482084 0.557374 0.1172719 0.5544622 0.1417627 0.541807 0.1196603 0.5757149 0.1255772 0.5736114 0.1384094 0.557374 0.1172719 0.9344586 0.05000329 0.8980986 0.1629263 0.8165706 0.06046873 0.8511403 0.2385982 0.8065502 0.1991618 0.8980986 0.1629263 0.8511403 0.2385982 0.8029333 0.2859682 0.8065502 0.1991618 0.8029333 0.2859682 0.757915 0.3125677 0.7768841 0.249709 0.757915 0.3125677 0.7190774 0.3323715 0.7438194 0.2862606 0.6811053 0.3506999 0.6756646 0.3134186 0.7190774 0.3323715 0.6412037 0.3735015 0.6414434 0.3168877 0.6811053 0.3506999 0.9214165 -0.1006206 0.8030589 -0.1690649 0.8963126 -0.1770709 0.8099197 -0.4747735 0.8733565 -0.4447754 0.7983188 -0.3125588 0.9379309 -0.6090577 0.8733565 -0.4447754 0.8633771 -0.6499227 0.9818847 -0.7025324 0.9379309 -0.6090577 0.9013175 -0.7565234 0.8963126 -0.1770709 0.7996878 -0.2362709 0.8671973 -0.2803755 0.7996878 -0.2362709 0.7009469 -0.2654696 0.7983188 -0.3125588 0.5444528 -0.3571845 0.711176 -0.3426278 0.5631023 -0.2795154 0.3134295 -0.1887201 0.5444528 -0.3571845 0.3676998 -0.1473662 0.2150816 -0.004140973 0.3134295 -0.1887201 0.282705 -0.01572102 0.2372784 0.1725482 0.2150816 -0.004140973 0.2755823 0.1218044 0.2795972 0.2338901 0.2372784 0.1725482 0.3122227 0.1867057 0.3400494 0.2375948 0.369585 0.2787166 0.3102612 0.281086 0.3446806 0.3208124 0.369585 0.2787166 0.3247302 0.41651 0.708236 0.5470001 0.706516 0.54801 0.701556 0.541255 0.701556 0.541255 0.700122 0.542433 0.694968 0.538123 0.694968 0.538123 0.694542 0.539344 0.688707 0.537658 0.682396 0.540456 0.688707 0.537658 0.683624 0.541418 0.677589 0.546224 0.682396 0.540456 0.678932 0.546854 0.674143 0.556434 0.677589 0.546224 0.676029 0.556639 0.674427 0.56055 0.674143 0.556434 0.67688 0.56002 0.681225 0.595066 0.674827 0.574558 0.684346 0.593789 0.68315 0.604709 0.681225 0.595066 0.685626 0.604218 0.686732 0.614731 0.683246 0.610141 0.686868 0.613819 0.693402 0.613626 0.686732 0.614731 0.692378 0.612395 0.700707 0.609638 0.693402 0.613626 0.69918 0.608592 0.708461 0.603285 0.700707 0.609638 0.706406 0.602667 0.713795 0.596899 0.708461 0.603285 0.711692 0.597016 0.717936 0.58868 0.713795 0.596899 0.71629 0.588178 0.719821 0.58049 0.717936 0.58868 0.717701 0.580479 0.719564 0.571389 0.719821 0.58049 0.717579 0.571797 0.719564 0.571389 0.717579 0.571797 0.717354 0.56186 0.717354 0.56186 0.715233 0.562332 0.713483 0.554071 0.713483 0.554071 0.71152 0.554958 0.708236 0.5470001 0.674827 0.574558 0.674794 0.564821 0.67774 0.573365 0.7359381 0.2641053 0.7106885 0.206719 0.7581312 0.2290235 0.706132 0.2766289 0.6891799 0.2257996 0.7359381 0.2641053 0.706132 0.2766289 0.6704831 0.2852719 0.6891799 0.2257996 0.6704831 0.2852719 0.6395239 0.2874062 0.6620316 0.2373855 0.6395239 0.2874062 0.6053628 0.2750142 0.6379168 0.2411337 0.6053628 0.2750142 0.5744386 0.2557714 0.6124181 0.2378492 0.5744386 0.2557714 0.5487815 0.2337781 0.5893055 0.2253792 0.5208956 0.2052131 0.5513696 0.1785755 0.5378796 0.2218734 0.4939994 0.1658291 0.5422551 0.1428495 0.5208956 0.2052131 0.541807 0.1196603 0.5422551 0.1428495 0.4844198 0.1275919 0.4803756 0.07378923 0.5444266 0.08788144 0.4837562 0.1034787 0.4803756 0.07378923 0.5067806 0.03035056 0.5444266 0.08788144 0.5067806 0.03035056 0.5433061 -0.0169143 0.558117 0.05429285 0.5433061 -0.0169143 0.6026489 -0.04972964 0.5819353 0.02081871 0.6630993 -0.0593273 0.6545378 -0.004977703 0.6026489 -0.04972964 0.7178104 -0.03491848 0.6927573 0.01151037 0.6630993 -0.0593273 0.7659061 0.001296222 0.7202053 0.03759425 0.7178104 -0.03491848 0.7855481 0.06604772 0.7380203 0.07575488 0.7659061 0.001296222 0.7918749 0.1255804 0.7437927 0.1162468 0.7855481 0.06604772 0.7766222 0.1828111 0.7394528 0.1572192 0.7918749 0.1255804 0.7581312 0.2290235 0.7261705 0.187101 0.7766222 0.1828111 0.3976476 0.5048847 0.3710278 0.5034241 0.3986645 0.5016908 0.5378796 0.2218734 0.5616065 0.1934921 0.5487815 0.2337781 0.5616065 0.1934921 0.5728951 0.1849026 0.5709621 0.2061563 0.5851176 0.1753103 0.5911516 0.186779 0.5728951 0.1849026 0.685626 0.604218 0.684396 0.609702 0.68315 0.604709 0.211826 0.306159 0.2692995 0.3517402 0.1566817 0.3930313 0.2795972 0.2338901 0.3102612 0.281086 0.211826 0.306159 0.3122227 0.1867057 0.3400494 0.2375948 0.2795972 0.2338901 0.3603548 0.1613389 0.3743095 0.2136915 0.3122227 0.1867057 0.4461851 0.1193816 0.4509938 0.1482084 0.3603548 0.1613389 0.4837562 0.1034787 0.4844198 0.1275919 0.4461851 0.1193816 0.54171 0.1045212 0.541807 0.1196603 0.4837562 0.1034787 0.5596637 0.1069605 0.557374 0.1172719 0.54171 0.1045212 0.5596637 0.1069605 0.5772454 0.115687 0.557374 0.1172719 0.67688 0.56002 0.677742 0.564416 0.674427 0.56055 0.08573865 0.3285877 0.1566817 0.3930313 0.03538095 0.4005807 0.2660424 0.4815359 0.2713256 0.4856685 0.2583712 0.5166086 0.297028 0.5166081 0.2869126 0.5166081 0.2966777 0.4949868 0.3159744 0.5166061 0.297028 0.5166081 0.3151246 0.4994021 0.3707039 0.5166059 0.3159744 0.5166061 0.3710278 0.5034241 0.3974578 0.5166055 0.3707039 0.5166059 0.3976476 0.5048847 0.3974578 0.5166055 0.3976476 0.5048847 0.4173251 0.5166052 1.043398 -0.792299 0.9818847 -0.7025324 0.9474182 -0.8662227 0.782052 -0.9196789 0.9474182 -0.8662227 0.7887853 -0.7979271 0.396375 -0.8851763 0.782052 -0.9196789 0.4426619 -0.8139436 -0.07335495 -0.498874 0.396375 -0.8851763 0.03661745 -0.4029579 -0.2106339 -0.01588863 -0.07335495 -0.498874 -0.09759676 -0.01982015 -0.2106339 -0.01588863 -0.09759676 -0.01982015 -0.04045617 0.5166129 0.1440092 0.4484495 0.1337133 0.5166105 0.03538095 0.4005807 0.2660424 0.4815359 0.2583712 0.5166086 0.1440092 0.4484495 0.3103337 0.4423834 0.321361 0.4510352 0.3017843 0.467723 0.3247302 0.41651 0.3320552 0.4250462 0.3103337 0.4423834 0.3247302 0.41651 0.3455051 0.3572574 0.3320552 0.4250462 0.3744499 0.4956892 0.3545767 0.4867921 0.3990985 0.4982206 0.3990985 0.4982206 0.3776155 0.489955 0.4231358 0.4939976 0.4531195 0.4277008 0.4399425 0.4394068 0.4464136 0.3819099 0.4314495 0.3702844 0.4464136 0.3819099 0.4165223 0.4087181 0.3832892 0.3583886 0.3841035 0.3961233 0.3689494 0.3694187 0.3370975 0.4245637 0.3689494 0.3694187 0.3530382 0.424938 0.3267535 0.449979 0.3370975 0.4245637 0.3515452 0.4452279 0.3244567 0.4798644 0.3267535 0.449979 0.3517563 0.4639461 0.3244567 0.4798644 0.3517563 0.4639461 0.3744499 0.4956892 0.5613874 0.3376098 0.5848359 0.3018151 0.6002158 0.3451234 0.5227853 0.3796975 0.5613874 0.3376098 0.5956716 0.3790739 0.424133 0.771812 0.3891263 0.7337694 0.4402562 0.7460485 0.3982265 0.7788883 0.3891263 0.7337694 0.4318917 0.8112612 0.424133 0.771812 0.4402562 0.7460485 0.4830217 0.8235403 0.4318917 0.8112612 0.424133 0.771812 0.465557 0.8436342 0.3954218 0.6879696 0.4108175 0.6872888 0.4525905 0.744291 0.3800262 0.6886505 0.3954218 0.6879696 0.4402562 0.7460485 0.4525905 0.744291 0.4658001 0.7369245 0.5106345 0.7950034 0.4402562 0.7460485 0.4525905 0.744291 0.5004863 0.8034465 0.5213838 0.6008645 0.5798447 0.6169343 0.5272146 0.6102304 0.5272146 0.6102304 0.5861228 0.6229404 0.5246911 0.6175989 0.5061841 0.5762299 0.5570093 0.5872378 0.5178512 0.5891681 0.5178512 0.5891681 0.568427 0.6020861 0.5213838 0.6008645 0.4852379 0.5441585 0.5461853 0.5528034 0.4894066 0.5574787 0.4894066 0.5574787 0.5515973 0.5700206 0.5061841 0.5762299 0.4658001 0.7369246 0.4108175 0.6872888 0.4735097 0.7283384 0.5207827 0.7865604 0.4658001 0.7369246 0.5283879 0.7803554 0.4735097 0.7283384 0.4226151 0.6817312 0.4852029 0.725162 0.5283879 0.7803554 0.4735097 0.7283384 0.5359932 0.7741504 0.4344125 0.6761736 0.4499054 0.6147592 0.4709125 0.6769632 0.5359932 0.7741504 0.5217028 0.7259517 0.5649193 0.7407466 0.5738089 0.6705752 0.5592335 0.6442862 0.597949 0.6711037 0.5227909 0.6344439 0.5592335 0.6442862 0.5420923 0.6624688 0.5808077 0.6892864 0.5738089 0.6705752 0.6002217 0.688079 0.5420923 0.6624688 0.5738089 0.6705752 0.5613937 0.6904937 0.4863481 0.6246015 0.5227909 0.6344439 0.5103757 0.6543624 0.5103757 0.6543624 0.5420923 0.6624689 0.534403 0.6841233 0.5891902 0.7093815 0.5808077 0.6892864 0.6024945 0.7050543 0.5613937 0.6904937 0.5808077 0.6892864 0.5731185 0.7109409 0.5948052 0.7267088 0.5891902 0.7093815 0.6047672 0.7220296 0.5731185 0.7109409 0.5891902 0.7093815 0.5848432 0.7313881 0.534403 0.6841232 0.5613937 0.6904937 0.5584305 0.7138842 0.5584305 0.7138842 0.5731185 0.7109409 0.5748813 0.7360673 0.4318841 0.221949 0.4655473 0.1895748 0.4241262 0.2661802 0.3982208 0.2543233 0.4318841 0.221949 0.3891216 0.3048788 0.4241262 0.2661802 0.4830125 0.2096678 0.44025 0.2925977 0.3800225 0.3554344 0.3891216 0.3048788 0.44025 0.2925977 0.44025 0.2925977 0.5004776 0.2297608 0.4525835 0.2944644 0.3800225 0.3554344 0.44025 0.2925977 0.3954171 0.3561147 0.4525835 0.2944644 0.5106259 0.2382034 0.465793 0.3017204 0.3954171 0.3561147 0.4525835 0.2944644 0.4108118 0.356795 0.5272102 0.4229742 0.5246863 0.4156054 0.5861188 0.410263 0.5213797 0.432341 0.5272102 0.4229742 0.5798408 0.4162694 0.5178477 0.4440381 0.5213797 0.432341 0.5684237 0.4311185 0.5061812 0.4569771 0.5178477 0.4440381 0.5570065 0.4459677 0.4894042 0.4757179 0.5061812 0.4569771 0.5515951 0.4631855 0.485236 0.4889876 0.4894042 0.4757179 0.5461837 0.4804033 0.4834937 0.4984005 0.485236 0.4889876 0.5448893 0.4897199 0.4817801 0.5010288 0.4834937 0.4984005 0.5435949 0.4990364 0.5283796 0.2528506 0.5359849 0.2590553 0.4735026 0.3104801 0.5207742 0.2466459 0.5283796 0.2528506 0.465793 0.3017204 0.4735026 0.3104801 0.4851955 0.3134818 0.4226089 0.3623516 0.465793 0.3017204 0.4735026 0.3104801 0.4108118 0.356795 0.5074054 0.3363892 0.5649117 0.2924573 0.5343964 0.3369995 0.5343964 0.3369995 0.5748738 0.2971362 0.5613874 0.3376098 0.4498989 0.3803211 0.5074054 0.3363892 0.4863421 0.3800093 0.4863421 0.3800093 0.5343964 0.3369995 0.5227853 0.3796975 0.4569756 0.426954 0.490831 0.4212797 0.4599471 0.4376834 0.490831 0.4212797 0.5246863 0.4156054 0.4935786 0.4303288 0.4599471 0.4376834 0.4935786 0.4303288 0.4629185 0.4484127 0.4935786 0.4303288 0.5272102 0.4229742 0.4921491 0.4403768 0.4591372 0.4581996 0.4629185 0.4484127 0.4884924 0.4511188 0.4884924 0.4511188 0.4921491 0.4403768 0.5178477 0.4440381 0.4553558 0.4679865 0.4591372 0.4581996 0.4807685 0.4624819 0.4807685 0.4624819 0.4884924 0.4511189 0.5061812 0.4569771 0.439822 0.4827792 0.4553558 0.4679865 0.4646131 0.4792486 0.4646131 0.4792486 0.4807685 0.4624819 0.4894042 0.4757179 0.4242883 0.4975719 0.439822 0.4827792 0.4547621 0.4932798 0.4547621 0.4932798 0.4646131 0.4792486 0.485236 0.4889876 0.4221268 0.5002965 0.4242883 0.4975719 0.4528102 0.4993485 0.4528102 0.4993485 0.4547621 0.4932798 0.4834937 0.4984005 0.4199653 0.5030211 0.4221268 0.5002965 0.4508727 0.502025 0.4508727 0.502025 0.4528103 0.4993485 0.4817801 0.5010288 0 0 -5.63589e-7 0.5000002 1 0 -5.63589e-7 0.5000002 0 1 1 0.4999996 0.459952 0.5955231 0.4629229 0.5847948 0.4935833 0.6028767 0.4935833 0.6028767 0.4921534 0.5928297 0.5272146 0.6102304 0.4569811 0.6062513 0.459952 0.5955231 0.4908361 0.6119251 0.4908361 0.6119251 0.4935833 0.6028767 0.5246911 0.6175989 0.4553588 0.565222 0.4807714 0.5707259 0.4591408 0.5750084 0.4807714 0.5707259 0.5061841 0.5762299 0.488496 0.5820882 0.4591408 0.5750084 0.488496 0.5820882 0.4629229 0.5847948 0.488496 0.5820882 0.5178512 0.5891681 0.4921534 0.5928297 0.4242905 0.5355136 0.4547641 0.5398361 0.4398247 0.5503678 0.4547641 0.5398361 0.4852379 0.5441585 0.4646157 0.5539233 0.4398247 0.5503678 0.4646157 0.5539233 0.4553588 0.565222 0.4646157 0.5539233 0.4894066 0.5574787 0.4807714 0.5707259 0.4499054 0.6147592 0.4681268 0.6196804 0.4786589 0.646256 0.4681268 0.6196804 0.4863481 0.6246015 0.4945173 0.6503092 0.4786589 0.646256 0.4945173 0.6503092 0.5074124 0.6777529 0.4945173 0.6503092 0.5103757 0.6543624 0.5209077 0.6809381 0.5074124 0.6777529 0.5209077 0.6809381 0.5361658 0.7092497 0.5209077 0.6809381 0.534403 0.6841232 0.5472981 0.7115669 0.5361658 0.7092497 0.5472981 0.7115669 0.5649193 0.7407466 0.5472981 0.7115669 0.5584305 0.7138842 0.5699003 0.738407 0 0 1 0 0 0.5 0 0.5 1 0.4999994 0 1</float_array>
          <technique_common>
            <accessor source="#JULIETTE_OEIL_GA_JULI-mesh-map-array" count="4725" stride="2">
              <param name="S" type="float"/>
              <param name="T" type="float"/>
            </accessor>
          </technique_common>
        </source>
        <vertices id="JULIETTE_OEIL_GA_JULI-mesh-vertices">
          <input semantic="POSITION" source="#JULIETTE_OEIL_GA_JULI-mesh-positions"/>
        </vertices>
        <triangles material="face_tex-material" count="46">
          <input semantic="VERTEX" source="#JULIETTE_OEIL_GA_JULI-mesh-vertices" offset="0"/>
          <input semantic="NORMAL" source="#JULIETTE_OEIL_GA_JULI-mesh-normals" offset="1"/>
          <input semantic="TEXCOORD" source="#JULIETTE_OEIL_GA_JULI-mesh-map" offset="2" set="0"/>
          <p>16 0 0 17 1 1 18 2 2 250 3 3 249 4 4 18 2 5 17 1 6 16 0 7 309 5 8 311 6 9 250 3 10 17 1 11 368 7 12 369 8 13 370 9 14 369 8 15 602 10 16 601 11 17 370 9 18 310 12 19 309 5 20 370 9 21 601 11 22 311 6 23 671 13 24 670 14 25 674 15 26 672 16 27 671 13 28 674 15 29 670 14 30 669 17 31 674 15 32 664 18 33 663 19 34 674 15 35 665 20 36 664 18 37 674 15 38 669 17 39 668 21 40 674 15 41 673 22 42 672 16 43 674 15 44 660 23 45 673 22 46 674 15 47 661 24 48 660 23 49 674 15 50 668 21 51 667 25 52 674 15 53 666 26 54 665 20 55 674 15 56 667 25 57 666 26 58 674 15 59 662 27 60 661 24 61 674 15 62 351 28 63 339 29 64 675 30 65 344 31 66 345 32 67 675 30 68 338 33 69 340 34 70 675 30 71 346 35 72 347 36 73 675 30 74 349 37 75 350 38 76 675 30 77 350 38 78 351 28 79 675 30 80 343 39 81 344 31 82 675 30 83 347 36 84 348 40 85 675 30 86 345 32 87 346 35 88 675 30 89 339 29 90 338 33 91 675 30 92 341 41 93 342 42 94 675 30 95 342 42 96 343 39 97 675 30 98 348 40 99 349 37 100 675 30 101 663 19 102 678 43 103 674 15 104 678 43 105 662 27 106 674 15 107 340 34 108 679 44 109 675 30 110 679 44 111 341 41 112 675 30 113 627 45 114 748 46 115 676 47 116 748 46 117 626 48 118 676 47 119 17 1 120 250 3 121 18 2 122 310 12 123 17 1 124 309 5 125 310 12 126 311 6 127 17 1 128 370 9 129 369 8 130 601 11 131 368 7 132 370 9 133 309 5 134 310 12 135 370 9 136 311 6 137</p>
        </triangles>
        <triangles material="milky_white-material" count="339">
          <input semantic="VERTEX" source="#JULIETTE_OEIL_GA_JULI-mesh-vertices" offset="0"/>
          <input semantic="NORMAL" source="#JULIETTE_OEIL_GA_JULI-mesh-normals" offset="1"/>
          <input semantic="TEXCOORD" source="#JULIETTE_OEIL_GA_JULI-mesh-map" offset="2" set="0"/>
          <p>0 49 138 1 50 139 2 51 140 30 52 141 31 53 142 32 54 143 34 55 144 35 56 145 32 54 146 34 55 147 36 57 148 37 58 149 38 59 150 39 60 151 37 58 152 40 61 153 41 62 154 39 60 155 40 61 156 42 63 157 43 64 158 42 63 159 44 65 160 45 66 161 44 65 162 46 67 163 47 68 164 48 69 165 49 70 166 47 68 167 0 49 168 3 71 169 49 70 170 2 51 171 50 72 172 51 73 173 32 54 174 62 74 175 63 75 176 35 56 177 64 76 178 62 74 179 37 58 180 65 77 181 64 76 182 37 58 183 39 60 184 66 78 185 39 60 186 41 62 187 67 79 188 41 62 189 43 64 190 68 80 191 43 64 192 45 66 193 69 81 194 45 66 195 47 68 196 70 82 197 47 68 198 49 70 199 71 83 200 3 71 201 51 73 202 71 83 203 51 73 204 50 72 205 72 84 206 62 74 207 83 85 208 84 86 209 62 74 210 64 76 211 85 87 212 65 77 213 86 88 214 85 87 215 66 78 216 87 89 217 86 88 218 66 78 219 67 79 220 88 90 221 68 80 222 89 91 223 88 90 224 68 80 225 69 81 226 90 92 227 69 81 228 70 82 229 91 93 230 70 82 231 71 83 232 92 94 233 71 83 234 51 73 235 73 95 236 84 86 237 83 85 238 111 96 239 86 88 240 114 97 241 112 98 242 87 89 243 115 99 244 114 97 245 87 89 246 88 90 247 116 100 248 89 91 249 117 101 250 116 100 251 90 92 252 118 102 253 117 101 254 91 93 255 119 103 256 118 102 257 92 94 258 120 104 259 119 103 260 73 95 261 121 105 262 120 104 263 113 106 264 112 98 265 141 107 266 114 97 267 142 108 268 141 107 269 115 99 270 143 109 271 142 108 272 115 99 273 116 100 274 144 110 275 117 101 276 145 111 277 144 110 278 117 101 279 118 102 280 146 112 281 119 103 282 147 113 283 146 112 284 119 103 285 120 104 286 147 113 287 73 95 288 72 84 289 276 114 290 281 115 291 280 116 292 2 51 293 274 117 294 275 118 295 30 52 296 280 116 297 278 119 298 50 72 299 279 120 300 72 84 301 50 72 302 268 121 303 111 96 304 113 106 305 148 122 306 120 104 307 121 105 308 267 123 309 113 106 310 141 107 311 266 124 312 141 107 313 142 108 314 265 125 315 142 108 316 143 109 317 263 126 318 264 127 319 143 109 320 263 126 321 144 110 322 145 111 323 262 128 324 145 111 325 146 112 326 261 129 327 146 112 328 147 113 329 148 122 330 260 130 331 147 113 332 277 131 333 276 114 334 72 84 335 122 132 336 121 105 337 276 114 338 275 118 339 317 133 340 318 134 341 319 135 342 31 53 343 30 52 344 320 136 345 34 55 346 31 53 347 320 136 348 321 137 349 36 57 350 322 138 351 38 59 352 36 57 353 323 139 354 40 61 355 38 59 356 324 140 357 42 63 358 40 61 359 324 140 360 325 141 361 44 65 362 325 141 363 326 142 364 46 67 365 327 143 366 48 69 367 46 67 368 48 69 369 327 143 370 328 144 371 1 50 372 0 49 373 328 144 374 330 145 375 281 115 376 1 50 377 352 146 378 353 147 379 354 148 380 382 149 381 383 150 382 384 151 383 384 151 384 386 152 385 387 153 386 387 153 387 386 152 388 388 154 389 388 154 390 390 155 391 391 156 392 390 155 393 392 157 394 393 158 395 393 158 396 392 157 397 394 159 398 395 160 399 394 159 400 396 161 401 397 162 402 396 161 403 398 163 404 398 163 405 400 164 406 401 165 407 400 164 408 353 147 409 352 146 410 402 166 411 403 167 412 354 148 413 414 168 414 415 169 415 384 151 416 415 169 417 416 170 418 386 152 419 416 170 420 417 171 421 388 154 422 388 154 423 417 171 424 418 172 425 390 155 426 418 172 427 419 173 428 392 157 429 419 173 430 420 174 431 394 159 432 420 174 433 421 175 434 396 161 435 421 175 436 422 176 437 398 163 438 422 176 439 423 177 440 423 177 441 402 166 442 353 147 443 402 166 444 424 178 445 425 179 446 435 180 447 436 181 448 415 169 449 415 169 450 436 181 451 437 182 452 437 182 453 438 183 454 417 171 455 438 183 456 439 184 457 418 172 458 418 172 459 439 184 460 440 185 461 440 185 462 441 186 463 420 174 464 420 174 465 441 186 466 442 187 467 421 175 468 442 187 469 443 188 470 422 176 471 443 188 472 444 189 473 423 177 474 444 189 475 424 178 476 435 180 477 463 190 478 436 181 479 465 191 480 466 192 481 438 183 482 466 192 483 467 193 484 439 184 485 439 184 486 467 193 487 468 194 488 468 194 489 469 195 490 441 186 491 469 195 492 470 196 493 442 187 494 470 196 495 471 197 496 443 188 497 471 197 498 472 198 499 444 189 500 472 198 501 473 199 502 424 178 503 464 200 504 493 201 505 465 191 506 493 201 507 494 202 508 466 192 509 494 202 510 495 203 511 467 193 512 467 193 513 495 203 514 496 204 515 496 204 516 497 205 517 469 195 518 469 195 519 497 205 520 498 206 521 498 206 522 499 207 523 471 197 524 471 197 525 499 207 526 472 198 527 424 178 528 473 199 529 628 208 530 633 209 531 355 210 532 354 148 533 632 211 534 354 148 535 403 167 536 403 167 537 425 179 538 631 212 539 464 200 540 463 190 541 620 213 542 473 199 543 472 198 544 500 214 545 493 201 546 464 200 547 619 215 548 494 202 549 493 201 550 618 216 551 495 203 552 494 202 553 617 217 554 615 218 555 496 204 556 495 203 557 497 205 558 496 204 559 615 218 560 498 206 561 497 205 562 614 219 563 499 207 564 498 206 565 613 220 566 500 214 567 472 198 568 499 207 569 425 179 570 628 208 571 629 221 572 628 208 573 473 199 574 474 222 575 318 134 576 317 133 577 627 223 578 382 149 579 385 224 580 319 135 581 385 224 582 387 153 583 320 136 584 320 136 585 387 153 586 389 225 587 389 225 588 391 156 589 322 138 590 391 156 591 393 158 592 323 139 593 393 158 594 395 160 595 324 140 596 324 140 597 395 160 598 397 162 599 325 141 600 397 162 601 399 226 602 399 226 603 401 165 604 327 143 605 401 165 606 352 146 607 328 144 608 328 144 609 352 146 610 355 210 611 330 145 612 329 227 613 355 210 614 465 191 615 437 182 616 436 181 617 464 200 618 465 191 619 436 181 620 463 190 621 464 200 622 436 181 623 83 85 624 85 87 625 112 98 626 83 85 627 112 98 628 113 106 629 83 85 630 113 106 631 111 96 632 700 228 633 33 229 634 63 75 635 273 230 636 700 228 637 63 75 638 700 228 639 274 117 640 33 229 641 692 231 642 63 75 643 84 86 644 270 232 645 692 231 646 84 86 647 692 231 648 273 230 649 63 75 650 696 233 651 84 86 652 111 96 653 268 121 654 696 233 655 111 96 656 696 233 657 270 232 658 84 86 659 748 234 660 383 150 661 382 149 662 627 223 663 748 234 664 382 149 665 748 234 666 626 235 667 383 150 668 735 236 669 414 168 670 383 150 671 626 235 672 735 236 673 383 150 674 735 236 675 625 237 676 414 168 677 753 238 678 435 180 679 414 168 680 625 237 681 753 238 682 414 168 683 753 238 684 623 239 685 435 180 686 744 240 687 463 190 688 435 180 689 623 239 690 744 240 691 435 180 692 744 240 693 620 213 694 463 190 695 3 71 696 0 49 697 2 51 698 33 229 699 30 52 700 32 54 701 31 53 702 34 55 703 32 54 704 35 56 705 34 55 706 37 58 707 36 57 708 38 59 709 37 58 710 38 59 711 40 61 712 39 60 713 41 62 714 40 61 715 43 64 716 43 64 717 42 63 718 45 66 719 45 66 720 44 65 721 47 68 722 46 67 723 48 69 724 47 68 725 48 69 726 0 49 727 49 70 728 3 71 729 2 51 730 51 73 731 33 229 732 32 54 733 63 75 734 32 54 735 35 56 736 62 74 737 35 56 738 37 58 739 64 76 740 65 77 741 37 58 742 66 78 743 66 78 744 39 60 745 67 79 746 67 79 747 41 62 748 68 80 749 68 80 750 43 64 751 69 81 752 69 81 753 45 66 754 70 82 755 70 82 756 47 68 757 71 83 758 49 70 759 3 71 760 71 83 761 73 95 762 51 73 763 72 84 764 63 75 765 62 74 766 84 86 767 83 85 768 62 74 769 85 87 770 64 76 771 65 77 772 85 87 773 65 77 774 66 78 775 86 88 776 87 89 777 66 78 778 88 90 779 67 79 780 68 80 781 88 90 782 89 91 783 68 80 784 90 92 785 90 92 786 69 81 787 91 93 788 91 93 789 70 82 790 92 94 791 92 94 792 71 83 793 73 95 794 85 87 795 86 88 796 112 98 797 86 88 798 87 89 799 114 97 800 115 99 801 87 89 802 116 100 803 88 90 804 89 91 805 116 100 806 89 91 807 90 92 808 117 101 809 90 92 810 91 93 811 118 102 812 91 93 813 92 94 814 119 103 815 92 94 816 73 95 817 120 104 818 112 98 819 114 97 820 141 107 821 114 97 822 115 99 823 142 108 824 143 109 825 115 99 826 144 110 827 116 100 828 117 101 829 144 110 830 145 111 831 117 101 832 146 112 833 118 102 834 119 103 835 146 112 836 121 105 837 73 95 838 276 114 839 1 50 840 281 115 841 2 51 842 33 229 843 274 117 844 30 52 845 2 51 846 280 116 847 50 72 848 278 119 849 279 120 850 50 72 851 267 123 852 268 121 853 113 106 854 122 132 855 148 122 856 121 105 857 266 124 858 267 123 859 141 107 860 265 125 861 266 124 862 142 108 863 264 127 864 265 125 865 143 109 866 144 110 867 263 126 868 143 109 869 262 128 870 263 126 871 145 111 872 261 129 873 262 128 874 146 112 875 260 130 876 261 129 877 147 113 878 120 104 879 148 122 880 147 113 881 279 120 882 277 131 883 72 84 884 277 131 885 122 132 886 276 114 887 30 52 888 275 118 889 318 134 890 318 134 891 319 135 892 30 52 893 319 135 894 320 136 895 31 53 896 34 55 897 320 136 898 36 57 899 321 137 900 322 138 901 36 57 902 322 138 903 323 139 904 38 59 905 323 139 906 324 140 907 40 61 908 42 63 909 324 140 910 44 65 911 44 65 912 325 141 913 46 67 914 326 142 915 327 143 916 46 67 917 0 49 918 48 69 919 328 144 920 329 227 921 1 50 922 328 144 923 329 227 924 330 145 925 1 50 926 355 210 927 352 146 928 354 148 929 385 224 930 382 149 931 384 151 932 385 224 933 384 151 934 387 153 935 389 225 936 387 153 937 388 154 938 389 225 939 388 154 940 391 156 941 391 156 942 390 155 943 393 158 944 395 160 945 393 158 946 394 159 947 397 162 948 395 160 949 396 161 950 399 226 951 397 162 952 398 163 953 399 226 954 398 163 955 401 165 956 401 165 957 400 164 958 352 146 959 353 147 960 402 166 961 354 148 962 383 150 963 414 168 964 384 151 965 384 151 966 415 169 967 386 152 968 386 152 969 416 170 970 388 154 971 390 155 972 388 154 973 418 172 974 392 157 975 390 155 976 419 173 977 394 159 978 392 157 979 420 174 980 396 161 981 394 159 982 421 175 983 398 163 984 396 161 985 422 176 986 400 164 987 398 163 988 423 177 989 400 164 990 423 177 991 353 147 992 403 167 993 402 166 994 425 179 995 414 168 996 435 180 997 415 169 998 416 170 999 415 169 1000 437 182 1001 416 170 1002 437 182 1003 417 171 1004 417 171 1005 438 183 1006 418 172 1007 419 173 1008 418 172 1009 440 185 1010 419 173 1011 440 185 1012 420 174 1013 421 175 1014 420 174 1015 442 187 1016 422 176 1017 421 175 1018 443 188 1019 423 177 1020 422 176 1021 444 189 1022 402 166 1023 423 177 1024 424 178 1025 437 182 1026 465 191 1027 438 183 1028 438 183 1029 466 192 1030 439 184 1031 440 185 1032 439 184 1033 468 194 1034 440 185 1035 468 194 1036 441 186 1037 441 186 1038 469 195 1039 442 187 1040 442 187 1041 470 196 1042 443 188 1043 443 188 1044 471 197 1045 444 189 1046 444 189 1047 472 198 1048 424 178 1049 465 191 1050 493 201 1051 466 192 1052 466 192 1053 494 202 1054 467 193 1055 468 194 1056 467 193 1057 496 204 1058 468 194 1059 496 204 1060 469 195 1061 470 196 1062 469 195 1063 498 206 1064 470 196 1065 498 206 1066 471 197 1067 425 179 1068 424 178 1069 628 208 1070 632 211 1071 633 209 1072 354 148 1073 630 241 1074 632 211 1075 403 167 1076 630 241 1077 403 167 1078 631 212 1079 619 215 1080 464 200 1081 620 213 1082 474 222 1083 473 199 1084 500 214 1085 618 216 1086 493 201 1087 619 215 1088 617 217 1089 494 202 1090 618 216 1091 616 242 1092 495 203 1093 617 217 1094 616 242 1095 615 218 1096 495 203 1097 614 219 1098 497 205 1099 615 218 1100 613 220 1101 498 206 1102 614 219 1103 612 243 1104 499 207 1105 613 220 1106 612 243 1107 500 214 1108 499 207 1109 631 212 1110 425 179 1111 629 221 1112 629 221 1113 628 208 1114 474 222 1115 382 149 1116 318 134 1117 627 223 1118 318 134 1119 382 149 1120 319 135 1121 319 135 1122 385 224 1123 320 136 1124 321 137 1125 320 136 1126 389 225 1127 321 137 1128 389 225 1129 322 138 1130 322 138 1131 391 156 1132 323 139 1133 323 139 1134 393 158 1135 324 140 1136 325 141 1137 324 140 1138 397 162 1139 326 142 1140 325 141 1141 399 226 1142 326 142 1143 399 226 1144 327 143 1145 327 143 1146 401 165 1147 328 144 1148 329 227 1149 328 144 1150 355 210 1151 633 209 1152 330 145 1153 355 210 1154</p>
        </triangles>
        <triangles material="ear_tex-material" count="46">
          <input semantic="VERTEX" source="#JULIETTE_OEIL_GA_JULI-mesh-vertices" offset="0"/>
          <input semantic="NORMAL" source="#JULIETTE_OEIL_GA_JULI-mesh-normals" offset="1"/>
          <input semantic="TEXCOORD" source="#JULIETTE_OEIL_GA_JULI-mesh-map" offset="2" set="0"/>
          <p>642 244 1155 656 245 1156 676 246 1157 655 247 1158 654 248 1159 676 246 1160 643 249 1161 642 244 1162 676 246 1163 648 250 1164 647 251 1165 676 246 1166 649 252 1167 648 250 1168 676 246 1169 636 253 1170 635 254 1171 676 246 1172 647 251 1173 646 255 1174 676 246 1175 640 256 1176 639 257 1177 676 246 1178 639 257 1179 638 258 1180 676 246 1181 635 254 1182 634 259 1183 676 246 1184 645 260 1185 644 261 1186 676 246 1187 638 258 1188 637 262 1189 676 246 1190 637 262 1191 636 253 1192 676 246 1193 652 263 1194 651 264 1195 676 246 1196 644 261 1197 643 249 1198 676 246 1199 634 259 1200 655 247 1201 676 246 1202 646 255 1203 645 260 1204 676 246 1205 653 265 1206 652 263 1207 676 246 1208 651 264 1209 650 266 1210 676 246 1211 654 248 1212 653 265 1213 676 246 1214 650 266 1215 649 252 1216 676 246 1217 641 267 1218 640 256 1219 676 246 1220 656 245 1221 641 267 1222 676 246 1223 299 268 1224 300 269 1225 677 270 1226 292 271 1227 294 272 1228 677 270 1229 285 273 1230 286 274 1231 677 270 1232 300 269 1233 301 275 1234 677 270 1235 284 276 1236 285 273 1237 677 270 1238 303 277 1239 283 278 1240 677 270 1241 287 279 1242 288 280 1243 677 270 1244 290 281 1245 292 271 1246 677 270 1247 298 282 1248 299 268 1249 677 270 1250 286 274 1251 287 279 1252 677 270 1253 301 275 1254 302 283 1255 677 270 1256 297 284 1257 298 282 1258 677 270 1259 288 280 1260 289 285 1261 677 270 1262 294 272 1263 293 286 1264 677 270 1265 295 287 1266 296 288 1267 677 270 1268 293 286 1269 295 287 1270 677 270 1271 291 289 1272 290 281 1273 677 270 1274 289 285 1275 304 290 1276 677 270 1277 296 288 1278 297 284 1279 677 270 1280 283 278 1281 282 291 1282 677 270 1283 302 283 1284 303 277 1285 677 270 1286 282 291 1287 284 276 1288 677 270 1289 304 290 1290 291 289 1291 677 270 1292</p>
        </triangles>
        <triangles material="shiny_white-material" count="1144">
          <input semantic="VERTEX" source="#JULIETTE_OEIL_GA_JULI-mesh-vertices" offset="0"/>
          <input semantic="NORMAL" source="#JULIETTE_OEIL_GA_JULI-mesh-normals" offset="1"/>
          <input semantic="TEXCOORD" source="#JULIETTE_OEIL_GA_JULI-mesh-map" offset="2" set="0"/>
          <p>4 292 1293 5 293 1294 6 294 1295 8 295 1296 9 296 1297 6 294 1298 10 297 1299 11 298 1300 9 296 1301 10 297 1302 12 299 1303 13 300 1304 12 299 1305 14 301 1306 15 302 1307 19 303 1308 20 304 1309 21 305 1310 23 306 1311 24 307 1312 25 308 1313 27 309 1314 28 310 1315 29 311 1316 7 312 1317 6 294 1318 52 313 1319 9 296 1320 54 314 1321 52 313 1322 9 296 1323 11 298 1324 55 315 1325 11 298 1326 13 300 1327 56 316 1328 13 300 1329 15 302 1330 57 317 1331 15 302 1332 58 318 1333 59 319 1334 21 305 1335 60 320 1336 61 321 1337 53 322 1338 52 313 1339 74 323 1340 52 313 1341 54 314 1342 76 324 1343 54 314 1344 55 315 1345 77 325 1346 55 315 1347 56 316 1348 78 326 1349 56 316 1350 57 317 1351 79 327 1352 59 319 1353 80 328 1354 79 327 1355 60 320 1356 81 329 1357 82 330 1358 94 331 1359 95 332 1360 96 333 1361 95 332 1362 97 334 1363 98 335 1364 97 334 1365 99 336 1366 100 337 1367 99 336 1368 101 338 1369 102 339 1370 101 338 1371 103 340 1372 104 341 1373 105 342 1374 106 343 1375 104 341 1376 93 344 1377 123 345 1378 124 346 1379 96 333 1380 125 347 1381 123 345 1382 98 335 1383 126 348 1384 125 347 1385 100 337 1386 127 349 1387 126 348 1388 100 337 1389 102 339 1390 128 350 1391 102 339 1392 104 341 1393 129 351 1394 106 343 1395 130 352 1396 129 351 1397 148 122 1398 122 132 1399 124 346 1400 150 353 1401 151 354 1402 152 355 1403 151 354 1404 154 356 1405 155 357 1406 154 356 1407 156 358 1408 157 359 1409 156 358 1410 158 360 1411 159 361 1412 158 360 1413 160 362 1414 161 363 1415 160 362 1416 162 364 1417 163 365 1418 162 364 1419 164 366 1420 165 367 1421 167 368 1422 168 369 1423 169 370 1424 170 371 1425 171 372 1426 168 369 1427 173 373 1428 174 374 1429 175 375 1430 176 376 1431 177 377 1432 174 374 1433 178 378 1434 179 379 1435 177 377 1436 180 380 1437 181 381 1438 179 379 1439 182 382 1440 183 383 1441 181 381 1442 182 382 1443 184 384 1444 185 385 1445 184 384 1446 186 386 1447 187 387 1448 188 388 1449 189 389 1450 187 387 1451 188 388 1452 190 390 1453 191 391 1454 190 390 1455 192 392 1456 193 393 1457 192 392 1458 150 353 1459 153 394 1460 185 385 1461 194 395 1462 195 396 1463 183 383 1464 195 396 1465 196 397 1466 181 381 1467 196 397 1468 197 398 1469 179 379 1470 197 398 1471 198 399 1472 177 377 1473 198 399 1474 199 400 1475 174 374 1476 199 400 1477 200 401 1478 171 372 1479 201 402 1480 202 403 1481 168 369 1482 202 403 1483 203 404 1484 165 367 1485 204 405 1486 205 406 1487 163 365 1488 205 406 1489 206 407 1490 161 363 1491 206 407 1492 207 408 1493 159 361 1494 207 408 1495 208 409 1496 155 357 1497 157 359 1498 208 409 1499 152 355 1500 155 357 1501 209 410 1502 153 394 1503 152 355 1504 210 411 1505 193 393 1506 153 394 1507 211 412 1508 193 393 1509 212 413 1510 213 414 1511 191 391 1512 213 414 1513 214 415 1514 189 389 1515 214 415 1516 215 416 1517 187 387 1518 215 416 1519 194 395 1520 138 417 1521 137 418 1522 217 419 1523 129 351 1524 130 352 1525 222 420 1526 128 350 1527 129 351 1528 223 421 1529 127 349 1530 128 350 1531 224 422 1532 126 348 1533 127 349 1534 225 423 1535 126 348 1536 226 424 1537 227 425 1538 125 347 1539 227 425 1540 228 426 1541 123 345 1542 228 426 1543 229 427 1544 149 428 1545 124 346 1546 229 427 1547 149 428 1548 230 429 1549 232 430 1550 231 431 1551 232 430 1552 234 432 1553 233 433 1554 234 432 1555 236 434 1556 235 435 1557 236 434 1558 238 436 1559 237 437 1560 238 436 1561 240 438 1562 239 439 1563 240 438 1564 242 440 1565 243 441 1566 241 442 1567 242 440 1568 140 443 1569 243 441 1570 244 444 1571 22 445 1572 249 4 1573 250 3 1574 16 0 1575 18 2 1576 247 446 1577 247 446 1578 18 2 1579 249 4 1580 248 447 1581 247 446 1582 22 445 1583 248 447 1584 22 445 1585 61 321 1586 251 448 1587 61 321 1588 82 330 1589 253 449 1590 254 450 1591 107 451 1592 255 452 1593 132 453 1594 221 454 1595 258 455 1596 166 456 1597 169 370 1598 257 457 1599 169 370 1600 203 404 1601 260 130 1602 148 122 1603 149 428 1604 260 130 1605 231 431 1606 233 433 1607 262 128 1608 261 129 1609 233 433 1610 263 126 1611 262 128 1612 235 435 1613 264 127 1614 263 126 1615 237 437 1616 264 127 1617 239 439 1618 241 442 1619 265 125 1620 241 442 1621 243 441 1622 268 121 1623 267 123 1624 139 458 1625 93 344 1626 122 132 1627 277 131 1628 278 119 1629 53 322 1630 75 459 1631 7 312 1632 53 322 1633 278 119 1634 4 292 1635 7 312 1636 280 116 1637 94 331 1638 277 131 1639 279 120 1640 95 332 1641 94 331 1642 75 459 1643 74 323 1644 76 324 1645 97 334 1646 76 324 1647 77 325 1648 99 336 1649 77 325 1650 78 326 1651 101 338 1652 78 326 1653 79 327 1654 103 340 1655 79 327 1656 80 328 1657 105 342 1658 107 451 1659 254 450 1660 252 460 1661 81 329 1662 108 461 1663 107 451 1664 210 411 1665 282 291 1666 283 278 1667 209 410 1668 284 276 1669 282 291 1670 208 409 1671 285 273 1672 284 276 1673 208 409 1674 207 408 1675 286 274 1676 207 408 1677 206 407 1678 287 279 1679 206 407 1680 205 406 1681 288 280 1682 205 406 1683 204 405 1684 289 285 1685 203 404 1686 202 403 1687 290 281 1688 202 403 1689 201 402 1690 292 271 1691 200 401 1692 199 400 1693 293 286 1694 199 400 1695 198 399 1696 295 287 1697 198 399 1698 197 398 1699 296 288 1700 197 398 1701 196 397 1702 297 284 1703 196 397 1704 195 396 1705 298 282 1706 195 396 1707 194 395 1708 299 268 1709 194 395 1710 215 416 1711 300 269 1712 215 416 1713 214 415 1714 301 275 1715 213 414 1716 302 283 1717 301 275 1718 212 413 1719 303 277 1720 302 283 1721 211 412 1722 283 278 1723 303 277 1724 259 462 1725 203 404 1726 291 289 1727 236 434 1728 186 386 1729 184 384 1730 238 436 1731 184 384 1732 182 382 1733 242 440 1734 240 438 1735 182 382 1736 244 444 1737 242 440 1738 180 380 1739 216 463 1740 244 444 1741 178 378 1742 217 419 1743 216 463 1744 176 376 1745 218 464 1746 217 419 1747 173 373 1748 219 465 1749 170 371 1750 167 368 1751 220 466 1752 167 368 1753 166 456 1754 256 467 1755 221 454 1756 166 456 1757 222 420 1758 164 366 1759 162 364 1760 224 422 1761 223 421 1762 162 364 1763 225 423 1764 224 422 1765 160 362 1766 226 424 1767 225 423 1768 158 360 1769 226 424 1770 156 358 1771 154 356 1772 227 425 1773 154 356 1774 151 354 1775 228 426 1776 151 354 1777 150 353 1778 229 427 1779 150 353 1780 192 392 1781 230 429 1782 192 392 1783 190 390 1784 232 430 1785 190 390 1786 188 388 1787 234 432 1788 188 388 1789 186 386 1790 23 306 1791 26 468 1792 29 311 1793 170 371 1794 219 465 1795 218 464 1796 171 372 1797 170 371 1798 172 469 1799 171 372 1800 175 375 1801 200 401 1802 201 402 1803 200 401 1804 294 272 1805 58 318 1806 248 447 1807 251 448 1808 59 319 1809 251 448 1810 252 460 1811 80 328 1812 252 460 1813 254 450 1814 105 342 1815 254 450 1816 253 449 1817 106 343 1818 253 449 1819 255 452 1820 130 352 1821 255 452 1822 256 467 1823 222 420 1824 256 467 1825 258 455 1826 164 366 1827 258 455 1828 257 457 1829 204 405 1830 165 367 1831 257 457 1832 204 405 1833 259 462 1834 304 290 1835 14 301 1836 245 470 1837 58 318 1838 308 471 1839 309 5 1840 16 0 1841 19 303 1842 250 3 1843 311 6 1844 312 472 1845 313 473 1846 20 304 1847 313 473 1848 314 474 1849 23 306 1850 314 474 1851 315 475 1852 26 468 1853 316 476 1854 27 309 1855 26 468 1856 317 133 1857 275 118 1858 27 309 1859 331 477 1860 4 292 1861 281 115 1862 331 477 1863 332 478 1864 5 293 1865 332 478 1866 333 479 1867 8 295 1868 333 479 1869 334 480 1870 10 297 1871 334 480 1872 335 481 1873 12 299 1874 336 482 1875 14 301 1876 12 299 1877 14 301 1878 336 482 1879 337 483 1880 245 470 1881 337 483 1882 308 471 1883 21 305 1884 20 304 1885 25 308 1886 21 305 1887 25 308 1888 305 484 1889 60 320 1890 305 484 1891 306 485 1892 108 461 1893 81 329 1894 306 485 1895 109 486 1896 108 461 1897 307 487 1898 29 311 1899 338 33 1900 339 29 1901 28 310 1902 340 34 1903 338 33 1904 271 488 1905 343 39 1906 342 42 1907 136 489 1908 344 31 1909 343 39 1910 136 489 1911 135 490 1912 345 32 1913 135 490 1914 133 491 1915 346 35 1916 133 491 1917 109 486 1918 347 36 1919 307 487 1920 348 40 1921 347 36 1922 307 487 1923 306 485 1924 349 37 1925 306 485 1926 305 484 1927 350 38 1928 305 484 1929 25 308 1930 351 28 1931 24 307 1932 339 29 1933 351 28 1934 356 492 1935 357 493 1936 358 494 1937 358 494 1938 360 495 1939 361 496 1940 360 495 1941 362 497 1942 363 498 1943 363 498 1944 362 497 1945 364 499 1946 365 500 1947 364 499 1948 366 501 1949 371 502 1950 372 503 1951 373 504 1952 375 505 1953 376 506 1954 377 507 1955 357 493 1956 404 508 1957 405 509 1958 405 509 1959 406 510 1960 360 495 1961 360 495 1962 406 510 1963 407 511 1964 362 497 1965 407 511 1966 408 512 1967 364 499 1968 408 512 1969 409 513 1970 366 501 1971 409 513 1972 410 514 1973 412 515 1974 413 516 1975 373 504 1976 404 508 1977 426 517 1978 427 518 1979 405 509 1980 427 518 1981 428 519 1982 406 510 1983 428 519 1984 429 520 1985 407 511 1986 429 520 1987 430 521 1988 408 512 1989 430 521 1990 431 522 1991 431 522 1992 432 523 1993 410 514 1994 433 524 1995 434 525 1996 413 516 1997 446 526 1998 447 527 1999 448 528 2000 447 527 2001 446 526 2002 449 529 2003 450 530 2004 449 529 2005 451 531 2006 452 532 2007 451 531 2008 453 533 2009 454 534 2010 453 533 2011 455 535 2012 455 535 2013 457 536 2014 458 537 2015 475 538 2016 476 539 2017 445 540 2018 476 539 2019 477 541 2020 446 526 2021 477 541 2022 478 542 2023 449 529 2024 478 542 2025 479 543 2026 451 531 2027 451 531 2028 479 543 2029 480 544 2030 453 533 2031 480 544 2032 481 545 2033 481 545 2034 482 546 2035 457 536 2036 500 214 2037 501 547 2038 475 538 2039 502 548 2040 503 549 2041 504 550 2042 505 551 2043 504 550 2044 506 552 2045 507 553 2046 506 552 2047 508 554 2048 509 555 2049 508 554 2050 510 556 2051 511 557 2052 510 556 2053 512 558 2054 513 559 2055 512 558 2056 514 560 2057 515 561 2058 514 560 2059 516 562 2060 519 563 2061 520 564 2062 521 565 2063 520 564 2064 522 566 2065 523 567 2066 525 568 2067 526 569 2068 527 570 2069 526 569 2070 528 571 2071 529 572 2072 528 571 2073 530 573 2074 531 574 2075 530 573 2076 532 575 2077 533 576 2078 532 575 2079 534 577 2080 535 578 2081 535 578 2082 534 577 2083 536 579 2084 537 580 2085 536 579 2086 538 581 2087 538 581 2088 540 582 2089 541 583 2090 541 583 2091 540 582 2092 542 584 2093 543 585 2094 542 584 2095 544 586 2096 545 587 2097 544 586 2098 503 549 2099 546 588 2100 547 589 2101 536 579 2102 548 590 2103 546 588 2104 534 577 2105 549 591 2106 548 590 2107 532 575 2108 550 592 2109 549 591 2110 530 573 2111 551 593 2112 550 592 2113 528 571 2114 552 594 2115 551 593 2116 526 569 2117 553 595 2118 554 596 2119 522 566 2120 555 597 2121 553 595 2122 520 564 2123 556 598 2124 557 599 2125 516 562 2126 558 600 2127 556 598 2128 514 560 2129 559 601 2130 558 600 2131 512 558 2132 560 602 2133 559 601 2134 510 556 2135 506 552 2136 561 603 2137 560 602 2138 504 550 2139 562 604 2140 561 603 2141 503 549 2142 563 605 2143 562 604 2144 544 586 2145 564 606 2146 563 605 2147 565 607 2148 564 606 2149 544 586 2150 566 608 2151 565 607 2152 542 584 2153 567 609 2154 566 608 2155 540 582 2156 547 589 2157 567 609 2158 538 581 2159 488 610 2160 570 611 2161 568 612 2162 481 545 2163 574 613 2164 575 614 2165 480 544 2166 576 615 2167 574 613 2168 479 543 2169 577 616 2170 576 615 2171 478 542 2172 578 617 2173 577 616 2174 579 618 2175 578 617 2176 478 542 2177 580 619 2178 579 618 2179 477 541 2180 581 620 2181 580 619 2182 476 539 2183 501 547 2184 582 621 2185 581 620 2186 584 622 2187 582 621 2188 501 547 2189 586 623 2190 584 622 2191 583 624 2192 588 625 2193 586 623 2194 585 626 2195 590 627 2196 588 625 2197 587 628 2198 592 629 2199 590 627 2200 589 630 2201 594 631 2202 592 629 2203 591 632 2204 595 633 2205 596 634 2206 594 631 2207 491 635 2208 569 636 2209 596 634 2210 601 11 2211 602 10 2212 372 503 2213 598 637 2214 369 8 2215 368 7 2216 602 10 2217 369 8 2218 598 637 2219 597 638 2220 372 503 2221 598 637 2222 412 515 2223 372 503 2224 597 638 2225 433 524 2226 412 515 2227 603 639 2228 605 640 2229 460 641 2230 459 642 2231 573 643 2232 483 644 2233 607 645 2234 519 563 2235 518 646 2236 610 647 2237 555 597 2238 519 563 2239 609 648 2240 612 243 2241 583 624 2242 501 547 2243 585 626 2244 583 624 2245 612 243 2246 614 219 2247 587 628 2248 585 626 2249 615 218 2250 589 630 2251 587 628 2252 616 242 2253 591 632 2254 589 630 2255 593 649 2256 591 632 2257 616 242 2258 595 633 2259 593 649 2260 617 217 2261 620 213 2262 492 650 2263 619 215 2264 445 540 2265 448 528 2266 629 221 2267 630 241 2268 631 212 2269 426 517 2270 630 241 2271 404 508 2272 357 493 2273 632 211 2274 357 493 2275 356 492 2276 448 528 2277 426 517 2278 631 212 2279 447 527 2280 427 518 2281 426 517 2282 427 518 2283 447 527 2284 450 530 2285 428 519 2286 450 530 2287 452 532 2288 429 520 2289 452 532 2290 454 534 2291 430 521 2292 454 534 2293 456 651 2294 431 522 2295 456 651 2296 458 537 2297 459 642 2298 433 524 2299 604 652 2300 459 642 2301 462 653 2302 434 525 2303 634 259 2304 635 254 2305 562 604 2306 635 254 2307 636 253 2308 561 603 2309 636 253 2310 637 262 2311 560 602 2312 560 602 2313 637 262 2314 638 258 2315 559 601 2316 638 258 2317 639 257 2318 558 600 2319 639 257 2320 640 256 2321 556 598 2322 640 256 2323 641 267 2324 555 597 2325 642 244 2326 643 249 2327 553 595 2328 643 249 2329 644 261 2330 552 594 2331 645 260 2332 646 255 2333 551 593 2334 646 255 2335 647 251 2336 550 592 2337 647 251 2338 648 250 2339 549 591 2340 648 250 2341 649 252 2342 548 590 2343 649 252 2344 650 266 2345 546 588 2346 650 266 2347 651 264 2348 547 589 2349 651 264 2350 652 263 2351 567 609 2352 652 263 2353 653 265 2354 653 265 2355 654 248 2356 565 607 2357 654 248 2358 655 247 2359 564 606 2360 655 247 2361 634 259 2362 563 605 2363 611 654 2364 656 245 2365 642 244 2366 537 580 2367 539 655 2368 588 625 2369 535 578 2370 537 580 2371 590 627 2372 594 631 2373 533 576 2374 535 578 2375 596 634 2376 531 574 2377 533 576 2378 569 636 2379 529 572 2380 531 574 2381 568 612 2382 527 570 2383 529 572 2384 570 611 2385 524 656 2386 527 570 2387 521 565 2388 523 567 2389 572 657 2390 518 646 2391 521 565 2392 571 658 2393 518 646 2394 573 643 2395 608 659 2396 515 561 2397 517 660 2398 575 614 2399 576 615 2400 513 559 2401 515 561 2402 577 616 2403 511 557 2404 513 559 2405 578 617 2406 509 555 2407 511 557 2408 507 553 2409 509 555 2410 578 617 2411 505 551 2412 507 553 2413 579 618 2414 502 548 2415 505 551 2416 580 619 2417 545 587 2418 502 548 2419 581 620 2420 543 585 2421 545 587 2422 582 621 2423 541 583 2424 543 585 2425 584 622 2426 539 655 2427 541 583 2428 586 623 2429 377 507 2430 376 506 2431 379 661 2432 523 567 2433 524 656 2434 570 611 2435 522 566 2436 525 568 2437 524 656 2438 552 594 2439 525 568 2440 522 566 2441 645 260 2442 552 594 2443 554 596 2444 603 639 2445 597 638 2446 411 662 2447 604 652 2448 603 639 2449 410 514 2450 606 663 2451 604 652 2452 432 523 2453 605 640 2454 606 663 2455 458 537 2456 607 645 2457 605 640 2458 457 536 2459 608 659 2460 607 645 2461 482 546 2462 610 647 2463 608 659 2464 575 614 2465 609 648 2466 610 647 2467 517 660 2468 557 599 2469 611 654 2470 609 648 2471 656 245 2472 611 654 2473 557 599 2474 411 662 2475 600 664 2476 367 665 2477 368 7 2478 309 5 2479 308 471 2480 311 6 2481 601 11 2482 371 502 2483 312 472 2484 371 502 2485 374 666 2486 313 473 2487 374 666 2488 377 507 2489 314 474 2490 377 507 2491 378 667 2492 378 667 2493 381 668 2494 316 476 2495 633 209 2496 356 492 2497 331 477 2498 331 477 2499 356 492 2500 359 669 2501 332 478 2502 359 669 2503 361 496 2504 333 479 2505 361 496 2506 363 498 2507 334 480 2508 363 498 2509 365 500 2510 365 500 2511 367 665 2512 336 482 2513 337 483 2514 336 482 2515 367 665 2516 308 471 2517 337 483 2518 600 664 2519 373 504 2520 375 505 2521 374 666 2522 657 670 2523 375 505 2524 373 504 2525 658 671 2526 657 670 2527 413 516 2528 462 653 2529 659 672 2530 658 671 2531 461 673 2532 659 672 2533 462 653 2534 660 23 2535 661 24 2536 379 661 2537 661 24 2538 662 27 2539 380 674 2540 665 20 2541 666 26 2542 490 675 2543 490 675 2544 666 26 2545 667 25 2546 669 17 2547 670 14 2548 659 672 2549 659 672 2550 670 14 2551 671 13 2552 658 671 2553 671 13 2554 672 16 2555 657 670 2556 672 16 2557 673 22 2558 673 22 2559 660 23 2560 376 506 2561 595 633 2562 618 216 2563 619 215 2564 595 633 2565 619 215 2566 492 650 2567 597 638 2568 598 637 2569 599 676 2570 597 638 2571 599 676 2572 600 664 2573 411 662 2574 597 638 2575 600 664 2576 267 123 2577 266 124 2578 243 441 2579 139 458 2580 267 123 2581 243 441 2582 246 677 2583 247 446 2584 248 447 2585 245 470 2586 246 677 2587 248 447 2588 245 470 2589 248 447 2590 58 318 2591 662 27 2592 678 43 2593 380 674 2594 678 43 2595 663 19 2596 624 678 2597 341 41 2598 679 44 2599 272 679 2600 679 44 2601 340 34 2602 28 310 2603 680 680 2604 491 635 2605 682 681 2606 684 682 2607 682 681 2608 492 650 2609 680 680 2610 568 612 2611 569 636 2612 491 635 2613 680 680 2614 569 636 2615 681 683 2616 492 650 2617 620 213 2618 492 650 2619 682 681 2620 595 633 2621 682 681 2622 491 635 2623 595 633 2624 685 684 2625 216 463 2626 217 419 2627 705 685 2628 107 451 2629 108 461 2630 109 486 2631 705 685 2632 108 461 2633 705 685 2634 110 686 2635 107 451 2636 705 685 2637 109 486 2638 702 687 2639 705 685 2640 724 688 2641 701 689 2642 702 687 2643 131 690 2644 706 691 2645 724 688 2646 706 691 2647 132 453 2648 133 692 2649 698 693 2650 725 694 2651 699 695 2652 725 694 2653 702 687 2654 698 693 2655 134 696 2656 707 697 2657 725 694 2658 707 697 2659 131 690 2660 707 697 2661 219 465 2662 220 466 2663 131 690 2664 707 697 2665 220 466 2666 707 697 2667 134 696 2668 219 465 2669 706 691 2670 220 466 2671 221 454 2672 132 453 2673 706 691 2674 221 454 2675 706 691 2676 131 690 2677 220 466 2678 701 689 2679 255 452 2680 253 449 2681 110 686 2682 701 689 2683 253 449 2684 701 689 2685 132 453 2686 255 452 2687 270 232 2688 696 233 2689 726 698 2690 696 233 2691 268 121 2692 708 699 2693 273 230 2694 692 231 2695 727 700 2696 692 231 2697 270 232 2698 695 701 2699 274 117 2700 700 228 2701 728 702 2702 700 228 2703 273 230 2704 697 703 2705 703 704 2706 27 309 2707 275 118 2708 274 117 2709 703 704 2710 275 118 2711 133 692 2712 691 705 2713 729 706 2714 698 693 2715 729 706 2716 704 707 2717 691 705 2718 135 490 2719 694 708 2720 729 706 2721 694 708 2722 138 417 2723 704 707 2724 218 464 2725 219 465 2726 134 696 2727 704 707 2728 219 465 2729 704 707 2730 138 417 2731 218 464 2732 719 709 2733 686 710 2734 718 711 2735 718 711 2736 694 708 2737 719 709 2738 135 490 2739 719 709 2740 694 708 2741 694 708 2742 718 711 2743 138 417 2744 712 712 2745 686 710 2746 719 709 2747 136 489 2748 712 712 2749 719 709 2750 718 711 2751 686 710 2752 713 713 2753 718 711 2754 713 713 2755 137 418 2756 715 714 2757 139 458 2758 716 715 2759 715 714 2760 730 716 2761 721 717 2762 730 716 2763 716 715 2764 688 718 2765 730 716 2766 720 719 2767 689 720 2768 687 721 2769 721 717 2770 731 722 2771 721 717 2772 689 720 2773 722 723 2774 720 719 2775 688 718 2776 717 724 2777 720 719 2778 732 725 2779 723 726 2780 732 725 2781 717 724 2782 140 443 2783 732 725 2784 711 727 2785 685 684 2786 689 720 2787 723 726 2788 733 728 2789 723 726 2790 685 684 2791 710 729 2792 710 729 2793 685 684 2794 217 419 2795 685 684 2796 711 727 2797 216 463 2798 711 727 2799 140 443 2800 216 463 2801 708 699 2802 268 121 2803 687 721 2804 139 458 2805 715 714 2806 268 121 2807 715 714 2808 687 721 2809 268 121 2810 140 443 2811 717 724 2812 243 441 2813 717 724 2814 688 718 2815 243 441 2816 688 718 2817 716 715 2818 243 441 2819 716 715 2820 139 458 2821 243 441 2822 749 730 2823 378 667 2824 379 661 2825 380 674 2826 749 730 2827 379 661 2828 749 730 2829 381 668 2830 378 667 2831 755 731 2832 462 653 2833 459 642 2834 460 641 2835 755 731 2836 459 642 2837 755 731 2838 461 673 2839 462 653 2840 483 644 2841 756 732 2842 759 733 2843 736 734 2844 759 733 2845 755 731 2846 756 732 2847 484 735 2848 734 736 2849 755 731 2850 759 733 2851 734 736 2852 484 735 2853 752 737 2854 760 738 2855 734 736 2856 760 738 2857 741 739 2858 752 737 2859 485 740 2860 738 741 2861 760 738 2862 738 741 2863 486 742 2864 752 737 2865 571 658 2866 572 657 2867 485 740 2868 752 737 2869 572 657 2870 752 737 2871 484 735 2872 571 658 2873 756 732 2874 573 643 2875 571 658 2876 484 735 2877 756 732 2878 571 658 2879 756 732 2880 483 644 2881 573 643 2882 736 734 2883 605 640 2884 607 645 2885 483 644 2886 736 734 2887 607 645 2888 736 734 2889 460 641 2890 605 640 2891 740 743 2892 620 213 2893 744 240 2894 761 744 2895 744 240 2896 623 239 2897 742 745 2898 623 239 2899 753 238 2900 762 746 2901 753 238 2902 625 237 2903 750 747 2904 625 237 2905 735 236 2906 763 748 2907 735 236 2908 626 235 2909 751 749 2910 626 235 2911 748 750 2912 764 751 2913 748 750 2914 627 223 2915 488 610 2916 739 752 2917 765 753 2918 743 754 2919 765 753 2920 738 741 2921 739 752 2922 487 755 2923 737 756 2924 765 753 2925 737 756 2926 486 742 2927 743 754 2928 572 657 2929 570 611 2930 488 610 2931 743 754 2932 570 611 2933 743 754 2934 485 740 2935 572 657 2936 754 757 2937 317 133 2938 316 476 2939 754 757 2940 627 223 2941 317 133 2942 746 758 2943 663 19 2944 664 18 2945 621 759 2946 746 758 2947 664 18 2948 746 758 2949 624 678 2950 663 19 2951 745 760 2952 664 18 2953 665 20 2954 622 761 2955 745 760 2956 665 20 2957 745 760 2958 621 759 2959 664 18 2960 737 756 2961 667 25 2962 668 21 2963 486 742 2964 737 756 2965 668 21 2966 737 756 2967 487 755 2968 667 25 2969 741 739 2970 668 21 2971 669 17 2972 461 673 2973 741 739 2974 669 17 2975 741 739 2976 486 742 2977 668 21 2978 624 678 2979 747 762 2980 678 43 2981 747 762 2982 380 674 2983 678 43 2984 758 763 2985 683 764 2986 757 765 2987 757 765 2988 739 752 2989 758 763 2990 488 610 2991 758 763 2992 739 752 2993 739 752 2994 757 765 2995 487 755 2996 683 764 2997 758 763 2998 489 766 2999 758 763 3000 488 610 3001 489 766 3002 487 755 3003 757 765 3004 490 675 3005 757 765 3006 683 764 3007 490 675 3008 620 213 3009 740 743 3010 681 683 3011 489 766 3012 766 767 3013 768 768 3014 766 767 3015 680 680 3016 684 682 3017 683 764 3018 768 768 3019 767 769 3020 768 768 3021 684 682 3022 681 683 3023 680 680 3024 766 767 3025 568 612 3026 766 767 3027 489 766 3028 568 612 3029 769 770 3030 774 771 3031 745 760 3032 740 743 3033 761 744 3034 774 771 3035 774 771 3036 770 772 3037 621 759 3038 761 744 3039 742 745 3040 770 772 3041 621 759 3042 770 772 3043 775 773 3044 770 772 3045 742 745 3046 762 746 3047 746 758 3048 775 773 3049 771 774 3050 775 773 3051 762 746 3052 750 747 3053 624 678 3054 771 774 3055 776 775 3056 771 774 3057 750 747 3058 763 748 3059 747 762 3060 776 775 3061 772 776 3062 776 775 3063 763 748 3064 751 749 3065 380 674 3066 772 776 3067 777 777 3068 772 776 3069 751 749 3070 764 751 3071 749 730 3072 777 777 3073 773 778 3074 777 777 3075 764 751 3076 754 757 3077 381 668 3078 773 778 3079 316 476 3080 773 778 3081 754 757 3082 316 476 3083 767 769 3084 769 770 3085 622 761 3086 681 683 3087 740 743 3088 769 770 3089 28 310 3090 693 779 3091 679 44 3092 693 779 3093 272 679 3094 679 44 3095 709 780 3096 342 42 3097 341 41 3098 272 679 3099 709 780 3100 341 41 3101 709 780 3102 269 781 3103 342 42 3104 687 721 3105 714 782 3106 708 699 3107 269 781 3108 778 783 3109 785 784 3110 778 783 3111 695 701 3112 726 698 3113 690 785 3114 785 784 3115 781 786 3116 785 784 3117 726 698 3118 708 699 3119 779 787 3120 786 788 3121 709 780 3122 697 703 3123 727 700 3124 786 788 3125 786 788 3126 778 783 3127 269 781 3128 727 700 3129 695 701 3130 778 783 3131 780 789 3132 787 790 3133 693 779 3134 703 704 3135 728 702 3136 787 790 3137 787 790 3138 779 787 3139 272 679 3140 728 702 3141 697 703 3142 779 787 3143 703 704 3144 780 789 3145 27 309 3146 780 789 3147 28 310 3148 27 309 3149 783 791 3150 788 792 3151 712 712 3152 714 782 3153 731 722 3154 788 792 3155 788 792 3156 784 793 3157 686 710 3158 731 722 3159 722 723 3160 784 793 3161 784 793 3162 789 794 3163 713 713 3164 722 723 3165 733 728 3166 789 794 3167 789 794 3168 782 795 3169 137 418 3170 733 728 3171 710 729 3172 782 795 3173 137 418 3174 782 795 3175 217 419 3176 782 795 3177 710 729 3178 217 419 3179 271 488 3180 781 786 3181 783 791 3182 781 786 3183 708 699 3184 714 782 3185 7 312 3186 4 292 3187 6 294 3188 5 293 3189 8 295 3190 6 294 3191 8 295 3192 10 297 3193 9 296 3194 11 298 3195 10 297 3196 13 300 3197 13 300 3198 12 299 3199 15 302 3200 22 445 3201 19 303 3202 21 305 3203 20 304 3204 23 306 3205 25 308 3206 26 468 3207 27 309 3208 29 311 3209 53 322 3210 7 312 3211 52 313 3212 6 294 3213 9 296 3214 52 313 3215 54 314 3216 9 296 3217 55 315 3218 55 315 3219 11 298 3220 56 316 3221 56 316 3222 13 300 3223 57 317 3224 57 317 3225 15 302 3226 59 319 3227 22 445 3228 21 305 3229 61 321 3230 75 459 3231 53 322 3232 74 323 3233 74 323 3234 52 313 3235 76 324 3236 76 324 3237 54 314 3238 77 325 3239 77 325 3240 55 315 3241 78 326 3242 78 326 3243 56 316 3244 79 327 3245 57 317 3246 59 319 3247 79 327 3248 61 321 3249 60 320 3250 82 330 3251 93 344 3252 94 331 3253 96 333 3254 96 333 3255 95 332 3256 98 335 3257 98 335 3258 97 334 3259 100 337 3260 100 337 3261 99 336 3262 102 339 3263 102 339 3264 101 338 3265 104 341 3266 103 340 3267 105 342 3268 104 341 3269 122 132 3270 93 344 3271 124 346 3272 93 344 3273 96 333 3274 123 345 3275 96 333 3276 98 335 3277 125 347 3278 98 335 3279 100 337 3280 126 348 3281 127 349 3282 100 337 3283 128 350 3284 128 350 3285 102 339 3286 129 351 3287 104 341 3288 106 343 3289 129 351 3290 149 428 3291 148 122 3292 124 346 3293 153 394 3294 150 353 3295 152 355 3296 152 355 3297 151 354 3298 155 357 3299 155 357 3300 154 356 3301 157 359 3302 157 359 3303 156 358 3304 159 361 3305 159 361 3306 158 360 3307 161 363 3308 161 363 3309 160 362 3310 163 365 3311 163 365 3312 162 364 3313 165 367 3314 166 456 3315 167 368 3316 169 370 3317 167 368 3318 170 371 3319 168 369 3320 172 469 3321 173 373 3322 175 375 3323 173 373 3324 176 376 3325 174 374 3326 176 376 3327 178 378 3328 177 377 3329 178 378 3330 180 380 3331 179 379 3332 180 380 3333 182 382 3334 181 381 3335 183 383 3336 182 382 3337 185 385 3338 185 385 3339 184 384 3340 187 387 3341 186 386 3342 188 388 3343 187 387 3344 189 389 3345 188 388 3346 191 391 3347 191 391 3348 190 390 3349 193 393 3350 193 393 3351 192 392 3352 153 394 3353 183 383 3354 185 385 3355 195 396 3356 181 381 3357 183 383 3358 196 397 3359 179 379 3360 181 381 3361 197 398 3362 177 377 3363 179 379 3364 198 399 3365 174 374 3366 177 377 3367 199 400 3368 175 375 3369 174 374 3370 200 401 3371 168 369 3372 171 372 3373 202 403 3374 169 370 3375 168 369 3376 203 404 3377 163 365 3378 165 367 3379 205 406 3380 161 363 3381 163 365 3382 206 407 3383 159 361 3384 161 363 3385 207 408 3386 157 359 3387 159 361 3388 208 409 3389 209 410 3390 155 357 3391 208 409 3392 210 411 3393 152 355 3394 209 410 3395 211 412 3396 153 394 3397 210 411 3398 212 413 3399 193 393 3400 211 412 3401 191 391 3402 193 393 3403 213 414 3404 189 389 3405 191 391 3406 214 415 3407 187 387 3408 189 389 3409 215 416 3410 185 385 3411 187 387 3412 194 395 3413 218 464 3414 138 417 3415 217 419 3416 223 421 3417 129 351 3418 222 420 3419 224 422 3420 128 350 3421 223 421 3422 225 423 3423 127 349 3424 224 422 3425 226 424 3426 126 348 3427 225 423 3428 125 347 3429 126 348 3430 227 425 3431 123 345 3432 125 347 3433 228 426 3434 124 346 3435 123 345 3436 229 427 3437 230 429 3438 149 428 3439 229 427 3440 231 431 3441 149 428 3442 232 430 3443 233 433 3444 231 431 3445 234 432 3446 235 435 3447 233 433 3448 236 434 3449 237 437 3450 235 435 3451 238 436 3452 239 439 3453 237 437 3454 240 438 3455 241 442 3456 239 439 3457 242 440 3458 244 444 3459 243 441 3460 242 440 3461 216 463 3462 140 443 3463 244 444 3464 19 303 3465 22 445 3466 250 3 3467 246 677 3468 16 0 3469 247 446 3470 22 445 3471 247 446 3472 249 4 3473 251 448 3474 248 447 3475 61 321 3476 252 460 3477 251 448 3478 82 330 3479 110 686 3480 253 449 3481 107 451 3482 256 467 3483 255 452 3484 221 454 3485 257 457 3486 258 455 3487 169 370 3488 259 462 3489 257 457 3490 203 404 3491 231 431 3492 260 130 3493 149 428 3494 261 129 3495 260 130 3496 233 433 3497 235 435 3498 262 128 3499 233 433 3500 237 437 3501 263 126 3502 235 435 3503 239 439 3504 264 127 3505 237 437 3506 265 125 3507 264 127 3508 241 442 3509 266 124 3510 265 125 3511 243 441 3512 94 331 3513 93 344 3514 277 131 3515 279 120 3516 278 119 3517 75 459 3518 280 116 3519 7 312 3520 278 119 3521 281 115 3522 4 292 3523 280 116 3524 75 459 3525 94 331 3526 279 120 3527 74 323 3528 95 332 3529 75 459 3530 95 332 3531 74 323 3532 97 334 3533 97 334 3534 76 324 3535 99 336 3536 99 336 3537 77 325 3538 101 338 3539 101 338 3540 78 326 3541 103 340 3542 103 340 3543 79 327 3544 105 342 3545 82 330 3546 107 451 3547 252 460 3548 82 330 3549 81 329 3550 107 451 3551 211 412 3552 210 411 3553 283 278 3554 210 411 3555 209 410 3556 282 291 3557 209 410 3558 208 409 3559 284 276 3560 285 273 3561 208 409 3562 286 274 3563 286 274 3564 207 408 3565 287 279 3566 287 279 3567 206 407 3568 288 280 3569 288 280 3570 205 406 3571 289 285 3572 291 289 3573 203 404 3574 290 281 3575 290 281 3576 202 403 3577 292 271 3578 294 272 3579 200 401 3580 293 286 3581 293 286 3582 199 400 3583 295 287 3584 295 287 3585 198 399 3586 296 288 3587 296 288 3588 197 398 3589 297 284 3590 297 284 3591 196 397 3592 298 282 3593 298 282 3594 195 396 3595 299 268 3596 299 268 3597 194 395 3598 300 269 3599 300 269 3600 215 416 3601 301 275 3602 214 415 3603 213 414 3604 301 275 3605 213 414 3606 212 413 3607 302 283 3608 212 413 3609 211 412 3610 303 277 3611 304 290 3612 259 462 3613 291 289 3614 238 436 3615 236 434 3616 184 384 3617 240 438 3618 238 436 3619 182 382 3620 180 380 3621 242 440 3622 182 382 3623 178 378 3624 244 444 3625 180 380 3626 176 376 3627 216 463 3628 178 378 3629 173 373 3630 217 419 3631 176 376 3632 172 469 3633 218 464 3634 173 373 3635 220 466 3636 219 465 3637 167 368 3638 221 454 3639 220 466 3640 166 456 3641 258 455 3642 256 467 3643 166 456 3644 223 421 3645 222 420 3646 162 364 3647 160 362 3648 224 422 3649 162 364 3650 158 360 3651 225 423 3652 160 362 3653 156 358 3654 226 424 3655 158 360 3656 227 425 3657 226 424 3658 154 356 3659 228 426 3660 227 425 3661 151 354 3662 229 427 3663 228 426 3664 150 353 3665 230 429 3666 229 427 3667 192 392 3668 232 430 3669 230 429 3670 190 390 3671 234 432 3672 232 430 3673 188 388 3674 236 434 3675 234 432 3676 186 386 3677 24 307 3678 23 306 3679 29 311 3680 172 469 3681 170 371 3682 218 464 3683 175 375 3684 171 372 3685 172 469 3686 201 402 3687 171 372 3688 200 401 3689 292 271 3690 201 402 3691 294 272 3692 59 319 3693 58 318 3694 251 448 3695 80 328 3696 59 319 3697 252 460 3698 105 342 3699 80 328 3700 254 450 3701 106 343 3702 105 342 3703 253 449 3704 130 352 3705 106 343 3706 255 452 3707 222 420 3708 130 352 3709 256 467 3710 164 366 3711 222 420 3712 258 455 3713 165 367 3714 164 366 3715 257 457 3716 259 462 3717 204 405 3718 257 457 3719 289 285 3720 204 405 3721 304 290 3722 15 302 3723 14 301 3724 58 318 3725 246 677 3726 308 471 3727 16 0 3728 312 472 3729 19 303 3730 311 6 3731 19 303 3732 312 472 3733 20 304 3734 20 304 3735 313 473 3736 23 306 3737 23 306 3738 314 474 3739 26 468 3740 315 475 3741 316 476 3742 26 468 3743 316 476 3744 317 133 3745 27 309 3746 330 145 3747 331 477 3748 281 115 3749 4 292 3750 331 477 3751 5 293 3752 5 293 3753 332 478 3754 8 295 3755 8 295 3756 333 479 3757 10 297 3758 10 297 3759 334 480 3760 12 299 3761 335 481 3762 336 482 3763 12 299 3764 245 470 3765 14 301 3766 337 483 3767 246 677 3768 245 470 3769 308 471 3770 60 320 3771 21 305 3772 305 484 3773 81 329 3774 60 320 3775 306 485 3776 307 487 3777 108 461 3778 306 485 3779 24 307 3780 29 311 3781 339 29 3782 29 311 3783 28 310 3784 338 33 3785 269 781 3786 271 488 3787 342 42 3788 271 488 3789 136 489 3790 343 39 3791 344 31 3792 136 489 3793 345 32 3794 345 32 3795 135 490 3796 346 35 3797 346 35 3798 133 491 3799 347 36 3800 109 486 3801 307 487 3802 347 36 3803 348 40 3804 307 487 3805 349 37 3806 349 37 3807 306 485 3808 350 38 3809 350 38 3810 305 484 3811 351 28 3812 25 308 3813 24 307 3814 351 28 3815 359 669 3816 356 492 3817 358 494 3818 359 669 3819 358 494 3820 361 496 3821 361 496 3822 360 495 3823 363 498 3824 365 500 3825 363 498 3826 364 499 3827 367 665 3828 365 500 3829 366 501 3830 374 666 3831 371 502 3832 373 504 3833 374 666 3834 375 505 3835 377 507 3836 358 494 3837 357 493 3838 405 509 3839 358 494 3840 405 509 3841 360 495 3842 362 497 3843 360 495 3844 407 511 3845 364 499 3846 362 497 3847 408 512 3848 366 501 3849 364 499 3850 409 513 3851 411 662 3852 366 501 3853 410 514 3854 372 503 3855 412 515 3856 373 504 3857 405 509 3858 404 508 3859 427 518 3860 406 510 3861 405 509 3862 428 519 3863 407 511 3864 406 510 3865 429 520 3866 408 512 3867 407 511 3868 430 521 3869 409 513 3870 408 512 3871 431 522 3872 409 513 3873 431 522 3874 410 514 3875 412 515 3876 433 524 3877 413 516 3878 445 540 3879 446 526 3880 448 528 3881 450 530 3882 447 527 3883 449 529 3884 452 532 3885 450 530 3886 451 531 3887 454 534 3888 452 532 3889 453 533 3890 456 651 3891 454 534 3892 455 535 3893 456 651 3894 455 535 3895 458 537 3896 474 222 3897 475 538 3898 445 540 3899 445 540 3900 476 539 3901 446 526 3902 446 526 3903 477 541 3904 449 529 3905 449 529 3906 478 542 3907 451 531 3908 453 533 3909 451 531 3910 480 544 3911 455 535 3912 453 533 3913 481 545 3914 455 535 3915 481 545 3916 457 536 3917 474 222 3918 500 214 3919 475 538 3920 505 551 3921 502 548 3922 504 550 3923 507 553 3924 505 551 3925 506 552 3926 509 555 3927 507 553 3928 508 554 3929 511 557 3930 509 555 3931 510 556 3932 513 559 3933 511 557 3934 512 558 3935 515 561 3936 513 559 3937 514 560 3938 517 660 3939 515 561 3940 516 562 3941 518 646 3942 519 563 3943 521 565 3944 521 565 3945 520 564 3946 523 567 3947 524 656 3948 525 568 3949 527 570 3950 527 570 3951 526 569 3952 529 572 3953 529 572 3954 528 571 3955 531 574 3956 531 574 3957 530 573 3958 533 576 3959 533 576 3960 532 575 3961 535 578 3962 537 580 3963 535 578 3964 536 579 3965 539 655 3966 537 580 3967 538 581 3968 539 655 3969 538 581 3970 541 583 3971 543 585 3972 541 583 3973 542 584 3974 545 587 3975 543 585 3976 544 586 3977 502 548 3978 545 587 3979 503 549 3980 534 577 3981 546 588 3982 536 579 3983 532 575 3984 548 590 3985 534 577 3986 530 573 3987 549 591 3988 532 575 3989 528 571 3990 550 592 3991 530 573 3992 526 569 3993 551 593 3994 528 571 3995 525 568 3996 552 594 3997 526 569 3998 520 564 3999 553 595 4000 522 566 4001 519 563 4002 555 597 4003 520 564 4004 514 560 4005 556 598 4006 516 562 4007 512 558 4008 558 600 4009 514 560 4010 510 556 4011 559 601 4012 512 558 4013 508 554 4014 560 602 4015 510 556 4016 508 554 4017 506 552 4018 560 602 4019 506 552 4020 504 550 4021 561 603 4022 504 550 4023 503 549 4024 562 604 4025 503 549 4026 544 586 4027 563 605 4028 542 584 4029 565 607 4030 544 586 4031 540 582 4032 566 608 4033 542 584 4034 538 581 4035 567 609 4036 540 582 4037 536 579 4038 547 589 4039 538 581 4040 489 766 4041 488 610 4042 568 612 4043 482 546 4044 481 545 4045 575 614 4046 481 545 4047 480 544 4048 574 613 4049 480 544 4050 479 543 4051 576 615 4052 479 543 4053 478 542 4054 577 616 4055 477 541 4056 579 618 4057 478 542 4058 476 539 4059 580 619 4060 477 541 4061 475 538 4062 581 620 4063 476 539 4064 475 538 4065 501 547 4066 581 620 4067 583 624 4068 584 622 4069 501 547 4070 585 626 4071 586 623 4072 583 624 4073 587 628 4074 588 625 4075 585 626 4076 589 630 4077 590 627 4078 587 628 4079 591 632 4080 592 629 4081 589 630 4082 593 649 4083 594 631 4084 591 632 4085 593 649 4086 595 633 4087 594 631 4088 595 633 4089 491 635 4090 596 634 4091 371 502 4092 601 11 4093 372 503 4094 599 676 4095 598 637 4096 368 7 4097 372 503 4098 602 10 4099 598 637 4100 603 639 4101 412 515 4102 597 638 4103 604 652 4104 433 524 4105 603 639 4106 606 663 4107 605 640 4108 459 642 4109 608 659 4110 573 643 4111 607 645 4112 609 648 4113 519 563 4114 610 647 4115 611 654 4116 555 597 4117 609 648 4118 500 214 4119 612 243 4120 501 547 4121 613 220 4122 585 626 4123 612 243 4124 613 220 4125 614 219 4126 585 626 4127 614 219 4128 615 218 4129 587 628 4130 615 218 4131 616 242 4132 589 630 4133 617 217 4134 593 649 4135 616 242 4136 618 216 4137 595 633 4138 617 217 4139 474 222 4140 445 540 4141 629 221 4142 404 508 4143 630 241 4144 426 517 4145 632 211 4146 630 241 4147 357 493 4148 633 209 4149 632 211 4150 356 492 4151 629 221 4152 448 528 4153 631 212 4154 448 528 4155 447 527 4156 426 517 4157 428 519 4158 427 518 4159 450 530 4160 429 520 4161 428 519 4162 452 532 4163 430 521 4164 429 520 4165 454 534 4166 431 522 4167 430 521 4168 456 651 4169 432 523 4170 431 522 4171 458 537 4172 606 663 4173 459 642 4174 604 652 4175 433 524 4176 459 642 4177 434 525 4178 563 605 4179 634 259 4180 562 604 4181 562 604 4182 635 254 4183 561 603 4184 561 603 4185 636 253 4186 560 602 4187 559 601 4188 560 602 4189 638 258 4190 558 600 4191 559 601 4192 639 257 4193 556 598 4194 558 600 4195 640 256 4196 557 599 4197 556 598 4198 641 267 4199 553 595 4200 555 597 4201 643 249 4202 554 596 4203 553 595 4204 644 261 4205 551 593 4206 552 594 4207 646 255 4208 550 592 4209 551 593 4210 647 251 4211 549 591 4212 550 592 4213 648 250 4214 548 590 4215 549 591 4216 649 252 4217 546 588 4218 548 590 4219 650 266 4220 547 589 4221 546 588 4222 651 264 4223 567 609 4224 547 589 4225 652 263 4226 566 608 4227 567 609 4228 653 265 4229 566 608 4230 653 265 4231 565 607 4232 565 607 4233 654 248 4234 564 606 4235 564 606 4236 655 247 4237 563 605 4238 555 597 4239 611 654 4240 642 244 4241 590 627 4242 537 580 4243 588 625 4244 592 629 4245 535 578 4246 590 627 4247 592 629 4248 594 631 4249 535 578 4250 594 631 4251 596 634 4252 533 576 4253 596 634 4254 569 636 4255 531 574 4256 569 636 4257 568 612 4258 529 572 4259 568 612 4260 570 611 4261 527 570 4262 571 658 4263 521 565 4264 572 657 4265 573 643 4266 518 646 4267 571 658 4268 610 647 4269 518 646 4270 608 659 4271 574 613 4272 515 561 4273 575 614 4274 574 613 4275 576 615 4276 515 561 4277 576 615 4278 577 616 4279 513 559 4280 577 616 4281 578 617 4282 511 557 4283 579 618 4284 507 553 4285 578 617 4286 580 619 4287 505 551 4288 579 618 4289 581 620 4290 502 548 4291 580 619 4292 582 621 4293 545 587 4294 581 620 4295 584 622 4296 543 585 4297 582 621 4298 586 623 4299 541 583 4300 584 622 4301 588 625 4302 539 655 4303 586 623 4304 378 667 4305 377 507 4306 379 661 4307 572 657 4308 523 567 4309 570 611 4310 523 567 4311 522 566 4312 524 656 4313 554 596 4314 552 594 4315 522 566 4316 644 261 4317 645 260 4318 554 596 4319 410 514 4320 603 639 4321 411 662 4322 432 523 4323 604 652 4324 410 514 4325 458 537 4326 606 663 4327 432 523 4328 457 536 4329 605 640 4330 458 537 4331 482 546 4332 607 645 4333 457 536 4334 575 614 4335 608 659 4336 482 546 4337 517 660 4338 610 647 4339 575 614 4340 516 562 4341 609 648 4342 517 660 4343 516 562 4344 557 599 4345 609 648 4346 641 267 4347 656 245 4348 557 599 4349 366 501 4350 411 662 4351 367 665 4352 599 676 4353 368 7 4354 308 471 4355 312 472 4356 311 6 4357 371 502 4358 313 473 4359 312 472 4360 374 666 4361 314 474 4362 313 473 4363 377 507 4364 315 475 4365 314 474 4366 378 667 4367 315 475 4368 378 667 4369 316 476 4370 330 145 4371 633 209 4372 331 477 4373 332 478 4374 331 477 4375 359 669 4376 333 479 4377 332 478 4378 361 496 4379 334 480 4380 333 479 4381 363 498 4382 335 481 4383 334 480 4384 365 500 4385 335 481 4386 365 500 4387 336 482 4388 600 664 4389 337 483 4390 367 665 4391 599 676 4392 308 471 4393 600 664 4394 413 516 4395 657 670 4396 373 504 4397 434 525 4398 658 671 4399 413 516 4400 434 525 4401 462 653 4402 658 671 4403 376 506 4404 660 23 4405 379 661 4406 379 661 4407 661 24 4408 380 674 4409 622 761 4410 665 20 4411 490 675 4412 487 755 4413 490 675 4414 667 25 4415 461 673 4416 669 17 4417 659 672 4418 658 671 4419 659 672 4420 671 13 4421 657 670 4422 658 671 4423 672 16 4424 375 505 4425 657 670 4426 673 22 4427 375 505 4428 673 22 4429 376 506 4430 684 682 4431 680 680 4432 682 681 4433 681 683 4434 684 682 4435 492 650 4436 724 688 4437 705 685 4438 702 687 4439 110 686 4440 705 685 4441 701 689 4442 724 688 4443 702 687 4444 706 691 4445 701 689 4446 724 688 4447 132 453 4448 699 695 4449 133 692 4450 725 694 4451 109 486 4452 699 695 4453 702 687 4454 725 694 4455 698 693 4456 707 697 4457 702 687 4458 725 694 4459 131 690 4460 695 701 4461 270 232 4462 726 698 4463 726 698 4464 696 233 4465 708 699 4466 697 703 4467 273 230 4468 727 700 4469 727 700 4470 692 231 4471 695 701 4472 703 704 4473 274 117 4474 728 702 4475 728 702 4476 700 228 4477 697 703 4478 698 693 4479 133 692 4480 729 706 4481 134 696 4482 698 693 4483 704 707 4484 729 706 4485 691 705 4486 694 708 4487 704 707 4488 729 706 4489 138 417 4490 135 490 4491 136 489 4492 719 709 4493 138 417 4494 718 711 4495 137 418 4496 730 716 4497 715 714 4498 716 715 4499 687 721 4500 715 714 4501 721 717 4502 720 719 4503 730 716 4504 688 718 4505 721 717 4506 730 716 4507 689 720 4508 714 782 4509 687 721 4510 731 722 4511 731 722 4512 721 717 4513 722 723 4514 732 725 4515 720 719 4516 717 724 4517 689 720 4518 720 719 4519 723 726 4520 711 727 4521 732 725 4522 140 443 4523 723 726 4524 732 725 4525 685 684 4526 722 723 4527 689 720 4528 733 728 4529 733 728 4530 723 726 4531 710 729 4532 736 734 4533 483 644 4534 759 733 4535 460 641 4536 736 734 4537 755 731 4538 759 733 4539 756 732 4540 734 736 4541 461 673 4542 755 731 4543 734 736 4544 734 736 4545 484 735 4546 760 738 4547 461 673 4548 734 736 4549 741 739 4550 760 738 4551 752 737 4552 738 741 4553 741 739 4554 760 738 4555 486 742 4556 761 744 4557 740 743 4558 744 240 4559 742 745 4560 761 744 4561 623 239 4562 762 746 4563 742 745 4564 753 238 4565 750 747 4566 762 746 4567 625 237 4568 763 748 4569 750 747 4570 735 236 4571 751 749 4572 763 748 4573 626 235 4574 764 751 4575 751 749 4576 748 750 4577 754 757 4578 764 751 4579 627 223 4580 743 754 4581 488 610 4582 765 753 4583 485 740 4584 743 754 4585 738 741 4586 765 753 4587 739 752 4588 737 756 4589 738 741 4590 765 753 4591 486 742 4592 683 764 4593 489 766 4594 768 768 4595 768 768 4596 766 767 4597 684 682 4598 490 675 4599 683 764 4600 767 769 4601 767 769 4602 768 768 4603 681 683 4604 622 761 4605 769 770 4606 745 760 4607 769 770 4608 740 743 4609 774 771 4610 745 760 4611 774 771 4612 621 759 4613 774 771 4614 761 744 4615 770 772 4616 746 758 4617 621 759 4618 775 773 4619 775 773 4620 770 772 4621 762 746 4622 624 678 4623 746 758 4624 771 774 4625 771 774 4626 775 773 4627 750 747 4628 747 762 4629 624 678 4630 776 775 4631 776 775 4632 771 774 4633 763 748 4634 380 674 4635 747 762 4636 772 776 4637 772 776 4638 776 775 4639 751 749 4640 749 730 4641 380 674 4642 777 777 4643 777 777 4644 772 776 4645 764 751 4646 381 668 4647 749 730 4648 773 778 4649 773 778 4650 777 777 4651 754 757 4652 490 675 4653 767 769 4654 622 761 4655 767 769 4656 681 683 4657 769 770 4658 690 785 4659 269 781 4660 785 784 4661 785 784 4662 778 783 4663 726 698 4664 271 488 4665 690 785 4666 781 786 4667 781 786 4668 785 784 4669 708 699 4670 272 679 4671 779 787 4672 709 780 4673 779 787 4674 697 703 4675 786 788 4676 709 780 4677 786 788 4678 269 781 4679 786 788 4680 727 700 4681 778 783 4682 28 310 4683 780 789 4684 693 779 4685 780 789 4686 703 704 4687 787 790 4688 693 779 4689 787 790 4690 272 679 4691 787 790 4692 728 702 4693 779 787 4694 136 489 4695 783 791 4696 712 712 4697 783 791 4698 714 782 4699 788 792 4700 712 712 4701 788 792 4702 686 710 4703 788 792 4704 731 722 4705 784 793 4706 686 710 4707 784 793 4708 713 713 4709 784 793 4710 722 723 4711 789 794 4712 713 713 4713 789 794 4714 137 418 4715 789 794 4716 733 728 4717 782 795 4718 136 489 4719 271 488 4720 783 791 4721 783 791 4722 781 786 4723 714 782 4724</p>
        </triangles>
      </mesh>
    </geometry>
  </library_geometries>
  <library_visual_scenes>
    <visual_scene id="Scene" name="Scene">
      <node id="Mouth" name="Mouth" type="NODE">
        <matrix sid="transform">0.04483016 0.04994806 -0.991449 0.8705217 -0.5704446 0.004567296 -0.07785609 0.003660635 5.01315e-4 0.7304979 0.06827746 0.5739567 0 0 0 1</matrix>
        <instance_geometry url="#Cilindro-mesh" name="Mouth">
          <bind_material>
            <technique_common>
              <instance_material symbol="mouth-material" target="#mouth-material"/>
            </technique_common>
          </bind_material>
        </instance_geometry>
      </node>
      <node id="LPupil" name="LPupil" type="NODE">
        <matrix sid="transform">0.4229194 0 0 0.7653573 0 0.6608838 0 -0.3953081 0 0 0.7354282 1.185778 0 0 0 1</matrix>
        <instance_geometry url="#Sfera_005-mesh" name="LPupil">
          <bind_material>
            <technique_common>
              <instance_material symbol="black_pupil-material" target="#black_pupil-material"/>
            </technique_common>
          </bind_material>
        </instance_geometry>
      </node>
      <node id="RPupil" name="RPupil" type="NODE">
        <matrix sid="transform">0.417726 0 0 0.7653573 0 0.661 0 0.4077336 0 0 0.735 1.185778 0 0 0 1</matrix>
        <instance_geometry url="#Sfera_004-mesh" name="RPupil">
          <bind_material>
            <technique_common>
              <instance_material symbol="black_pupil_001-material" target="#black_pupil_001-material"/>
            </technique_common>
          </bind_material>
        </instance_geometry>
      </node>
      <node id="REye" name="REye" type="NODE">
        <matrix sid="transform">-0.9512008 0.2012787 -0.04896103 0.7140917 -0.2795967 -0.6824613 -0.02526861 0.4222152 -0.0682885 -0.009408732 0.7854441 1.164839 0 0 0 1</matrix>
        <instance_geometry url="#Sfera_003-mesh" name="REye">
          <bind_material>
            <technique_common>
              <instance_material symbol="magenta_eyes_001-material" target="#magenta_eyes_001-material"/>
            </technique_common>
          </bind_material>
        </instance_geometry>
      </node>
      <node id="LEye" name="LEye" type="NODE">
        <matrix sid="transform">-0.9776952 -0.117437 -0.0550814 0.7140917 0.164528 -0.7017656 -0.001313026 -0.406086 -0.0682885 -0.009408729 0.7854441 1.164839 0 0 0 1</matrix>
        <instance_geometry url="#Sfera-mesh" name="LEye">
          <bind_material>
            <technique_common>
              <instance_material symbol="magenta_eyes-material" target="#magenta_eyes-material"/>
            </technique_common>
          </bind_material>
        </instance_geometry>
      </node>
      <node id="HeadPitch" name="HeadPitch" type="NODE">
        <matrix sid="transform">0.01 0 0 0 0 0.01 0 0 0 0 0.01 0 0 0 0 1</matrix>
        <instance_geometry url="#JULIETTE_OEIL_GA_JULI-mesh" name="HeadPitch">
          <bind_material>
            <technique_common>
              <instance_material symbol="face_tex-material" target="#face_tex-material"/>
              <instance_material symbol="milky_white-material" target="#milky_white-material"/>
              <instance_material symbol="ear_tex-material" target="#ear_tex-material"/>
              <instance_material symbol="shiny_white-material" target="#shiny_white-material"/>
            </technique_common>
          </bind_material>
        </instance_geometry>
      </node>
    </visual_scene>
  </library_visual_scenes>
  <scene>
    <instance_visual_scene url="#Scene"/>
  </scene>
</COLLADA>